0.011954,0.013057,0.0,0.013415,0.0,0.099553,0.099785,warm_cpu_to_active_process,NONE
0.009356,0.010485,0.0,0.010807,0.0,0.018907,0.019099,warm_cpu_to_active_process,NONE
0.008864,0.010067,0.0,0.010313,0.0,0.030701,0.030951,warm_cpu_to_active_process,NONE
0.009405,0.010279,0.0,0.010519,0.0,0.032686,0.032848,warm_cpu_to_active_process,NONE
0.008482,0.009525,0.0,0.009759,0.0,0.017603,0.017763,warm_cpu_to_active_process,NONE
0.011943,0.013647,0.0,0.013982,0.0,0.040441,0.040609,warm_cpu_to_active_process,NONE
0.008678,0.009691,0.0,0.009925,0.0,0.034658,0.034854,warm_cpu_to_active_process,NONE
0.012434,0.014521,0.0,0.014792,0.0,0.038095,0.038254,warm_cpu_to_active_process,NONE
0.0139,0.014939,0.0,0.015286,0.0,0.025069,0.025252,warm_cpu_to_active_process,NONE
0.009034,0.009993,0.0,0.01022,0.0,0.018246,0.018456,warm_cpu_to_active_process,NONE
0.008499,0.010033,0.0,0.010281,0.0,0.032095,0.032276,warm_cpu_to_active_process,NONE
0.156009,0.182548,0.0,0.182773,0.0,0.23539,0.235564,warm_cpu_to_active_process,NONE
0.111349,0.138735,0.0,0.13906,0.0,0.217364,0.21756,warm_cpu_to_active_process,NONE
0.135784,0.162937,0.0,0.163299,0.0,0.224674,0.224873,warm_cpu_to_active_process,NONE
0.087331,0.127223,0.0,0.12779,0.0,0.193916,0.194119,warm_cpu_to_active_process,NONE
0.129371,0.134994,0.0,0.135336,0.0,0.19576,0.195953,warm_cpu_to_active_process,NONE
0.160429,0.200989,0.0,0.201355,0.0,0.282641,0.282848,warm_cpu_to_active_process,NONE
0.138309,0.154063,0.0,0.154335,0.0,0.205686,0.20584,warm_cpu_to_active_process,NONE
0.135023,0.153645,0.0,0.153997,0.0,0.214872,0.215067,warm_cpu_to_active_process,NONE
0.13087,0.148926,0.0,0.149176,0.0,0.231468,0.23161,warm_cpu_to_active_process,NONE
0.108806,0.127999,0.0,0.128374,0.0,0.19429,0.194477,warm_cpu_to_active_process,NONE
0.131891,0.148898,0.0,0.149242,0.0,0.18583,0.186018,warm_cpu_to_active_process,NONE
0.102119,0.152952,0.0,0.153258,0.0,0.230609,0.230838,warm_cpu_to_active_process,NONE
0.098643,0.132728,0.0,0.13302,0.0,0.219241,0.219389,warm_cpu_to_active_process,NONE
0.132232,0.174533,0.0,0.174754,0.0,0.246169,0.246343,warm_cpu_to_active_process,NONE
0.1001,0.124613,0.0,0.124939,0.0,0.17503,0.175228,warm_cpu_to_active_process,NONE
0.133589,0.146376,0.0,0.146689,0.0,0.242523,0.242748,warm_cpu_to_active_process,NONE
0.127975,0.154997,0.0,0.155365,0.0,0.214807,0.215009,warm_cpu_to_active_process,NONE
0.143613,0.16977,0.0,0.17013,0.0,0.228641,0.228834,warm_cpu_to_active_process,NONE
0.139835,0.148137,0.0,0.148443,0.0,0.215518,0.215727,warm_cpu_to_active_process,NONE
0.145976,0.157474,0.0,0.157797,0.0,0.237446,0.23766,warm_cpu_to_active_process,NONE
0.135806,0.155308,0.0,0.155562,0.0,0.245088,0.24529,warm_cpu_to_active_process,NONE
0.114124,0.152414,0.0,0.152737,0.0,0.21302,0.213218,warm_cpu_to_active_process,NONE
0.139241,0.175802,0.0,0.176039,0.0,0.243527,0.243714,warm_cpu_to_active_process,NONE
0.120955,0.147872,0.0,0.148115,0.0,0.222886,0.223076,warm_cpu_to_active_process,NONE
0.127655,0.153165,0.0,0.153507,0.0,0.220414,0.220621,warm_cpu_to_active_process,NONE
0.148551,0.156183,0.0,0.15651,0.0,0.248767,0.248971,warm_cpu_to_active_process,NONE
0.137466,0.153913,0.0,0.15424,0.0,0.230152,0.230373,warm_cpu_to_active_process,NONE
0.11872,0.153379,0.0,0.153915,0.0,0.235568,0.235754,warm_cpu_to_active_process,NONE
0.108112,0.118725,0.0,0.119023,0.0,0.166446,0.166654,warm_cpu_to_active_process,NONE
0.109664,0.145802,0.0,0.146175,0.0,0.222336,0.2225,warm_cpu_to_active_process,NONE
0.118551,0.148472,0.0,0.148875,0.0,0.245153,0.245353,warm_cpu_to_active_process,NONE
0.166139,0.201845,0.0,0.202318,0.0,0.270367,0.270559,warm_cpu_to_active_process,NONE
0.123859,0.147986,0.0,0.14832,0.0,0.202065,0.202287,warm_cpu_to_active_process,NONE
0.127243,0.151061,0.0,0.151422,0.0,0.193742,0.193933,warm_cpu_to_active_process,NONE
0.107913,0.128822,0.0,0.129147,0.0,0.180316,0.180533,warm_cpu_to_active_process,NONE
0.1409,0.175905,0.0,0.17632,0.0,0.233467,0.233703,warm_cpu_to_active_process,NONE
0.13471,0.149422,0.0,0.14974,0.0,0.208008,0.208191,warm_cpu_to_active_process,NONE
0.121058,0.136843,0.0,0.137144,0.0,0.225674,0.22595,warm_cpu_to_active_process,NONE
0.136444,0.180487,0.0,0.180842,0.0,0.264846,0.265049,warm_cpu_to_active_process,NONE
0.125848,0.156899,0.0,0.157259,0.0,0.21157,0.211762,warm_cpu_to_active_process,NONE
0.120769,0.153748,0.0,0.154094,0.0,0.219356,0.219537,warm_cpu_to_active_process,NONE
0.143211,0.175811,0.0,0.176102,0.0,0.23608,0.236264,warm_cpu_to_active_process,NONE
0.158174,0.206442,0.0,0.206813,0.0,0.265295,0.265498,warm_cpu_to_active_process,NONE
0.144315,0.161976,0.0,0.162304,0.0,0.220236,0.220522,warm_cpu_to_active_process,NONE
0.135999,0.171459,0.0,0.171698,0.0,0.250388,0.250543,warm_cpu_to_active_process,NONE
0.139308,0.15511,0.0,0.15542,0.0,0.201671,0.201858,warm_cpu_to_active_process,NONE
0.147417,0.177992,0.0,0.178221,0.0,0.241817,0.241965,warm_cpu_to_active_process,NONE
0.09755,0.117552,0.0,0.117857,0.0,0.185895,0.186113,warm_cpu_to_active_process,NONE
0.123908,0.154252,0.0,0.154733,0.0,0.191391,0.191575,warm_cpu_to_active_process,NONE
0.142571,0.183342,0.0,0.183704,0.0,0.211885,0.212069,warm_cpu_to_active_process,NONE
0.139118,0.154577,0.0,0.154889,0.0,0.196757,0.196906,warm_cpu_to_active_process,NONE
0.111691,0.152742,0.0,0.153214,0.0,0.208214,0.208424,warm_cpu_to_active_process,NONE
0.124923,0.145472,0.0,0.145871,0.0,0.199479,0.199644,warm_cpu_to_active_process,NONE
0.146897,0.177464,0.0,0.177882,0.0,0.248591,0.248777,warm_cpu_to_active_process,NONE
0.159386,0.183896,0.0,0.184256,0.0,0.268763,0.268969,warm_cpu_to_active_process,NONE
0.12872,0.17104,0.0,0.171409,0.0,0.27974,0.279945,warm_cpu_to_active_process,NONE
0.133516,0.159352,0.0,0.159713,0.0,0.212943,0.213154,warm_cpu_to_active_process,NONE
0.129301,0.148264,0.0,0.148543,0.0,0.211227,0.211406,warm_cpu_to_active_process,NONE
0.146216,0.155475,0.0,0.155786,0.0,0.206449,0.206626,warm_cpu_to_active_process,NONE
0.140969,0.168822,0.0,0.16914,0.0,0.240221,0.240424,warm_cpu_to_active_process,NONE
0.157314,0.168106,0.0,0.168461,0.0,0.211166,0.211358,warm_cpu_to_active_process,NONE
0.104766,0.115346,0.0,0.115602,0.0,0.168781,0.168984,warm_cpu_to_active_process,NONE
0.155861,0.174671,0.0,0.174981,0.0,0.255532,0.255739,warm_cpu_to_active_process,NONE
0.100068,0.12525,0.0,0.125528,0.0,0.181913,0.182072,warm_cpu_to_active_process,NONE
0.135432,0.163305,0.0,0.16367,0.0,0.226827,0.226978,warm_cpu_to_active_process,NONE
0.146379,0.192815,0.0,0.19318,0.0,0.272575,0.272781,warm_cpu_to_active_process,NONE
0.144776,0.169684,0.0,0.170068,0.0,0.234833,0.235008,warm_cpu_to_active_process,NONE
0.15203,0.171531,0.0,0.171846,0.0,0.240205,0.240433,warm_cpu_to_active_process,NONE
0.151602,0.18848,0.0,0.188897,0.0,0.220421,0.220586,warm_cpu_to_active_process,NONE
0.13938,0.150924,0.0,0.151298,0.0,0.189596,0.189804,warm_cpu_to_active_process,NONE
0.099094,0.113007,0.0,0.113329,0.0,0.205078,0.205229,warm_cpu_to_active_process,NONE
0.129564,0.148582,0.0,0.148893,0.0,0.209065,0.209249,warm_cpu_to_active_process,NONE
0.201462,0.239953,0.0,0.240322,0.0,0.293705,0.293914,warm_cpu_to_active_process,NONE
0.114711,0.156786,0.0,0.157327,0.0,0.23419,0.234388,warm_cpu_to_active_process,NONE
0.115248,0.145998,0.0,0.146308,0.0,0.218183,0.218398,warm_cpu_to_active_process,NONE
0.123712,0.128707,0.0,0.129047,0.0,0.181815,0.181999,warm_cpu_to_active_process,NONE
0.127569,0.165936,0.0,0.166291,0.0,0.241963,0.242158,warm_cpu_to_active_process,NONE
0.135735,0.15282,0.0,0.153137,0.0,0.209274,0.209449,warm_cpu_to_active_process,NONE
0.112377,0.132499,0.0,0.132809,0.0,0.198221,0.198406,warm_cpu_to_active_process,NONE
0.140327,0.155584,0.0,0.15594,0.0,0.198931,0.199093,warm_cpu_to_active_process,NONE
0.122903,0.14541,0.0,0.145767,0.0,0.227402,0.227597,warm_cpu_to_active_process,NONE
0.110897,0.152124,0.0,0.152384,0.0,0.220435,0.220607,warm_cpu_to_active_process,NONE
0.113654,0.147893,0.0,0.148267,0.0,0.194381,0.194567,warm_cpu_to_active_process,NONE
0.137789,0.151123,0.0,0.151473,0.0,0.221865,0.222068,warm_cpu_to_active_process,NONE
0.131806,0.160258,0.0,0.160625,0.0,0.220295,0.220518,warm_cpu_to_active_process,NONE
0.112727,0.129227,0.0,0.129577,0.0,0.17224,0.172463,warm_cpu_to_active_process,NONE
0.143008,0.202662,0.0,0.203114,0.0,0.287253,0.287457,warm_cpu_to_active_process,NONE
0.114469,0.127995,0.0,0.128307,0.0,0.193041,0.193245,warm_cpu_to_active_process,NONE
0.133279,0.1544,0.0,0.154726,0.0,0.238396,0.238592,warm_cpu_to_active_process,NONE
0.178119,0.194636,0.0,0.195037,0.0,0.195064,1.182391,respond_time_warm_cpu,360P
0.122627,0.140576,0.0,0.140966,0.0,0.140991,1.305998,respond_time_warm_cpu,360P
0.125499,0.157519,0.0,0.158132,0.0,0.158163,1.20562,respond_time_warm_cpu,360P
0.136425,0.145169,0.0,0.145567,0.0,0.145593,1.298284,respond_time_warm_cpu,360P
0.140892,0.162287,0.0,0.162597,0.0,0.162617,1.19932,respond_time_warm_cpu,360P
0.116881,0.132375,0.0,0.132848,0.0,0.132872,1.297325,respond_time_warm_cpu,360P
0.141077,0.161384,0.0,0.16171,0.0,0.161729,1.107962,respond_time_warm_cpu,360P
0.101554,0.131483,0.0,0.131929,0.0,0.131971,1.061748,respond_time_warm_cpu,360P
0.128457,0.157513,0.0,0.157952,0.0,0.157982,1.194329,respond_time_warm_cpu,360P
0.136899,0.167091,0.0,0.167362,0.0,0.167382,1.187645,respond_time_warm_cpu,360P
0.142156,0.154516,0.0,0.154818,0.0,0.154836,1.041995,respond_time_warm_cpu,360P
0.118448,0.133825,0.0,0.134278,0.0,0.134304,1.263882,respond_time_warm_cpu,360P
0.129945,0.151932,0.0,0.152286,0.0,0.15238,1.227036,respond_time_warm_cpu,360P
0.129099,0.163621,0.0,0.164022,0.0,0.164051,1.071756,respond_time_warm_cpu,360P
0.127174,0.164755,0.0,0.16518,0.0,0.165205,1.239684,respond_time_warm_cpu,360P
0.168412,0.209439,0.0,0.209893,0.0,0.209923,1.202093,respond_time_warm_cpu,360P
0.091468,0.119175,0.0,0.119586,0.0,0.119614,1.216992,respond_time_warm_cpu,360P
0.158356,0.186066,0.0,0.1865,0.0,0.186529,1.272764,respond_time_warm_cpu,360P
0.142051,0.189482,0.0,0.189918,0.0,0.189949,1.1886,respond_time_warm_cpu,360P
0.163343,0.202762,0.0,0.203205,0.0,0.203235,1.240543,respond_time_warm_cpu,360P
0.151573,0.179945,0.0,0.180397,0.0,0.180428,1.225573,respond_time_warm_cpu,360P
0.143048,0.171798,0.0,0.172273,0.0,0.172301,1.255695,respond_time_warm_cpu,360P
0.137885,0.164034,0.0,0.164473,0.0,0.1645,1.160074,respond_time_warm_cpu,360P
0.129403,0.160174,0.0,0.16056,0.0,0.160585,1.212748,respond_time_warm_cpu,360P
0.122744,0.148135,0.0,0.148409,0.0,0.148425,1.370215,respond_time_warm_cpu,360P
0.138465,0.150468,0.0,0.15086,0.0,0.150887,1.187805,respond_time_warm_cpu,360P
0.111203,0.150112,0.0,0.150577,0.0,0.150608,1.143308,respond_time_warm_cpu,360P
0.122152,0.162091,0.0,0.162622,0.0,0.162662,1.177531,respond_time_warm_cpu,360P
0.112614,0.159404,0.0,0.159859,0.0,0.159889,1.156723,respond_time_warm_cpu,360P
0.122811,0.144271,0.0,0.144659,0.0,0.144686,1.542979,respond_time_warm_cpu,360P
0.121365,0.172285,0.0,0.17272,0.0,0.17275,1.234215,respond_time_warm_cpu,360P
0.171592,0.199958,0.0,0.200223,0.0,0.200239,1.115756,respond_time_warm_cpu,360P
0.109558,0.148886,0.0,0.149214,0.0,0.149237,1.061712,respond_time_warm_cpu,360P
0.137113,0.170458,0.0,0.170999,0.0,0.171032,1.220578,respond_time_warm_cpu,360P
0.148474,0.15912,0.0,0.159585,0.0,0.159612,1.230823,respond_time_warm_cpu,360P
0.131641,0.158034,0.0,0.158342,0.0,0.158361,1.204505,respond_time_warm_cpu,360P
0.143326,0.164405,0.0,0.164777,0.0,0.164801,1.282097,respond_time_warm_cpu,360P
0.104905,0.129535,0.0,0.129814,0.0,0.12983,1.133968,respond_time_warm_cpu,360P
0.137631,0.17475,0.0,0.175175,0.0,0.175204,1.318442,respond_time_warm_cpu,360P
0.117391,0.139612,0.0,0.140047,0.0,0.140076,1.129421,respond_time_warm_cpu,360P
0.122988,0.152045,0.0,0.152485,0.0,0.152515,1.185786,respond_time_warm_cpu,360P
0.139474,0.177756,0.0,0.17826,0.0,0.178291,1.329709,respond_time_warm_cpu,360P
0.117489,0.147539,0.0,0.147984,0.0,0.148012,1.230324,respond_time_warm_cpu,360P
0.104976,0.111119,0.0,0.111496,0.0,0.11152,1.281103,respond_time_warm_cpu,360P
0.151885,0.173145,0.0,0.173438,0.0,0.173458,1.096857,respond_time_warm_cpu,360P
0.103501,0.133487,0.0,0.134018,0.0,0.13405,1.345695,respond_time_warm_cpu,360P
0.14986,0.177695,0.0,0.178136,0.0,0.178166,1.224653,respond_time_warm_cpu,360P
0.135981,0.175679,0.0,0.176001,0.0,0.176023,1.096,respond_time_warm_cpu,360P
0.138084,0.163301,0.0,0.163851,0.0,0.163877,1.224382,respond_time_warm_cpu,360P
0.150993,0.178848,0.0,0.179434,0.0,0.179464,1.133969,respond_time_warm_cpu,360P
0.113985,0.142017,0.0,0.142347,0.0,0.142369,1.266073,respond_time_warm_cpu,360P
0.135012,0.146281,0.0,0.146709,0.0,0.146738,1.347084,respond_time_warm_cpu,360P
0.114316,0.152354,0.0,0.152804,0.0,0.152835,1.211437,respond_time_warm_cpu,360P
0.143259,0.164078,0.0,0.164477,0.0,0.164503,1.213261,respond_time_warm_cpu,360P
0.137713,0.174701,0.0,0.175147,0.0,0.175179,1.256757,respond_time_warm_cpu,360P
0.122369,0.143364,0.0,0.143768,0.0,0.143794,1.037098,respond_time_warm_cpu,360P
0.170517,0.197849,0.0,0.198114,0.0,0.198129,1.250829,respond_time_warm_cpu,360P
0.115405,0.160725,0.0,0.161264,0.0,0.161296,1.35388,respond_time_warm_cpu,360P
0.122132,0.13467,0.0,0.135131,0.0,0.135159,1.024941,respond_time_warm_cpu,360P
0.116569,0.140316,0.0,0.140663,0.0,0.140688,1.234934,respond_time_warm_cpu,360P
0.126887,0.164422,0.0,0.164955,0.0,0.164986,1.201628,respond_time_warm_cpu,360P
0.145491,0.183022,0.0,0.183478,0.0,0.183506,1.298176,respond_time_warm_cpu,360P
0.119496,0.144078,0.0,0.144534,0.0,0.14456,1.091609,respond_time_warm_cpu,360P
0.138103,0.167794,0.0,0.168146,0.0,0.16818,1.175326,respond_time_warm_cpu,360P
0.122653,0.150077,0.0,0.150417,0.0,0.150437,1.247647,respond_time_warm_cpu,360P
0.124678,0.142477,0.0,0.142774,0.0,0.142792,1.290969,respond_time_warm_cpu,360P
0.104951,0.119762,0.0,0.120148,0.0,0.120173,1.181755,respond_time_warm_cpu,360P
0.124866,0.153532,0.0,0.153955,0.0,0.153985,1.274432,respond_time_warm_cpu,360P
0.142189,0.148613,0.0,0.148902,0.0,0.14892,1.306202,respond_time_warm_cpu,360P
0.105456,0.134502,0.0,0.134957,0.0,0.134987,1.210362,respond_time_warm_cpu,360P
0.140518,0.174648,0.0,0.174964,0.0,0.175003,1.354035,respond_time_warm_cpu,360P
0.140719,0.172756,0.0,0.173256,0.0,0.173287,1.160692,respond_time_warm_cpu,360P
0.158381,0.179066,0.0,0.179621,0.0,0.179662,1.236048,respond_time_warm_cpu,360P
0.127244,0.138907,0.0,0.139243,0.0,0.139265,1.212389,respond_time_warm_cpu,360P
0.146362,0.184283,0.0,0.184723,0.0,0.184753,1.376585,respond_time_warm_cpu,360P
0.138871,0.178605,0.0,0.179045,0.0,0.179078,1.266749,respond_time_warm_cpu,360P
0.11695,0.13676,0.0,0.137302,0.0,0.137335,1.287613,respond_time_warm_cpu,360P
0.126542,0.148501,0.0,0.148796,0.0,0.148816,1.194666,respond_time_warm_cpu,360P
0.140717,0.157034,0.0,0.157421,0.0,0.157446,1.333431,respond_time_warm_cpu,360P
0.118851,0.140666,0.0,0.141099,0.0,0.141141,1.202262,respond_time_warm_cpu,360P
0.125157,0.15023,0.0,0.15067,0.0,0.150699,1.073683,respond_time_warm_cpu,360P
0.118067,0.158264,0.0,0.158706,0.0,0.158737,1.036742,respond_time_warm_cpu,360P
0.1515,0.190251,0.0,0.190651,0.0,0.190677,1.262563,respond_time_warm_cpu,360P
0.148369,0.175452,0.0,0.175894,0.0,0.175923,1.309523,respond_time_warm_cpu,360P
0.172786,0.207014,0.0,0.207468,0.0,0.207499,1.39184,respond_time_warm_cpu,360P
0.127352,0.150333,0.0,0.150641,0.0,0.150661,1.342294,respond_time_warm_cpu,360P
0.12983,0.145984,0.0,0.146388,0.0,0.146414,1.129856,respond_time_warm_cpu,360P
0.116707,0.137356,0.0,0.137823,0.0,0.13785,1.126589,respond_time_warm_cpu,360P
0.155273,0.177095,0.0,0.177484,0.0,0.177509,1.327044,respond_time_warm_cpu,360P
0.117534,0.137701,0.0,0.138288,0.0,0.13832,1.190767,respond_time_warm_cpu,360P
0.152837,0.177409,0.0,0.177726,0.0,0.177747,1.299206,respond_time_warm_cpu,360P
0.138581,0.158673,0.0,0.158962,0.0,0.158981,1.200742,respond_time_warm_cpu,360P
0.127952,0.137778,0.0,0.138065,0.0,0.138084,1.1063,respond_time_warm_cpu,360P
0.098462,0.1308,0.0,0.131275,0.0,0.131307,1.436468,respond_time_warm_cpu,360P
0.137393,0.167051,0.0,0.167368,0.0,0.167389,1.100627,respond_time_warm_cpu,360P
0.157843,0.204934,0.0,0.205229,0.0,0.205247,1.312037,respond_time_warm_cpu,360P
0.140541,0.162675,0.0,0.163073,0.0,0.163099,1.181448,respond_time_warm_cpu,360P
0.128259,0.153232,0.0,0.153667,0.0,0.153697,1.369398,respond_time_warm_cpu,360P
0.138059,0.167689,0.0,0.168291,0.0,0.168322,1.292032,respond_time_warm_cpu,360P
0.130958,0.16711,0.0,0.167537,0.0,0.167567,4.081508,respond_time_warm_cpu,480P
0.126815,0.139115,0.0,0.139427,0.0,0.139446,2.008085,respond_time_warm_cpu,480P
0.129413,0.151505,0.0,0.151905,0.0,0.151933,2.03636,respond_time_warm_cpu,480P
0.100458,0.113132,0.0,0.113528,0.0,0.113554,2.454968,respond_time_warm_cpu,480P
0.135627,0.15273,0.0,0.153081,0.0,0.153103,1.944068,respond_time_warm_cpu,480P
0.136689,0.155061,0.0,0.155343,0.0,0.155361,1.987334,respond_time_warm_cpu,480P
0.126903,0.16888,0.0,0.16928,0.0,0.169306,2.022213,respond_time_warm_cpu,480P
0.147109,0.189073,0.0,0.189542,0.0,0.189572,2.21801,respond_time_warm_cpu,480P
0.133265,0.151781,0.0,0.152219,0.0,0.152245,1.852328,respond_time_warm_cpu,480P
0.119676,0.15655,0.0,0.157013,0.0,0.157045,1.870875,respond_time_warm_cpu,480P
0.129468,0.164203,0.0,0.164635,0.0,0.164664,2.835796,respond_time_warm_cpu,480P
0.151702,0.186904,0.0,0.187294,0.0,0.187321,3.696272,respond_time_warm_cpu,480P
0.104589,0.12008,0.0,0.120462,0.0,0.120487,2.337689,respond_time_warm_cpu,480P
0.146543,0.168245,0.0,0.168672,0.0,0.168846,4.21491,respond_time_warm_cpu,480P
0.124001,0.150302,0.0,0.150741,0.0,0.150766,2.688808,respond_time_warm_cpu,480P
0.118227,0.147435,0.0,0.147845,0.0,0.147871,1.266693,respond_time_warm_cpu,480P
0.096735,0.11554,0.0,0.115979,0.0,0.116003,1.265117,respond_time_warm_cpu,480P
0.119968,0.150052,0.0,0.150562,0.0,0.150594,1.200459,respond_time_warm_cpu,480P
0.122757,0.147519,0.0,0.147959,0.0,0.14799,1.385631,respond_time_warm_cpu,480P
0.154823,0.185732,0.0,0.186141,0.0,0.186168,1.403268,respond_time_warm_cpu,480P
0.127814,0.146657,0.0,0.147052,0.0,0.147078,1.269557,respond_time_warm_cpu,480P
0.152934,0.176906,0.0,0.177317,0.0,0.177343,1.265729,respond_time_warm_cpu,480P
0.154892,0.175786,0.0,0.176229,0.0,0.176259,1.299224,respond_time_warm_cpu,480P
0.129609,0.148217,0.0,0.148612,0.0,0.148638,1.257537,respond_time_warm_cpu,480P
0.143089,0.176208,0.0,0.176659,0.0,0.176689,1.273844,respond_time_warm_cpu,480P
0.122549,0.152307,0.0,0.152757,0.0,0.152787,1.30874,respond_time_warm_cpu,480P
0.149638,0.185026,0.0,0.185351,0.0,0.185372,1.272288,respond_time_warm_cpu,480P
0.144817,0.166326,0.0,0.166714,0.0,0.166739,1.359076,respond_time_warm_cpu,480P
0.153502,0.175534,0.0,0.175923,0.0,0.175949,1.449858,respond_time_warm_cpu,480P
0.126778,0.144657,0.0,0.145053,0.0,0.145079,1.240184,respond_time_warm_cpu,480P
0.118688,0.151545,0.0,0.152,0.0,0.152031,1.172935,respond_time_warm_cpu,480P
0.136552,0.175235,0.0,0.175645,0.0,0.17567,1.383606,respond_time_warm_cpu,480P
0.115539,0.149254,0.0,0.149786,0.0,0.149816,1.307819,respond_time_warm_cpu,480P
0.166435,0.208239,0.0,0.208687,0.0,0.208718,1.561997,respond_time_warm_cpu,480P
0.131036,0.166377,0.0,0.166815,0.0,0.166844,1.414342,respond_time_warm_cpu,480P
0.125279,0.155697,0.0,0.156143,0.0,0.156173,1.300174,respond_time_warm_cpu,480P
0.101891,0.136868,0.0,0.137322,0.0,0.137352,1.530503,respond_time_warm_cpu,480P
0.145192,0.177485,0.0,0.177929,0.0,0.177959,1.219931,respond_time_warm_cpu,480P
0.128943,0.163214,0.0,0.163837,0.0,0.163867,1.345034,respond_time_warm_cpu,480P
0.130542,0.154834,0.0,0.155226,0.0,0.155251,1.368763,respond_time_warm_cpu,480P
0.102763,0.139471,0.0,0.139918,0.0,0.139948,1.320158,respond_time_warm_cpu,480P
0.132772,0.171706,0.0,0.17214,0.0,0.172179,1.285238,respond_time_warm_cpu,480P
0.136247,0.162173,0.0,0.162622,0.0,0.162652,1.276799,respond_time_warm_cpu,480P
0.133786,0.160335,0.0,0.16074,0.0,0.160766,1.542805,respond_time_warm_cpu,480P
0.119236,0.143223,0.0,0.143612,0.0,0.143637,1.279946,respond_time_warm_cpu,480P
0.141902,0.174493,0.0,0.174955,0.0,0.174984,1.491231,respond_time_warm_cpu,480P
0.131561,0.168324,0.0,0.168648,0.0,0.168671,1.3892,respond_time_warm_cpu,480P
0.137787,0.156586,0.0,0.156972,0.0,0.156998,1.397492,respond_time_warm_cpu,480P
0.15188,0.180928,0.0,0.181372,0.0,0.181402,1.363896,respond_time_warm_cpu,480P
0.149799,0.180083,0.0,0.180524,0.0,0.180553,1.303107,respond_time_warm_cpu,480P
0.136197,0.149213,0.0,0.1496,0.0,0.149624,1.308563,respond_time_warm_cpu,480P
0.166268,0.199562,0.0,0.200009,0.0,0.200037,1.326595,respond_time_warm_cpu,480P
0.130241,0.179392,0.0,0.179849,0.0,0.179879,1.317475,respond_time_warm_cpu,480P
0.13376,0.148033,0.0,0.148309,0.0,0.148328,1.22224,respond_time_warm_cpu,480P
0.133866,0.162977,0.0,0.163407,0.0,0.163436,1.485087,respond_time_warm_cpu,480P
0.127548,0.144544,0.0,0.144951,0.0,0.144972,1.345948,respond_time_warm_cpu,480P
0.146938,0.171125,0.0,0.171442,0.0,0.17146,1.166352,respond_time_warm_cpu,480P
0.159518,0.186694,0.0,0.187084,0.0,0.18711,1.331103,respond_time_warm_cpu,480P
0.146461,0.172933,0.0,0.173319,0.0,0.173344,1.307259,respond_time_warm_cpu,480P
0.140828,0.168722,0.0,0.169122,0.0,0.169148,1.147068,respond_time_warm_cpu,480P
0.131518,0.166867,0.0,0.167309,0.0,0.167339,1.25524,respond_time_warm_cpu,480P
0.140161,0.158843,0.0,0.159155,0.0,0.159174,1.493058,respond_time_warm_cpu,480P
0.128112,0.162856,0.0,0.163347,0.0,0.163378,1.776836,respond_time_warm_cpu,480P
0.123319,0.146961,0.0,0.147404,0.0,0.147435,1.593336,respond_time_warm_cpu,480P
0.126107,0.150551,0.0,0.151007,0.0,0.151034,1.250929,respond_time_warm_cpu,480P
0.13203,0.165733,0.0,0.166173,0.0,0.166204,1.307468,respond_time_warm_cpu,480P
0.133975,0.157713,0.0,0.158026,0.0,0.158043,1.392688,respond_time_warm_cpu,480P
0.13023,0.144106,0.0,0.14437,0.0,0.144386,1.567604,respond_time_warm_cpu,480P
0.110849,0.151537,0.0,0.152076,0.0,0.152113,1.280653,respond_time_warm_cpu,480P
0.133076,0.141479,0.0,0.141859,0.0,0.141884,1.172068,respond_time_warm_cpu,480P
0.132689,0.154257,0.0,0.154556,0.0,0.154576,1.282352,respond_time_warm_cpu,480P
0.146865,0.182813,0.0,0.183267,0.0,0.183297,1.309695,respond_time_warm_cpu,480P
0.143866,0.1536,0.0,0.153974,0.0,0.154001,1.453265,respond_time_warm_cpu,480P
0.136618,0.183256,0.0,0.183693,0.0,0.183723,1.441028,respond_time_warm_cpu,480P
0.112567,0.1439,0.0,0.14435,0.0,0.144374,1.234338,respond_time_warm_cpu,480P
0.137808,0.152189,0.0,0.152583,0.0,0.152608,1.229441,respond_time_warm_cpu,480P
0.128307,0.159442,0.0,0.159719,0.0,0.159735,1.13169,respond_time_warm_cpu,480P
0.132734,0.157116,0.0,0.157626,0.0,0.157656,1.306508,respond_time_warm_cpu,480P
0.153759,0.170958,0.0,0.171333,0.0,0.171359,1.122951,respond_time_warm_cpu,480P
0.150065,0.182397,0.0,0.182741,0.0,0.182762,1.36997,respond_time_warm_cpu,480P
0.12166,0.15548,0.0,0.155919,0.0,0.155949,1.13111,respond_time_warm_cpu,480P
0.093059,0.123983,0.0,0.124435,0.0,0.124465,1.386256,respond_time_warm_cpu,480P
0.129042,0.152227,0.0,0.152658,0.0,0.152688,1.104357,respond_time_warm_cpu,480P
0.115367,0.130359,0.0,0.130758,0.0,0.130796,1.319246,respond_time_warm_cpu,480P
0.124588,0.140685,0.0,0.141009,0.0,0.141031,1.428863,respond_time_warm_cpu,480P
0.139253,0.171025,0.0,0.171404,0.0,0.171429,1.594079,respond_time_warm_cpu,480P
0.12703,0.17089,0.0,0.171239,0.0,0.171259,1.316009,respond_time_warm_cpu,480P
0.12464,0.141482,0.0,0.141878,0.0,0.141904,1.472535,respond_time_warm_cpu,480P
0.128455,0.149963,0.0,0.150355,0.0,0.15038,1.526703,respond_time_warm_cpu,480P
0.131033,0.155964,0.0,0.156407,0.0,0.156437,1.364523,respond_time_warm_cpu,480P
0.118556,0.161293,0.0,0.161748,0.0,0.161779,1.400132,respond_time_warm_cpu,480P
0.125786,0.158263,0.0,0.158713,0.0,0.158744,1.494625,respond_time_warm_cpu,480P
0.143435,0.150299,0.0,0.150683,0.0,0.150708,1.393182,respond_time_warm_cpu,480P
0.173362,0.218943,0.0,0.219388,0.0,0.219417,1.560508,respond_time_warm_cpu,480P
0.11628,0.130963,0.0,0.131347,0.0,0.131372,1.242955,respond_time_warm_cpu,480P
0.135045,0.166023,0.0,0.166476,0.0,0.166504,1.353556,respond_time_warm_cpu,480P
0.155755,0.164582,0.0,0.164976,0.0,0.165002,1.43742,respond_time_warm_cpu,480P
0.148652,0.183009,0.0,0.183305,0.0,0.183323,1.473917,respond_time_warm_cpu,480P
0.135669,0.155379,0.0,0.155824,0.0,0.15585,1.488333,respond_time_warm_cpu,480P
0.133076,0.1647,0.0,0.165129,0.0,0.165159,1.458358,respond_time_warm_cpu,480P
0.119463,0.140373,0.0,0.140805,0.0,0.140832,1.891367,respond_time_warm_cpu,HD
0.140146,0.159937,0.0,0.160327,0.0,0.160353,2.082738,respond_time_warm_cpu,HD
0.151696,0.177898,0.0,0.178214,0.0,0.178234,1.80818,respond_time_warm_cpu,HD
0.116786,0.147276,0.0,0.147719,0.0,0.147752,2.452389,respond_time_warm_cpu,HD
0.158209,0.179073,0.0,0.179459,0.0,0.179484,1.934973,respond_time_warm_cpu,HD
0.127664,0.152552,0.0,0.15301,0.0,0.153039,2.13633,respond_time_warm_cpu,HD
0.142378,0.155157,0.0,0.155595,0.0,0.155623,2.045915,respond_time_warm_cpu,HD
0.123154,0.152341,0.0,0.152788,0.0,0.152819,2.05308,respond_time_warm_cpu,HD
0.131079,0.152654,0.0,0.152985,0.0,0.153004,2.100255,respond_time_warm_cpu,HD
0.139859,0.170524,0.0,0.170977,0.0,0.171007,1.898278,respond_time_warm_cpu,HD
0.107525,0.143198,0.0,0.143812,0.0,0.143854,2.072982,respond_time_warm_cpu,HD
0.119696,0.131073,0.0,0.131392,0.0,0.131415,2.277185,respond_time_warm_cpu,HD
0.13798,0.161607,0.0,0.162045,0.0,0.162075,3.100466,respond_time_warm_cpu,HD
0.154873,0.172494,0.0,0.17288,0.0,0.172906,4.591113,respond_time_warm_cpu,HD
0.120503,0.150368,0.0,0.150765,0.0,0.150791,8.838861,respond_time_warm_cpu,HD
0.138177,0.158822,0.0,0.159278,0.0,0.15931,3.762897,respond_time_warm_cpu,HD
0.137999,0.17185,0.0,0.172306,0.0,0.172335,3.757113,respond_time_warm_cpu,HD
0.138994,0.182551,0.0,0.183448,0.0,0.183484,3.257876,respond_time_warm_cpu,HD
0.155344,0.181099,0.0,0.181491,0.0,0.181518,3.026137,respond_time_warm_cpu,HD
0.136161,0.161776,0.0,0.162262,0.0,0.162306,2.898601,respond_time_warm_cpu,HD
0.143966,0.164167,0.0,0.164551,0.0,0.164571,3.815565,respond_time_warm_cpu,HD
0.149941,0.179264,0.0,0.179657,0.0,0.179682,5.334954,respond_time_warm_cpu,HD
0.157032,0.162856,0.0,0.163229,0.0,0.163254,7.38882,respond_time_warm_cpu,HD
0.149919,0.180804,0.0,0.181241,0.0,0.181269,7.848465,respond_time_warm_cpu,HD
0.113983,0.140502,0.0,0.140949,0.0,0.140984,4.391476,respond_time_warm_cpu,HD
0.12868,0.156697,0.0,0.157092,0.0,0.157117,1.511921,respond_time_warm_cpu,HD
0.124652,0.154034,0.0,0.154343,0.0,0.154361,2.504061,respond_time_warm_cpu,HD
0.105761,0.135162,0.0,0.135451,0.0,0.13547,1.82813,respond_time_warm_cpu,HD
0.110758,0.145521,0.0,0.145974,0.0,0.146005,2.093741,respond_time_warm_cpu,HD
0.115767,0.132944,0.0,0.133332,0.0,0.133357,2.15541,respond_time_warm_cpu,HD
0.166997,0.209092,0.0,0.209536,0.0,0.209565,2.03622,respond_time_warm_cpu,HD
0.161787,0.177576,0.0,0.177973,0.0,0.177998,2.02862,respond_time_warm_cpu,HD
0.155754,0.191247,0.0,0.191639,0.0,0.191664,1.675711,respond_time_warm_cpu,HD
0.128905,0.164853,0.0,0.165285,0.0,0.165313,2.161281,respond_time_warm_cpu,HD
0.14125,0.166943,0.0,0.16738,0.0,0.167421,1.654982,respond_time_warm_cpu,HD
0.094627,0.12755,0.0,0.128012,0.0,0.128037,1.563277,respond_time_warm_cpu,HD
0.146315,0.177261,0.0,0.177769,0.0,0.177799,1.842362,respond_time_warm_cpu,HD
0.13353,0.148448,0.0,0.148908,0.0,0.148938,2.170881,respond_time_warm_cpu,HD
0.122831,0.15197,0.0,0.152241,0.0,0.152257,1.638457,respond_time_warm_cpu,HD
0.130358,0.17054,0.0,0.17094,0.0,0.170967,1.7902,respond_time_warm_cpu,HD
0.143174,0.154458,0.0,0.154965,0.0,0.154997,1.882632,respond_time_warm_cpu,HD
0.129402,0.154418,0.0,0.154899,0.0,0.154927,2.212775,respond_time_warm_cpu,HD
0.121198,0.168018,0.0,0.168453,0.0,0.168483,1.442754,respond_time_warm_cpu,HD
0.104543,0.123341,0.0,0.123723,0.0,0.123749,1.605097,respond_time_warm_cpu,HD
0.136767,0.155586,0.0,0.155884,0.0,0.155902,1.789976,respond_time_warm_cpu,HD
0.147845,0.165019,0.0,0.165429,0.0,0.16546,1.800142,respond_time_warm_cpu,HD
0.140887,0.163024,0.0,0.163355,0.0,0.163377,1.947363,respond_time_warm_cpu,HD
0.146808,0.167621,0.0,0.16793,0.0,0.16795,1.579791,respond_time_warm_cpu,HD
0.133139,0.16443,0.0,0.164874,0.0,0.164902,1.938486,respond_time_warm_cpu,HD
0.165862,0.172979,0.0,0.173407,0.0,0.173436,1.664053,respond_time_warm_cpu,HD
0.155952,0.169263,0.0,0.169644,0.0,0.169669,1.567546,respond_time_warm_cpu,HD
0.162169,0.197743,0.0,0.198139,0.0,0.198162,2.014961,respond_time_warm_cpu,HD
0.11402,0.14057,0.0,0.14096,0.0,0.140981,1.798164,respond_time_warm_cpu,HD
0.163141,0.192415,0.0,0.192844,0.0,0.192876,1.863709,respond_time_warm_cpu,HD
0.115922,0.138589,0.0,0.138868,0.0,0.138885,1.514576,respond_time_warm_cpu,HD
0.128703,0.144212,0.0,0.144659,0.0,0.144686,1.597096,respond_time_warm_cpu,HD
0.127975,0.176331,0.0,0.176771,0.0,0.176888,1.456745,respond_time_warm_cpu,HD
0.130166,0.156198,0.0,0.15654,0.0,0.156561,1.885093,respond_time_warm_cpu,HD
0.132287,0.164706,0.0,0.165095,0.0,0.165112,1.580175,respond_time_warm_cpu,HD
0.134527,0.168025,0.0,0.168847,0.0,0.168885,1.984023,respond_time_warm_cpu,HD
0.118373,0.147446,0.0,0.147902,0.0,0.147931,1.88744,respond_time_warm_cpu,HD
0.148633,0.181664,0.0,0.182189,0.0,0.18222,1.70653,respond_time_warm_cpu,HD
0.097601,0.120104,0.0,0.120506,0.0,0.120532,1.635063,respond_time_warm_cpu,HD
0.145768,0.17106,0.0,0.1715,0.0,0.171533,1.747443,respond_time_warm_cpu,HD
0.157736,0.203803,0.0,0.204236,0.0,0.204279,2.202524,respond_time_warm_cpu,HD
0.132859,0.156713,0.0,0.157099,0.0,0.157136,1.568931,respond_time_warm_cpu,HD
0.143918,0.150069,0.0,0.150484,0.0,0.150512,1.81429,respond_time_warm_cpu,HD
0.135591,0.144395,0.0,0.144863,0.0,0.144894,2.156306,respond_time_warm_cpu,HD
0.161185,0.173215,0.0,0.173595,0.0,0.17362,2.021106,respond_time_warm_cpu,HD
0.12317,0.163629,0.0,0.164021,0.0,0.164046,2.218033,respond_time_warm_cpu,HD
0.138996,0.165578,0.0,0.166074,0.0,0.166104,1.647092,respond_time_warm_cpu,HD
0.150757,0.154876,0.0,0.155325,0.0,0.155354,1.921862,respond_time_warm_cpu,HD
0.12677,0.153237,0.0,0.153699,0.0,0.153725,1.933844,respond_time_warm_cpu,HD
0.119598,0.13919,0.0,0.139577,0.0,0.139604,1.918855,respond_time_warm_cpu,HD
0.13547,0.166514,0.0,0.166913,0.0,0.166939,1.912523,respond_time_warm_cpu,HD
0.134215,0.168835,0.0,0.169278,0.0,0.169308,1.700372,respond_time_warm_cpu,HD
0.089232,0.123866,0.0,0.124282,0.0,0.124309,1.597757,respond_time_warm_cpu,HD
0.15919,0.175989,0.0,0.176264,0.0,0.176281,1.799963,respond_time_warm_cpu,HD
0.132402,0.143491,0.0,0.143932,0.0,0.143963,1.639808,respond_time_warm_cpu,HD
0.139353,0.174497,0.0,0.174931,0.0,0.17496,1.845228,respond_time_warm_cpu,HD
0.142704,0.174508,0.0,0.174961,0.0,0.174992,2.028361,respond_time_warm_cpu,HD
0.124089,0.12856,0.0,0.128933,0.0,0.128956,1.894656,respond_time_warm_cpu,HD
0.109416,0.138724,0.0,0.139165,0.0,0.139194,1.734201,respond_time_warm_cpu,HD
0.123078,0.14464,0.0,0.145038,0.0,0.145065,2.009546,respond_time_warm_cpu,HD
0.134047,0.161587,0.0,0.162044,0.0,0.162074,1.887429,respond_time_warm_cpu,HD
0.134052,0.161241,0.0,0.161624,0.0,0.161661,1.523715,respond_time_warm_cpu,HD
0.118385,0.143094,0.0,0.143535,0.0,0.143565,1.918115,respond_time_warm_cpu,HD
0.111734,0.153158,0.0,0.153557,0.0,0.153583,1.709069,respond_time_warm_cpu,HD
0.140027,0.158697,0.0,0.159226,0.0,0.159265,1.944467,respond_time_warm_cpu,HD
0.147782,0.157421,0.0,0.157834,0.0,0.157862,1.724414,respond_time_warm_cpu,HD
0.137569,0.162271,0.0,0.16267,0.0,0.162696,1.916499,respond_time_warm_cpu,HD
0.158315,0.191765,0.0,0.192205,0.0,0.192234,1.907451,respond_time_warm_cpu,HD
0.135505,0.153375,0.0,0.15374,0.0,0.153759,2.134224,respond_time_warm_cpu,HD
0.147574,0.17794,0.0,0.178371,0.0,0.178401,2.21459,respond_time_warm_cpu,HD
0.135581,0.1611,0.0,0.161644,0.0,0.161677,1.944457,respond_time_warm_cpu,HD
0.133784,0.135403,0.0,0.135816,0.0,0.135845,1.770871,respond_time_warm_cpu,HD
0.130319,0.149138,0.0,0.149468,0.0,0.149489,1.896482,respond_time_warm_cpu,HD
0.137969,0.145526,0.0,0.145798,0.0,0.145813,1.92381,respond_time_warm_cpu,HD
0.132711,0.164562,0.0,0.165033,0.0,0.165066,2.14986,respond_time_warm_cpu,HD
0.125364,0.144391,0.0,0.144853,0.0,0.144879,2.12642,respond_time_warm_cpu,HD
0.126048,0.161922,0.0,0.16237,0.0,0.162396,4.302673,respond_time_warm_cpu,2K
0.106751,0.141674,0.0,0.141998,0.0,0.14202,2.647281,respond_time_warm_cpu,2K
0.159353,0.183721,0.0,0.184178,0.0,0.184208,2.985239,respond_time_warm_cpu,2K
0.118948,0.139968,0.0,0.140365,0.0,0.140391,3.023166,respond_time_warm_cpu,2K
0.165205,0.183322,0.0,0.183717,0.0,0.183743,2.352929,respond_time_warm_cpu,2K
0.120489,0.159659,0.0,0.160135,0.0,0.160164,2.47221,respond_time_warm_cpu,2K
0.130183,0.167866,0.0,0.168259,0.0,0.168286,3.224104,respond_time_warm_cpu,2K
0.121469,0.148896,0.0,0.149217,0.0,0.149235,3.041297,respond_time_warm_cpu,2K
0.144563,0.173201,0.0,0.173601,0.0,0.173626,3.363276,respond_time_warm_cpu,2K
0.144658,0.162411,0.0,0.162796,0.0,0.162822,3.548754,respond_time_warm_cpu,2K
0.145674,0.172144,0.0,0.172456,0.0,0.172476,3.129612,respond_time_warm_cpu,2K
0.131391,0.149649,0.0,0.150109,0.0,0.150135,3.822846,respond_time_warm_cpu,2K
0.129019,0.159432,0.0,0.159873,0.0,0.159902,4.81571,respond_time_warm_cpu,2K
0.113315,0.149113,0.0,0.149502,0.0,0.149525,9.710025,respond_time_warm_cpu,2K
0.132812,0.16838,0.0,0.168768,0.0,0.168794,9.845347,respond_time_warm_cpu,2K
0.135593,0.170302,0.0,0.170897,0.0,0.170929,6.814784,respond_time_warm_cpu,2K
0.096485,0.129738,0.0,0.130105,0.0,0.130134,6.097662,respond_time_warm_cpu,2K
0.106903,0.147745,0.0,0.148165,0.0,0.14819,6.462767,respond_time_warm_cpu,2K
0.142523,0.186459,0.0,0.186893,0.0,0.186935,8.559425,respond_time_warm_cpu,2K
0.119777,0.157702,0.0,0.158144,0.0,0.158173,15.571713,respond_time_warm_cpu,2K
0.141344,0.183588,0.0,0.184039,0.0,0.18407,7.91664,respond_time_warm_cpu,2K
0.124408,0.134918,0.0,0.135232,0.0,0.135253,2.344913,respond_time_warm_cpu,2K
0.129973,0.160395,0.0,0.16078,0.0,0.160804,2.336339,respond_time_warm_cpu,2K
0.161173,0.187383,0.0,0.187786,0.0,0.187811,2.24143,respond_time_warm_cpu,2K
0.150208,0.170679,0.0,0.171149,0.0,0.171181,2.902166,respond_time_warm_cpu,2K
0.139873,0.162836,0.0,0.163239,0.0,0.163265,2.879911,respond_time_warm_cpu,2K
0.122806,0.148467,0.0,0.148864,0.0,0.14889,1.903083,respond_time_warm_cpu,2K
0.164336,0.185775,0.0,0.18621,0.0,0.186235,3.120221,respond_time_warm_cpu,2K
0.124903,0.170009,0.0,0.170458,0.0,0.170488,2.278579,respond_time_warm_cpu,2K
0.126556,0.147365,0.0,0.147833,0.0,0.147863,2.192942,respond_time_warm_cpu,2K
0.149697,0.175085,0.0,0.175678,0.0,0.175709,3.169427,respond_time_warm_cpu,2K
0.137863,0.166858,0.0,0.167306,0.0,0.167335,3.199339,respond_time_warm_cpu,2K
0.144115,0.181101,0.0,0.181494,0.0,0.181521,2.154624,respond_time_warm_cpu,2K
0.126942,0.13896,0.0,0.139339,0.0,0.139364,2.471839,respond_time_warm_cpu,2K
0.09741,0.119783,0.0,0.120197,0.0,0.120225,2.890164,respond_time_warm_cpu,2K
0.121458,0.148858,0.0,0.149169,0.0,0.149189,2.545348,respond_time_warm_cpu,2K
0.141572,0.166325,0.0,0.166779,0.0,0.166808,2.996783,respond_time_warm_cpu,2K
0.105361,0.136012,0.0,0.136441,0.0,0.136471,2.373218,respond_time_warm_cpu,2K
0.129015,0.151332,0.0,0.151738,0.0,0.151764,2.244006,respond_time_warm_cpu,2K
0.125863,0.147996,0.0,0.148331,0.0,0.148354,3.187051,respond_time_warm_cpu,2K
0.137081,0.155066,0.0,0.155372,0.0,0.155394,2.973722,respond_time_warm_cpu,2K
0.130095,0.158832,0.0,0.159245,0.0,0.159271,3.449577,respond_time_warm_cpu,2K
0.147398,0.179237,0.0,0.179682,0.0,0.179711,3.776463,respond_time_warm_cpu,2K
0.121015,0.150691,0.0,0.151066,0.0,0.151087,2.802083,respond_time_warm_cpu,2K
0.131443,0.164115,0.0,0.164943,0.0,0.164975,2.643097,respond_time_warm_cpu,2K
0.119417,0.136405,0.0,0.136788,0.0,0.136814,2.293217,respond_time_warm_cpu,2K
0.127177,0.151358,0.0,0.15165,0.0,0.151669,3.264661,respond_time_warm_cpu,2K
0.139483,0.15661,0.0,0.157024,0.0,0.15705,3.363242,respond_time_warm_cpu,2K
0.099988,0.132683,0.0,0.133079,0.0,0.133105,2.833235,respond_time_warm_cpu,2K
0.158685,0.179659,0.0,0.179988,0.0,0.180009,2.684491,respond_time_warm_cpu,2K
0.130178,0.164647,0.0,0.16492,0.0,0.164936,3.02029,respond_time_warm_cpu,2K
0.160406,0.184279,0.0,0.184721,0.0,0.184751,3.316915,respond_time_warm_cpu,2K
0.10323,0.124992,0.0,0.125382,0.0,0.125408,2.497301,respond_time_warm_cpu,2K
0.109767,0.135492,0.0,0.135914,0.0,0.135939,2.447681,respond_time_warm_cpu,2K
0.133562,0.14946,0.0,0.149833,0.0,0.14987,2.360773,respond_time_warm_cpu,2K
0.133784,0.154455,0.0,0.154843,0.0,0.154869,3.125439,respond_time_warm_cpu,2K
0.11509,0.141442,0.0,0.141987,0.0,0.142024,3.308261,respond_time_warm_cpu,2K
0.118659,0.150947,0.0,0.151315,0.0,0.151338,3.700247,respond_time_warm_cpu,2K
0.136556,0.16925,0.0,0.169829,0.0,0.169858,3.385654,respond_time_warm_cpu,2K
0.12433,0.166269,0.0,0.166684,0.0,0.16672,3.144893,respond_time_warm_cpu,2K
0.141977,0.164654,0.0,0.165095,0.0,0.165123,2.783612,respond_time_warm_cpu,2K
0.138701,0.158033,0.0,0.158343,0.0,0.158369,2.96719,respond_time_warm_cpu,2K
0.124163,0.150315,0.0,0.150721,0.0,0.150748,2.852364,respond_time_warm_cpu,2K
0.138101,0.175255,0.0,0.17555,0.0,0.175568,3.108523,respond_time_warm_cpu,2K
0.109403,0.144079,0.0,0.144579,0.0,0.144612,3.341135,respond_time_warm_cpu,2K
0.135352,0.155687,0.0,0.156181,0.0,0.15621,2.479627,respond_time_warm_cpu,2K
0.125524,0.144968,0.0,0.145541,0.0,0.145572,2.911816,respond_time_warm_cpu,2K
0.142718,0.16399,0.0,0.164401,0.0,0.164425,3.483521,respond_time_warm_cpu,2K
0.149273,0.195234,0.0,0.195586,0.0,0.195619,2.745679,respond_time_warm_cpu,2K
0.13739,0.168685,0.0,0.169139,0.0,0.169168,2.350301,respond_time_warm_cpu,2K
0.12065,0.161152,0.0,0.161675,0.0,0.161708,3.577943,respond_time_warm_cpu,2K
0.123265,0.155318,0.0,0.155751,0.0,0.155778,2.122666,respond_time_warm_cpu,2K
0.132689,0.172326,0.0,0.172674,0.0,0.172696,2.738618,respond_time_warm_cpu,2K
0.149707,0.167075,0.0,0.167467,0.0,0.167493,2.988407,respond_time_warm_cpu,2K
0.181974,0.212791,0.0,0.213239,0.0,0.213268,2.913542,respond_time_warm_cpu,2K
0.115637,0.134132,0.0,0.134505,0.0,0.134534,3.051611,respond_time_warm_cpu,2K
0.143125,0.182268,0.0,0.182592,0.0,0.182612,2.816328,respond_time_warm_cpu,2K
0.116205,0.155661,0.0,0.156113,0.0,0.156143,2.786968,respond_time_warm_cpu,2K
0.134086,0.169305,0.0,0.169692,0.0,0.169717,3.023288,respond_time_warm_cpu,2K
0.135363,0.171371,0.0,0.171748,0.0,0.171771,3.270419,respond_time_warm_cpu,2K
0.131731,0.175556,0.0,0.175878,0.0,0.175897,3.334146,respond_time_warm_cpu,2K
0.141858,0.177332,0.0,0.177676,0.0,0.177695,3.569746,respond_time_warm_cpu,2K
0.100437,0.15203,0.0,0.152483,0.0,0.152512,3.639913,respond_time_warm_cpu,2K
0.124081,0.152264,0.0,0.152711,0.0,0.152741,3.116159,respond_time_warm_cpu,2K
0.144392,0.165967,0.0,0.166539,0.0,0.166568,3.228898,respond_time_warm_cpu,2K
0.135757,0.170898,0.0,0.171333,0.0,0.171379,2.804597,respond_time_warm_cpu,2K
0.146274,0.193983,0.0,0.194424,0.0,0.194455,3.582789,respond_time_warm_cpu,2K
0.111604,0.113363,0.0,0.113629,0.0,0.113646,3.327655,respond_time_warm_cpu,2K
0.152989,0.170681,0.0,0.171075,0.0,0.171101,3.065147,respond_time_warm_cpu,2K
0.117035,0.155556,0.0,0.155887,0.0,0.155904,2.728753,respond_time_warm_cpu,2K
0.107628,0.134951,0.0,0.135214,0.0,0.13523,2.975929,respond_time_warm_cpu,2K
0.144026,0.165919,0.0,0.166312,0.0,0.166339,3.400492,respond_time_warm_cpu,2K
0.131196,0.158508,0.0,0.158938,0.0,0.15897,3.127957,respond_time_warm_cpu,2K
0.121422,0.122898,0.0,0.123214,0.0,0.123233,3.406377,respond_time_warm_cpu,2K
0.14857,0.180405,0.0,0.180891,0.0,0.180921,3.916758,respond_time_warm_cpu,2K
0.134104,0.167477,0.0,0.167804,0.0,0.167823,3.945191,respond_time_warm_cpu,2K
0.104529,0.121845,0.0,0.122299,0.0,0.122329,6.035017,respond_time_warm_cpu,2K
0.141568,0.167331,0.0,0.167725,0.0,0.167752,14.356425,respond_time_warm_cpu,2K
0.126458,0.141088,0.0,0.141385,0.0,0.141465,8.403412,respond_time_warm_cpu,2K
0.13454,0.166005,0.0,0.166457,0.0,0.166486,5.517056,respond_time_warm_cpu,2K
0.12948,0.160858,0.0,0.161297,0.0,0.184489,19.158509,respond_time_warm_cpu,4K
0.13348,0.154287,0.0,0.154729,0.0,0.184437,7.129113,respond_time_warm_cpu,4K
0.137509,0.177303,0.0,0.177716,0.0,0.200638,5.734106,respond_time_warm_cpu,4K
0.141269,0.166196,0.0,0.166521,0.0,0.178293,7.171061,respond_time_warm_cpu,4K
0.12277,0.15051,0.0,0.150926,0.0,0.187857,8.445359,respond_time_warm_cpu,4K
0.133447,0.146152,0.0,0.146666,0.0,0.180813,8.23699,respond_time_warm_cpu,4K
0.134833,0.171221,0.0,0.171676,0.0,0.204212,9.298564,respond_time_warm_cpu,4K
0.131867,0.164581,0.0,0.165082,0.0,0.204889,8.034358,respond_time_warm_cpu,4K
0.113969,0.15618,0.0,0.1565,0.0,0.18241,7.368027,respond_time_warm_cpu,4K
0.122469,0.155457,0.0,0.15576,0.0,0.174521,6.813282,respond_time_warm_cpu,4K
0.111335,0.130681,0.0,0.131117,0.0,0.164777,6.822407,respond_time_warm_cpu,4K
0.127179,0.152936,0.0,0.153278,0.0,0.176101,8.110786,respond_time_warm_cpu,4K
0.113377,0.14984,0.0,0.150252,0.0,0.176796,9.38248,respond_time_warm_cpu,4K
0.114572,0.146209,0.0,0.14649,0.0,0.186341,10.988036,respond_time_warm_cpu,4K
0.116528,0.155467,0.0,0.155856,0.0,0.179596,28.524642,respond_time_warm_cpu,4K
0.123185,0.156631,0.0,0.157192,0.0,0.176306,18.682168,respond_time_warm_cpu,4K
0.142324,0.161783,0.0,0.162167,0.0,0.188019,33.337384,respond_time_warm_cpu,4K
0.12877,0.165389,0.0,0.165856,0.0,0.190682,11.978371,respond_time_warm_cpu,4K
0.154098,0.18664,0.0,0.187142,0.0,0.219293,6.524842,respond_time_warm_cpu,4K
0.123274,0.151733,0.0,0.152058,0.0,0.182085,6.826271,respond_time_warm_cpu,4K
0.135762,0.151417,0.0,0.151826,0.0,0.173764,6.555434,respond_time_warm_cpu,4K
0.147267,0.180678,0.0,0.180989,0.0,0.20735,6.249962,respond_time_warm_cpu,4K
0.143447,0.168465,0.0,0.168868,0.0,0.191393,6.775593,respond_time_warm_cpu,4K
0.12768,0.14871,0.0,0.149061,0.0,0.18572,7.505434,respond_time_warm_cpu,4K
0.168842,0.194561,0.0,0.194974,0.0,0.213441,6.13,respond_time_warm_cpu,4K
0.14699,0.181015,0.0,0.181467,0.0,0.205116,6.12777,respond_time_warm_cpu,4K
0.150013,0.17604,0.0,0.176604,0.0,0.191947,6.40956,respond_time_warm_cpu,4K
0.153245,0.178436,0.0,0.178865,0.0,0.205111,7.49771,respond_time_warm_cpu,4K
0.141109,0.19097,0.0,0.191424,0.0,0.218267,7.024486,respond_time_warm_cpu,4K
0.126414,0.160793,0.0,0.161187,0.0,0.183672,7.754487,respond_time_warm_cpu,4K
0.118305,0.1334,0.0,0.1337,0.0,0.17208,8.025951,respond_time_warm_cpu,4K
0.133421,0.143999,0.0,0.144356,0.0,0.164269,6.776885,respond_time_warm_cpu,4K
0.127261,0.141837,0.0,0.142232,0.0,0.187784,6.618071,respond_time_warm_cpu,4K
0.129195,0.157296,0.0,0.15762,0.0,0.182127,6.992925,respond_time_warm_cpu,4K
0.154414,0.172723,0.0,0.173115,0.0,0.204556,7.523849,respond_time_warm_cpu,4K
0.126101,0.144615,0.0,0.145064,0.0,0.165815,5.585302,respond_time_warm_cpu,4K
0.14858,0.185771,0.0,0.186202,0.0,0.216279,5.828629,respond_time_warm_cpu,4K
0.124235,0.150841,0.0,0.151239,0.0,0.181261,6.389386,respond_time_warm_cpu,4K
0.115499,0.14335,0.0,0.143792,0.0,0.173834,7.78349,respond_time_warm_cpu,4K
0.108706,0.135598,0.0,0.135923,0.0,0.159403,9.102513,respond_time_warm_cpu,4K
0.14872,0.16644,0.0,0.166842,0.0,0.186842,7.844173,respond_time_warm_cpu,4K
0.150754,0.182094,0.0,0.182493,0.0,0.206833,7.417767,respond_time_warm_cpu,4K
0.137198,0.139921,0.0,0.140411,0.0,0.157713,6.555698,respond_time_warm_cpu,4K
0.109602,0.153519,0.0,0.153886,0.0,0.189348,6.037238,respond_time_warm_cpu,4K
0.156803,0.188959,0.0,0.189399,0.0,0.225715,6.713324,respond_time_warm_cpu,4K
0.11833,0.142631,0.0,0.143039,0.0,0.17273,6.827479,respond_time_warm_cpu,4K
0.161843,0.187747,0.0,0.188149,0.0,0.228214,6.531953,respond_time_warm_cpu,4K
0.130992,0.148047,0.0,0.148486,0.0,0.162009,7.109558,respond_time_warm_cpu,4K
0.113897,0.148264,0.0,0.148669,0.0,0.184327,7.267402,respond_time_warm_cpu,4K
0.142966,0.162474,0.0,0.162863,0.0,0.194174,8.330198,respond_time_warm_cpu,4K
0.115849,0.131735,0.0,0.132203,0.0,0.160907,8.848625,respond_time_warm_cpu,4K
0.110642,0.16908,0.0,0.169459,0.0,0.199903,8.028048,respond_time_warm_cpu,4K
0.125907,0.164753,0.0,0.16515,0.0,0.174839,8.31061,respond_time_warm_cpu,4K
0.147531,0.186448,0.0,0.186898,0.0,0.197786,8.887793,respond_time_warm_cpu,4K
0.131157,0.169038,0.0,0.169494,0.0,0.179439,7.391612,respond_time_warm_cpu,4K
0.142371,0.15136,0.0,0.151693,0.0,0.182847,6.914704,respond_time_warm_cpu,4K
0.0835,0.104328,0.0,0.104776,0.0,0.122062,7.704659,respond_time_warm_cpu,4K
0.110244,0.134372,0.0,0.134732,0.0,0.166732,6.35814,respond_time_warm_cpu,4K
0.166147,0.187925,0.0,0.188389,0.0,0.20398,8.919045,respond_time_warm_cpu,4K
0.130235,0.161287,0.0,0.161714,0.0,0.188738,9.225308,respond_time_warm_cpu,4K
0.129273,0.155655,0.0,0.156066,0.0,0.185127,10.65874,respond_time_warm_cpu,4K
0.139063,0.171031,0.0,0.171449,0.0,0.193385,29.309336,respond_time_warm_cpu,4K
0.118083,0.143017,0.0,0.14346,0.0,0.180678,18.371967,respond_time_warm_cpu,4K
0.12953,0.149704,0.0,0.150127,0.0,0.176495,32.468687,respond_time_warm_cpu,4K
0.152766,0.168455,0.0,0.168895,0.0,0.203641,11.811848,respond_time_warm_cpu,4K
0.126961,0.164227,0.0,0.164645,0.0,0.167526,8.002513,respond_time_warm_cpu,4K
0.112895,0.12708,0.0,0.127433,0.0,0.158966,5.106171,respond_time_warm_cpu,4K
0.106515,0.128324,0.0,0.128708,0.0,0.160989,7.034432,respond_time_warm_cpu,4K
0.139063,0.16306,0.0,0.163521,0.0,0.20634,6.161549,respond_time_warm_cpu,4K
0.153809,0.165272,0.0,0.165738,0.0,0.200023,6.478863,respond_time_warm_cpu,4K
0.135655,0.173174,0.0,0.17364,0.0,0.204563,6.720113,respond_time_warm_cpu,4K
0.118521,0.123756,0.0,0.124132,0.0,0.133774,4.825084,respond_time_warm_cpu,4K
0.13194,0.154471,0.0,0.154799,0.0,0.177762,6.212419,respond_time_warm_cpu,4K
0.120277,0.14725,0.0,0.147632,0.0,0.173506,7.332515,respond_time_warm_cpu,4K
0.118023,0.160513,0.0,0.160845,0.0,0.171989,5.814366,respond_time_warm_cpu,4K
0.151123,0.179318,0.0,0.17974,0.0,0.191904,6.878701,respond_time_warm_cpu,4K
0.10408,0.129921,0.0,0.130288,0.0,0.163855,6.593934,respond_time_warm_cpu,4K
0.133933,0.153618,0.0,0.154018,0.0,0.180048,5.817171,respond_time_warm_cpu,4K
0.125747,0.164117,0.0,0.164573,0.0,0.208487,7.067963,respond_time_warm_cpu,4K
0.153942,0.193884,0.0,0.194213,0.0,0.220483,6.629162,respond_time_warm_cpu,4K
0.147497,0.156379,0.0,0.156767,0.0,0.204105,6.665487,respond_time_warm_cpu,4K
0.132593,0.18629,0.0,0.186617,0.0,0.208326,7.686466,respond_time_warm_cpu,4K
0.123114,0.130461,0.0,0.130786,0.0,0.170324,6.784722,respond_time_warm_cpu,4K
0.125543,0.158241,0.0,0.158581,0.0,0.19683,7.024723,respond_time_warm_cpu,4K
0.135442,0.166321,0.0,0.166781,0.0,0.182666,6.856201,respond_time_warm_cpu,4K
0.148333,0.195006,0.0,0.195457,0.0,0.225734,7.844811,respond_time_warm_cpu,4K
0.136387,0.165679,0.0,0.166098,0.0,0.185373,9.162553,respond_time_warm_cpu,4K
0.142514,0.161583,0.0,0.161985,0.0,0.184075,8.414087,respond_time_warm_cpu,4K
0.122216,0.151438,0.0,0.151947,0.0,0.153565,7.950996,respond_time_warm_cpu,4K
0.145883,0.176683,0.0,0.17714,0.0,0.203053,6.864007,respond_time_warm_cpu,4K
0.154712,0.188351,0.0,0.188744,0.0,0.199291,6.292049,respond_time_warm_cpu,4K
0.129667,0.161761,0.0,0.162176,0.0,0.198808,7.158449,respond_time_warm_cpu,4K
0.129745,0.151313,0.0,0.15179,0.0,0.16902,6.391769,respond_time_warm_cpu,4K
0.117358,0.138054,0.0,0.138369,0.0,0.167547,6.905402,respond_time_warm_cpu,4K
0.157101,0.167035,0.0,0.167457,0.0,0.187479,6.333802,respond_time_warm_cpu,4K
0.152141,0.173626,0.0,0.173941,0.0,0.217848,7.60359,respond_time_warm_cpu,4K
0.122189,0.150338,0.0,0.150778,0.0,0.188047,7.362866,respond_time_warm_cpu,4K
0.111209,0.145085,0.0,0.145528,0.0,0.177093,7.200812,respond_time_warm_cpu,4K
0.150573,0.19326,0.0,0.193652,0.0,0.228197,6.916562,respond_time_warm_cpu,4K
0.136799,0.169752,0.0,0.170203,0.0,0.203613,9.489942,respond_time_warm_cpu,4K
