timestamp_UNIX,timestamp,pod_number,power,energy,CPU,GPU,Mem,NETpacket,task
timestamp_UNIX,timestamp,pod_number,power,energy,CPU,GPU,Mem,NETpacket,task
timestamp_UNIX,timestamp,pod_number,power,energy,CPU,GPU,Mem,NETpacket,task
timestamp_UNIX,timestamp,pod_number,power,energy,CPU,GPU,Mem,NETpacket,task
timestamp_UNIX,timestamp,pod_number,power,energy,CPU,GPU,Mem,NETpacket,task
timestamp_UNIX,timestamp,pod_number,power,energy,CPU,GPU,Mem,NETpacket,task
timestamp_UNIX,timestamp,pod_number,power,energy,CPU,GPU,Mem,NETpacket,task
timestamp_UNIX,timestamp,pod_number,power,energy,CPU,GPU,Mem,NETpacket,task
timestamp_UNIX,timestamp,pod_number,power,energy,CPU,GPU,Mem,NETpacket,task
timestamp_UNIX,timestamp,pod_number,power,energy,CPU,GPU,Mem,NETpacket,task
timestamp_UNIX,timestamp,pod_number,power,energy,CPU,GPU,Mem,NETpacket,task
timestamp_UNIX,timestamp,pod_number,power,energy,CPU,GPU,Mem,NETpacket,task
timestamp_UNIX,timestamp,pod_number,power,energy,CPU,GPU,Mem,NETpacket,task
1689202030.597,2023-07-12 22:47:10.597,0,85.06,5749812,1.2499999999363212,0,6.2492936076783305,92931225155,null_state
1689202031.155,2023-07-12 22:47:11.155,0,74.26,5749848,1.4374999999290594,0,6.251634532394801,92931952661,null_state
1689202031.686,2023-07-12 22:47:11.686,0,65.97,5749884,1.4374999999290594,0,6.251634532394801,92932227233,null_state
1689202032.221,2023-07-12 22:47:12.221,0,85.75,5749920,0.9375000001455334,0,6.271434853954949,92932491934,null_state
1689202032.755,2023-07-12 22:47:12.755,0,84.93,5749956,0.9375000001455334,0,6.271434853954949,92933184064,null_state
1689202033.292,2023-07-12 22:47:13.292,0,59.35,5750028,-0.06250000005819345,0,6.282907823528902,92933471476,null_state
1689202033.822,2023-07-12 22:47:13.822,0,65.31,5750064,1.500000000032756,0,6.2948197164871935,92934218774,null_state
1689202034.351,2023-07-12 22:47:14.351,0,83.66,5750100,1.500000000032756,0,6.2948197164871935,92934563851,null_state
1689202034.882,2023-07-12 22:47:14.882,0,86.08,5750136,1.5624999999090505,0,6.2653143112066765,92934832432,null_state
1689202035.411,2023-07-12 22:47:15.411,0,64.55,5750172,1.5624999999090505,0,6.2653143112066765,92935539762,null_state
1689202035.939,2023-07-12 22:47:15.939,0,67.14,5750208,0.6874999999126743,0,6.266472581248681,92935831043,null_state
1689202036.468,2023-07-12 22:47:16.468,0,84.16,5750244,0.6874999999126743,0,6.266472581248681,92936526826,null_state
1689202036.997,2023-07-12 22:47:16.997,0,63.59,5750280,0.6250000000818403,0,6.2856023254160895,92936856244,null_state
1689202037.532,2023-07-12 22:47:17.532,0,65.15,5750316,0.6250000000818403,0,6.2856023254160895,92937176024,null_state
1689202038.068,2023-07-12 22:47:18.068,0,63.09,5750352,1.125000000001819,0,6.286199748911439,92937927106,null_state
1689202038.596,2023-07-12 22:47:18.596,0,85.71,5750424,1.125000000001819,0,6.286199748911439,92938205851,null_state
1689202039.122,2023-07-12 22:47:19.122,0,85.14,5750460,0.2500000000509175,0,6.281615438008351,92938917529,null_state
1689202039.649,2023-07-12 22:47:19.649,0,65.61,5750496,0.2500000000509175,0,6.281615438008351,92939210111,null_state
1689202040.196,2023-07-12 22:47:20.196,0,85.8,5750532,0.7499999999708962,0,6.290771867498296,92939614129,null_state
1689202040.745,2023-07-12 22:47:20.745,0,85.98,5750568,0.7499999999708962,0,6.290771867498296,92940301990,null_state
1689202041.281,2023-07-12 22:47:21.281,0,60.2,5750604,1.0625000001255103,0,6.301708375158058,92940556871,null_state
1689202041.812,2023-07-12 22:47:21.812,0,59.42,5750640,1.624999999876323,0,6.273349047603313,92941301518,null_state
1689202042.341,2023-07-12 22:47:22.341,0,83.05,5750676,1.624999999876323,0,6.273349047603313,92941539799,null_state
1689202042.87,2023-07-12 22:47:22.870,0,79.23,5750712,0.5625000000691216,0,6.301866875269068,92941819907,null_state
1689202043.4,2023-07-12 22:47:23.400,0,77.05,5750748,0.5625000000691216,0,6.301866875269068,92942532367,null_state
1689202043.931,2023-07-12 22:47:23.931,0,61.55,5750784,1.374999999961787,0,6.254706996085169,92942836596,null_state
1689202044.463,2023-07-12 22:47:24.463,0,85.26,5750820,1.374999999961787,0,6.254706996085169,92943356539,null_state
1689202044.997,2023-07-12 22:47:24.997,0,89.35,5750892,0.437499999998181,0,6.256633382049764,92943828902,null_state
1689202045.522,2023-07-12 22:47:25.522,0,68.94,5750928,0.437499999998181,0,6.256633382049764,92944092403,null_state
1689202046.049,2023-07-12 22:47:26.049,0,65.8,5750964,1.3124999999490683,0,6.266631081359692,92944821582,null_state
1689202046.578,2023-07-12 22:47:26.578,0,67.71,5751000,1.3124999999490683,0,6.266631081359692,92945075630,null_state
1689202047.107,2023-07-12 22:47:27.107,0,68.62,5751036,0.937500000009095,0,6.2898086745159985,92945440764,null_state
1689202047.645,2023-07-12 22:47:27.645,0,61.21,5751072,0.937500000009095,0,6.2898086745159985,92946152723,null_state
1689202048.174,2023-07-12 22:47:28.174,0,84.55,5751108,0.3125000000181757,0,6.27332466297085,92946448344,null_state
1689202048.701,2023-07-12 22:47:28.701,0,85.4,5751144,0.3125000000181757,0,6.27332466297085,92947165214,null_state
1689202049.229,2023-07-12 22:47:29.229,0,64.46,5751180,1.6874999999799911,0,6.256487074254985,92947463472,null_state
1689202049.768,2023-07-12 22:47:29.768,0,62.52,5751216,1.6874999999799911,0,6.258376883270886,92947747260,null_state
1689202050.311,2023-07-12 22:47:30.311,0,88.32,5751288,0.4374999999981952,0,6.258376883270886,92948518826,null_state
1689202050.839,2023-07-12 22:47:30.839,0,88.29,5751324,1.4375000000200089,0,6.275946010960648,92948797252,null_state
1689202051.376,2023-07-12 22:47:31.376,0,62.57,5751360,1.4375000000200089,0,6.275946010960648,92949487027,null_state
1689202051.904,2023-07-12 22:47:31.904,0,66.51,5751396,0.5000000000563745,0,6.263960964104967,92949769490,null_state
1689202052.441,2023-07-12 22:47:32.441,0,89.76,5751432,0.5000000000563745,0,6.263960964104967,92950021599,null_state
1689202052.971,2023-07-12 22:47:32.971,0,81.72,5751468,0.8749999999509015,0,6.2651680034118975,92950730166,null_state
1689202053.498,2023-07-12 22:47:33.498,0,76.67,5751504,0.8749999999509015,0,6.2651680034118975,92950991886,null_state
1689202054.036,2023-07-12 22:47:34.036,0,63.84,5751576,1.1250000000018048,0,6.251159032061768,92951752869,null_state
1689202054.57,2023-07-12 22:47:34.570,0,88.14,5751612,1.1250000000018048,0,6.251159032061768,92952005197,null_state
1689202055.104,2023-07-12 22:47:35.104,0,69.01,5751648,0.8750000000418368,0,6.2530000718127425,92952286522,null_state
1689202055.634,2023-07-12 22:47:35.634,0,66.49,5751684,0.8750000000418368,0,6.2530000718127425,92952988093,null_state
1689202056.166,2023-07-12 22:47:36.166,0,61.19,5751720,0.8750000000418368,0,6.241697794666033,92953278084,null_state
1689202056.696,2023-07-12 22:47:36.696,0,86.06,5751756,0.8750000000418368,0,6.241697794666033,92953924288,null_state
1689202057.227,2023-07-12 22:47:37.227,0,70.84,5751792,0.25000000000542855,0,6.257291767126272,92954369312,null_state
1689202057.772,2023-07-12 22:47:37.772,0,67.39,5751828,0.7500000000163567,0,6.271361700057559,92954646502,null_state
1689202058.304,2023-07-12 22:47:38.304,0,82.85,5751864,0.7500000000163567,0,6.271361700057559,92955373796,null_state
1689202058.83,2023-07-12 22:47:38.830,0,82.95,5751936,1.5624999999545253,0,6.272288316091163,92955682543,null_state
1689202059.38,2023-07-12 22:47:39.380,0,77.92,5751972,1.5624999999545253,0,6.272288316091163,92955921036,null_state
1689202059.915,2023-07-12 22:47:39.915,0,62.13,5752008,0.9374999999636344,0,6.271312930792633,92956666628,null_state
1689202060.443,2023-07-12 22:47:40.443,0,91.97,5752044,0.9374999999636344,0,6.271312930792633,92956997249,null_state
1689202060.971,2023-07-12 22:47:40.971,0,84.71,5752116,1.2499999999363212,0,6.2716787002795815,92957705868,null_state
1689202061.531,2023-07-12 22:47:41.531,0,68.84,5752116,1.2499999999363212,0,6.2716787002795815,92957931393,null_state
1689202062.08,2023-07-12 22:47:42.080,0,59.18,5752152,-4.547473508864641e-11,0,6.2856023254160895,92958213646,null_state
1689202062.608,2023-07-12 22:47:42.608,0,86.22,5752224,-4.547473508864641e-11,0,6.2856023254160895,92958917216,null_state
1689202063.136,2023-07-12 22:47:43.136,0,73.95,5752260,0.7500000000618456,0,6.28356620860541,92959194790,null_state
1689202063.663,2023-07-12 22:47:43.663,0,64.88,5752296,0.7500000000618456,0,6.28356620860541,92959904107,null_state
1689202064.191,2023-07-12 22:47:44.191,0,71.85,5752332,1.7500000000381846,0,6.295831678734418,92960266165,null_state
1689202064.723,2023-07-12 22:47:44.723,0,86.65,5752368,1.7500000000381846,0,6.295831678734418,92960529590,null_state
1689202065.256,2023-07-12 22:47:45.256,0,60.77,5752404,0.9374999999636202,0,6.295441524615006,92961240286,null_state
1689202065.785,2023-07-12 22:47:45.785,0,62.74,5752440,0.9375000000545697,0,6.296965564143958,92961529917,null_state
1689202066.31,2023-07-12 22:47:46.310,0,71.16,5752476,0.9375000000545697,0,6.296965564143958,92962238852,null_state
1689202066.843,2023-07-12 22:47:46.843,0,81.36,5752548,0.4999999999654392,0,6.285797402475795,92962524077,null_state
1689202067.384,2023-07-12 22:47:47.384,0,71.54,5752584,0.4999999999654392,0,6.285797402475795,92962872848,null_state
1689202067.912,2023-07-12 22:47:47.912,0,64.24,5752584,0.6249999999454445,0,6.3006232590134434,92963604361,null_state
1689202068.438,2023-07-12 22:47:48.438,0,98.08,5752656,0.6249999999454445,0,6.3006232590134434,92963915444,null_state
1689202068.964,2023-07-12 22:47:48.964,0,82.71,5752692,0.9375000000545555,0,6.306195147531294,92964662421,null_state
1689202069.492,2023-07-12 22:47:49.492,0,71.05,5752728,0.9375000000545555,0,6.306195147531294,92964927159,null_state
1689202070.029,2023-07-12 22:47:50.029,0,62.77,5752764,1.8750000000636504,0,6.30579280109565,92965273447,null_state
1689202070.591,2023-07-12 22:47:50.591,0,89.03,5752800,1.8750000000636504,0,6.30579280109565,92966083270,null_state
1689202071.118,2023-07-12 22:47:51.118,0,78.92,5752836,0.4999999999654392,0,6.286663056928241,92966345622,null_state
1689202071.649,2023-07-12 22:47:51.649,0,68.34,5752872,0.4999999999654392,0,6.286663056928241,92967040141,null_state
1689202072.179,2023-07-12 22:47:52.179,0,67.87,5752944,0.8749999999508873,0,6.289784289883535,92967321489,null_state
1689202072.712,2023-07-12 22:47:52.712,0,89.25,5752980,0.8749999999508873,0,6.289784289883535,92967570662,null_state
1689202073.242,2023-07-12 22:47:53.242,0,76.99,5753016,0.18749999999272404,0,6.29283236894144,92968273636,null_state
1689202073.777,2023-07-12 22:47:53.777,0,61.74,5753052,2.31250000006186,0,6.294685601008646,92968562944,null_state
1689202074.316,2023-07-12 22:47:54.316,0,65.82,5753088,2.31250000006186,0,6.294685601008646,92969110775,null_state
1689202074.846,2023-07-12 22:47:54.846,0,81.19,5753124,0.1249999999799627,0,6.295892640315576,92969596379,null_state
1689202075.372,2023-07-12 22:47:55.372,0,64.37,5753196,0.1249999999799627,0,6.295892640315576,92969863211,null_state
1689202075.902,2023-07-12 22:47:55.902,0,59.4,5753196,1.6250000001036824,0,6.293880908137359,92970567317,null_state
1689202076.442,2023-07-12 22:47:56.442,0,88.2,5753268,1.6250000001036824,0,6.293880908137359,92970852959,null_state
1689202076.983,2023-07-12 22:47:56.983,0,84.25,5753304,0.43749999995269206,0,6.278262551044655,92971115231,null_state
1689202077.527,2023-07-12 22:47:57.527,0,66.92,5753340,0.43749999995269206,0,6.278262551044655,92971936068,null_state
1689202078.06,2023-07-12 22:47:58.060,0,62.36,5753376,1.2500000000272848,0,6.283602785554105,92972223069,null_state
1689202078.592,2023-07-12 22:47:58.592,0,90.14,5753412,1.2500000000272848,0,6.283602785554105,92972945219,null_state
1689202079.12,2023-07-12 22:47:59.120,0,85.47,5753448,0.5624999999327116,0,6.280469360282578,92973234953,null_state
1689202079.661,2023-07-12 22:47:59.661,0,70.67,5753484,0.5624999999327116,0,6.280469360282578,92973523629,null_state
1689202080.19,2023-07-12 22:48:00.190,0,67.8,5753556,1.0000000000218137,0,6.282761515734123,92974313321,null_state
1689202080.723,2023-07-12 22:48:00.723,0,92.17,5753592,1.0000000000218137,0,6.282761515734123,92974584628,null_state
1689202081.251,2023-07-12 22:48:01.251,0,77.76,5753628,0.5624999999781579,0,6.277214011848736,92975283339,null_state
1689202081.786,2023-07-12 22:48:01.786,0,63.54,5753664,1.4999999998963176,0,6.294636831743719,92975547434,null_state
1689202082.347,2023-07-12 22:48:02.347,0,60.19,5753700,1.4999999998963176,0,6.294636831743719,92975776529,null_state
1689202082.884,2023-07-12 22:48:02.884,0,83.85,5753736,0.7500000000618456,0,6.2772383964811995,92976511925,null_state
1689202083.411,2023-07-12 22:48:03.411,0,76.38,5753808,0.7500000000618456,0,6.2772383964811995,92976786599,null_state
1689202083.938,2023-07-12 22:48:03.938,0,62.15,5753808,1.1875000000145661,0,6.234675020516621,92977535849,null_state
1689202084.467,2023-07-12 22:48:04.467,0,91.62,5753880,1.1875000000145661,0,6.234675020516621,92977802113,null_state
1689202084.995,2023-07-12 22:48:04.995,0,82.15,5753916,0.5000000000108997,0,6.240344447564323,92978082334,null_state
1689202085.529,2023-07-12 22:48:05.529,0,66.59,5753952,0.5000000000108997,0,6.240344447564323,92978796131,null_state
1689202086.064,2023-07-12 22:48:06.064,0,62.89,5753988,0.8125000000291038,0,6.229115324315003,92979071219,null_state
1689202086.595,2023-07-12 22:48:06.595,0,107.61,5754024,0.8125000000291038,0,6.229115324315003,92979788901,null_state
1689202087.127,2023-07-12 22:48:07.127,0,84.26,5754060,2.4374999998599236,0,6.24356321904947,92980101291,null_state
1689202087.665,2023-07-12 22:48:07.665,0,69.27,5754096,2.4374999998599236,0,6.24356321904947,92980422585,null_state
1689202088.195,2023-07-12 22:48:08.195,0,60.23,5754168,0.8750000000418368,0,6.226176976103182,92981159467,null_state
1689202088.722,2023-07-12 22:48:08.722,0,90.8,5754204,0.8750000000418368,0,6.226176976103182,92981435250,null_state
1689202089.253,2023-07-12 22:48:09.253,0,85.96,5754240,1.3125000001309672,0,6.232480403594929,92982161668,null_state
1689202089.782,2023-07-12 22:48:09.782,0,67.25,5754276,0.062499999921783456,0,6.255670189067467,92982450211,null_state
1689202090.319,2023-07-12 22:48:10.319,0,60.33,5754312,0.062499999921783456,0,6.255670189067467,92982773188,null_state
1689202090.849,2023-07-12 22:48:10.849,0,90.6,5754348,1.812500000005457,0,6.29140586794234,92983515233,null_state
1689202091.377,2023-07-12 22:48:11.377,0,68.84,5754420,1.812500000005457,0,6.29140586794234,92983759600,null_state
1689202091.911,2023-07-12 22:48:11.911,0,65.49,5754420,0.7500000000163709,0,6.282578630990648,92984464707,null_state
1689202092.439,2023-07-12 22:48:12.439,0,85.07,5754492,0.7500000000163709,0,6.282578630990648,92984736116,null_state
1689202092.969,2023-07-12 22:48:12.969,0,85.64,5754528,0.5624999999781579,0,6.267777159085464,92984990299,null_state
1689202093.501,2023-07-12 22:48:13.501,0,76.59,5754564,0.5624999999781579,0,6.267777159085464,92985714273,null_state
1689202094.029,2023-07-12 22:48:14.029,0,63.07,5754600,1.3750000000072902,0,6.241624640768642,92985997363,null_state
1689202094.644,2023-07-12 22:48:14.644,0,90.37,5754636,1.3750000000072902,0,6.241624640768642,92986825651,null_to_cold_process
1689202094.908,2023-07-12 22:48:14.908,0,82.77,5754672,0.31249999997271516,0,6.252463609898551,92986967573,null_to_cold_process
1689202095.155,2023-07-12 22:48:15.155,0,64.8,5754708,0.31249999997271516,0,6.252463609898551,92987108095,null_to_cold_process
1689202095.398,2023-07-12 22:48:15.398,0,66.15,5754708,0.31249999997271516,0,6.252463609898551,92987245912,null_to_cold_process
1689202095.639,2023-07-12 22:48:15.639,0,67.99,5754708,0.31249999997271516,0,6.252463609898551,92987352546,null_to_cold_process
1689202096.008,2023-07-12 22:48:16.008,0,66.71,5754744,0.7500000000618314,0,6.24220987194776,92987811248,null_to_cold_process
1689202096.373,2023-07-12 22:48:16.373,0,86.7,5754780,0.7500000000618314,0,6.24220987194776,92989429341,null_to_cold_process
1689202096.726,2023-07-12 22:48:16.726,1,92.48,5754780,0.7500000000618314,0,6.24220987194776,92992126783,null_to_cold_process
1689202101.709,2023-07-12 22:48:21.709,2,76.17,5755212,1.812500000050946,0,6.484300503042776,92996188618,null_to_cold_process
1689202118.364,2023-07-12 22:48:38.364,5,80.43,5756544,1.187500000014552,0,6.464853758653344,93057631934,cold_state
1689202119.012,2023-07-12 22:48:39.012,5,88.97,5756616,0.6250000000363798,0,6.463646719346413,93060119080,cold_state
1689202119.639,2023-07-12 22:48:39.639,5,70.05,5756652,0.6250000000363798,0,6.463646719346413,93061980271,cold_state
1689202120.266,2023-07-12 22:48:40.266,5,62.84,5756688,1.9374999998944986,0,6.449869402004685,93064207668,cold_state
1689202120.959,2023-07-12 22:48:40.959,5,92.79,5756760,0.7500000000618599,0,6.458781985169998,93066324973,cold_state
1689202121.581,2023-07-12 22:48:41.581,5,69.91,5756796,0.7500000000618599,0,6.458781985169998,93068549751,cold_state
1689202122.214,2023-07-12 22:48:42.214,5,63.62,5756832,2.0000000000436415,0,6.4674629143269105,93070402459,cold_state
1689202122.859,2023-07-12 22:48:42.859,5,87.48,5756904,1.1249999999108553,0,6.481130500822554,93072279056,cold_state
1689202123.578,2023-07-12 22:48:43.578,5,71.15,5756976,1.1249999999108553,0,6.481130500822554,93074891258,cold_state
1689202124.203,2023-07-12 22:48:44.203,5,67.09,5757012,1.8750000001091394,0,6.497529166154081,93076634056,cold_state
1689202124.872,2023-07-12 22:48:44.872,5,86.87,5757048,1.0624999999436113,0,6.498077820384504,93078902852,cold_state
1689202125.494,2023-07-12 22:48:45.494,5,90.57,5757120,1.0624999999436113,0,6.498077820384504,93080870936,cold_state
1689202126.162,2023-07-12 22:48:46.162,5,64.51,5757156,1.5624999999545253,0,6.5123915996404245,93083460293,cold_state
1689202126.781,2023-07-12 22:48:46.781,5,85.4,5757228,1.2500000000272706,0,6.511623483717832,93085314028,cold_state
1689202127.41,2023-07-12 22:48:47.410,5,87.26,5757264,1.2500000000272706,0,6.511623483717832,93087631068,cold_state
1689202128.046,2023-07-12 22:48:48.046,5,69.31,5757300,0.624999999990905,0,6.527010186802134,93089460677,cold_state
1689202128.671,2023-07-12 22:48:48.671,5,92.74,5757336,0.624999999990905,0,6.527010186802134,93091806354,cold_state
1689202129.315,2023-07-12 22:48:49.315,5,85.87,5757408,1.5625000000909637,0,6.533654999148367,93093897451,cold_state
1689202129.997,2023-07-12 22:48:49.997,5,68.08,5757444,1.9999999999072315,0,6.5475054703874855,93096407077,cold_state
1689202130.663,2023-07-12 22:48:50.663,5,90.65,5757516,1.9999999999072315,0,6.5475054703874855,93098349867,cold_state
1689202131.289,2023-07-12 22:48:51.289,5,63.51,5757552,0.4374999999981952,0,6.536337308719323,93100810637,cold_state
1689202131.915,2023-07-12 22:48:51.915,5,64.39,5757588,1.187500000014552,0,6.524900916094064,93102431893,cold_state
1689202132.541,2023-07-12 22:48:52.541,5,75.2,5757660,1.187500000014552,0,6.524900916094064,93105135905,cold_state
1689202133.179,2023-07-12 22:48:53.179,5,65.09,5757696,1.6249999999672724,0,6.513927831485608,93107275856,cold_state
1689202133.808,2023-07-12 22:48:53.808,5,92.36,5757732,2.312500000152795,0,6.478874922319705,93108917220,cold_state
1689202134.498,2023-07-12 22:48:54.498,5,88.91,5757804,2.312500000152795,0,6.478874922319705,93111407217,cold_state
1689202135.123,2023-07-12 22:48:55.123,5,71.39,5757840,1.499999999850857,0,6.486300042904761,93113250174,cold_state
1689202135.804,2023-07-12 22:48:55.804,5,64.38,5757876,0.24999999995998223,0,6.484349272307702,93116034170,cold_state
1689202136.426,2023-07-12 22:48:56.426,5,89.91,5757948,0.24999999995998223,0,6.484349272307702,93117916115,cold_state
1689202137.067,2023-07-12 22:48:57.067,5,87.63,5757984,1.9375000000763976,0,6.4886531599374635,93120417015,cold_state
1689202137.69,2023-07-12 22:48:57.690,5,74.1,5758056,1.9375000000763976,0,6.4886531599374635,93122557218,cold_state
1689202138.413,2023-07-12 22:48:58.413,5,89.63,5758092,1.24999999998181,0,6.482776463513823,93124846804,cold_state
1689202139.037,2023-07-12 22:48:59.037,5,87.33,5758164,0.1875000000836735,0,6.487824082433713,93126980636,cold_state
1689202139.671,2023-07-12 22:48:59.671,5,71.79,5758200,0.1875000000836735,0,6.487824082433713,93129266655,cold_state
1689202140.297,2023-07-12 22:49:00.297,5,84.25,5758236,1.9999999999527063,0,6.489177429535423,93131136754,cold_state
1689202140.917,2023-07-12 22:49:00.917,5,90.91,5758308,1.3750000000527507,0,6.473107956742149,93133509298,cold_state
1689202141.537,2023-07-12 22:49:01.537,5,71.49,5758344,1.3750000000527507,0,6.473107956742149,93135517874,cold_state
1689202142.164,2023-07-12 22:49:02.164,5,62.31,5758380,0.5625000000236469,0,6.454209866583141,93137779191,cold_state
1689202142.82,2023-07-12 22:49:02.820,5,83.29,5758452,2.062499999829015,0,6.4770826518336575,93139915797,cold_state
1689202143.494,2023-07-12 22:49:03.494,5,95.83,5758488,2.062499999829015,0,6.4770826518336575,93142674643,cold_state
1689202144.126,2023-07-12 22:49:04.126,5,68.65,5758524,0.9375000000545697,0,6.4897016991333825,93144438394,cold_state
1689202144.783,2023-07-12 22:49:04.783,5,83.45,5758596,1.3124999999490683,0,6.487738736220091,93146821529,cold_state
1689202145.403,2023-07-12 22:49:05.403,5,85.4,5758632,1.3124999999490683,0,6.487738736220091,93148696677,cold_state
1689202146.03,2023-07-12 22:49:06.030,5,67.76,5758704,1.24999999998181,0,6.475119688920366,93150802717,cold_state
1689202146.753,2023-07-12 22:49:06.753,5,105.4,5758776,1.24999999998181,0,6.475119688920366,93153091830,cold_state
1689202147.423,2023-07-12 22:49:07.423,5,90.52,5758812,3.0625000001236913,0,6.4664143751309915,93155245300,cold_state
1689202148.081,2023-07-12 22:49:08.081,5,79.53,5758884,1.0624999998981366,0,6.476290151278602,93157551384,cold_state
1689202148.707,2023-07-12 22:49:08.707,5,72.95,5758920,1.0624999998981366,0,6.476290151278602,93159390698,cold_state
1689202149.393,2023-07-12 22:49:09.393,5,96.38,5758956,1.68750000016189,0,6.486324427537224,93162373127,cold_state
1689202150.029,2023-07-12 22:49:10.029,5,90.02,5759028,0.8124999999381544,0,6.494225048455313,93164415095,cold_state
1689202150.686,2023-07-12 22:49:10.686,5,73.13,5759064,0.8124999999381544,0,6.494225048455313,93167108307,cold_state
1689202151.313,2023-07-12 22:49:11.313,5,64.37,5759100,1.249999999981796,0,6.479923461515624,93168933226,cold_state
1689202151.978,2023-07-12 22:49:11.978,5,96.72,5759172,2.187499999945416,0,6.47921630717419,93171451088,cold_state
1689202152.601,2023-07-12 22:49:12.601,5,85.18,5759244,2.187499999945416,0,6.47921630717419,93173274922,cold_state
1689202153.238,2023-07-12 22:49:13.238,5,65.99,5759280,0.437499999998181,0,6.584118996031036,93175110094,cold_state
1689202155.559,2023-07-12 22:49:15.559,5,72.86,5759460,1.4374999999745341,0,6.452027441977681,93176880606,cold_state
1689202157.95,2023-07-12 22:49:17.950,5,72.68,5759676,1.4374999999290594,0,6.500796706904155,93179595126,cold_state
1689202158.578,2023-07-12 22:49:18.578,5,69.42,5759712,1.4374999999290594,0,6.500796706904155,93181282482,cold_state
1689202159.304,2023-07-12 22:49:19.304,5,84.71,5759748,0.062499999921783456,0,6.504807978944357,93183771493,cold_state
1689202159.964,2023-07-12 22:49:19.964,5,70.85,5759820,2.0625000001018634,0,6.506356403105773,93185675790,cold_state
1689202160.697,2023-07-12 22:49:20.697,5,68.54,5759856,2.0625000001018634,0,6.506356403105773,93188241192,cold_state
1689202161.337,2023-07-12 22:49:21.337,5,80.88,5759928,0.8125000000745786,0,6.517341680030461,93190068473,cold_state
1689202161.996,2023-07-12 22:49:21.996,5,69.47,5759964,0.9374999999181455,0,6.507002595866049,93192576264,cold_state
1689202162.627,2023-07-12 22:49:22.627,5,68.83,5760000,0.9374999999181455,0,6.507002595866049,93194402639,cold_state
1689202163.266,2023-07-12 22:49:23.266,5,103.74,5760072,1.937500000030937,0,6.517573334038862,93197141618,cold_state
1689202163.905,2023-07-12 22:49:23.905,5,101.06,5760108,1.625000000012733,0,6.50061382216068,93199047080,cold_state
1689202164.551,2023-07-12 22:49:24.551,5,105.1,5760216,1.625000000012733,0,6.50061382216068,93201510054,cold_state
1689202165.177,2023-07-12 22:49:25.177,5,92.89,5760252,1.2500000000272848,0,6.480289231002573,93203567404,cold_state
1689202165.8,2023-07-12 22:49:25.800,5,65.88,5760324,0.9374999999181455,0,6.478106806397113,93205971440,cold_state
1689202166.421,2023-07-12 22:49:26.421,5,67.37,5760360,0.9374999999181455,0,6.478106806397113,93207953527,cold_state
1689202167.041,2023-07-12 22:49:27.041,5,103.21,5760396,1.3125000000400036,0,6.4502351714916335,93210451218,cold_state
1689202167.722,2023-07-12 22:49:27.722,5,87.63,5760468,1.3125000000400036,0,6.4502351714916335,93212334957,cold_state
1689202168.373,2023-07-12 22:49:28.373,5,67.34,5760504,1.3223552893775832,0,6.436945546799169,93215091153,cold_state
1689202168.996,2023-07-12 22:49:28.996,5,70.29,5760576,0.989478957930416,0,6.448064939202405,93216695961,cold_state
1689202169.619,2023-07-12 22:49:29.619,5,95.52,5760612,0.989478957930416,0,6.448064939202405,93219225923,cold_state
1689202170.241,2023-07-12 22:49:30.241,5,89.69,5760684,0.9375000000545697,0,6.494042163711838,93221106124,cold_state
1689202170.885,2023-07-12 22:49:30.885,5,66.47,5760720,1.5624999999545253,0,6.493700778857353,93223372007,cold_state
1689202171.52,2023-07-12 22:49:31.520,5,97.47,5760792,1.5624999999545253,0,6.493700778857353,93225497204,cold_state
1689202172.163,2023-07-12 22:49:32.163,5,89.79,5760828,1.12499999995633,0,6.485653850144485,93227112285,cold_state
1689202172.806,2023-07-12 22:49:32.806,5,66.36,5760864,0.6250000000363798,0,6.515171447741233,93229646932,cold_state
1689202173.429,2023-07-12 22:49:33.429,5,77.68,5760936,0.6250000000363798,0,6.515171447741233,93231485526,cold_state
1689202174.086,2023-07-12 22:49:34.086,5,94.98,5760972,1.68750000002548,0,6.521767490822539,93234051297,cold_state
1689202174.712,2023-07-12 22:49:34.712,5,91.45,5761008,1.68750000002548,0,6.521767490822539,93235932260,cold_state
1689202175.387,2023-07-12 22:49:35.387,5,69.95,5761080,1.9374999998944986,0,6.5240596462740825,93238372707,cold_state
1689202176.07,2023-07-12 22:49:36.070,5,98.68,5761116,1.5000000000782165,0,6.512879292289689,93240508591,cold_state
1689202176.697,2023-07-12 22:49:36.697,5,93.89,5761188,1.5000000000782165,0,6.512879292289689,93243212674,cold_state
1689202177.321,2023-07-12 22:49:37.321,5,72.03,5761260,1.1875000000600267,0,6.51417167781024,93245048867,cold_state
1689202177.962,2023-07-12 22:49:37.962,5,68.95,5761296,0.7500000001073204,0,6.51770744951741,93247328443,cold_state
1689202178.591,2023-07-12 22:49:38.591,5,97.71,5761332,0.7500000001073204,0,6.51770744951741,93249455730,cold_state
1689202179.211,2023-07-12 22:49:39.211,5,85.78,5761404,1.0624999998071871,0,6.522328337369193,93251925530,cold_state
1689202179.843,2023-07-12 22:49:39.843,5,66.01,5761440,1.749999999992724,0,6.515464063330792,93253558959,cold_state
1689202180.471,2023-07-12 22:49:40.471,5,71.44,5761476,1.749999999992724,0,6.515464063330792,93256228570,cold_state
1689202181.126,2023-07-12 22:49:41.126,5,69.08,5761548,1.2500000000272848,0,6.498321666709137,93258059408,cold_state
1689202181.748,2023-07-12 22:49:41.748,5,67.59,5761584,1.2500000000272848,0,6.498321666709137,93259894535,cold_state
1689202182.414,2023-07-12 22:49:42.414,5,83.23,5761656,1.4375000000200089,0,6.521535836814138,93262361912,cold_state
1689202183.038,2023-07-12 22:49:43.038,5,69.34,5761692,0.8749999999508873,0,6.530594727774231,93264213553,cold_state
1689202183.689,2023-07-12 22:49:43.689,5,72.63,5761728,0.8749999999508873,0,6.530594727774231,93266717754,cold_state
1689202184.347,2023-07-12 22:49:44.347,5,95.44,5761800,1.937500000030937,0,6.4882508135018195,93268585990,cold_state
1689202185.057,2023-07-12 22:49:45.057,5,77.14,5761872,1.2500000000272848,0,6.50294255456092,93271287496,cold_state
1689202185.689,2023-07-12 22:49:45.689,5,72.08,5761908,1.2500000000272848,0,6.50294255456092,93272873620,cold_state
1689202186.383,2023-07-12 22:49:46.383,5,89.08,5761980,1.5624999998635758,0,6.5257178012815835,93275636236,cold_state
1689202187.008,2023-07-12 22:49:47.008,5,69.79,5762016,1.625000000149143,0,6.51642725631309,93277228721,cold_state
1689202187.639,2023-07-12 22:49:47.639,5,71.32,5762052,1.625000000149143,0,6.51642725631309,93279684997,cold_state
1689202188.278,2023-07-12 22:49:48.278,5,88.54,5762124,1.4210854715202004e-14,0,6.504210555449008,93281537161,cold_state
1689202188.901,2023-07-12 22:49:48.901,5,75.2,5762160,1.937499999985448,0,6.525449570324487,93284009293,cold_state
1689202189.526,2023-07-12 22:49:49.526,5,71.25,5762232,1.937499999985448,0,6.525449570324487,93285830036,cold_state
1689202190.169,2023-07-12 22:49:50.169,5,88.73,5762268,1.24999999998181,0,6.481923001377609,93288121979,cold_state
1689202190.815,2023-07-12 22:49:50.815,5,87.48,5762340,0.9374999999636202,0,6.468182260984576,93290011690,cold_state
1689202191.455,2023-07-12 22:49:51.455,5,67.88,5762376,0.9374999999636202,0,6.468182260984576,93292462209,cold_state
1689202192.075,2023-07-12 22:49:52.075,5,93.81,5762412,1.2500000000727596,0,6.503735055115975,93294306668,cold_state
1689202192.699,2023-07-12 22:49:52.699,5,92.65,5762484,1.2500000000727596,0,6.503735055115975,93296503165,cold_state
1689202193.384,2023-07-12 22:49:53.384,5,76.28,5762520,1.1249999999108553,0,6.496139242103677,93298661252,cold_state
1689202194.025,2023-07-12 22:49:54.025,5,95.06,5762592,1.999999999998181,0,6.464134411995678,93300674729,cold_state
1689202194.668,2023-07-12 22:49:54.668,5,93.37,5762628,1.999999999998181,0,6.464134411995678,93302743359,cold_state
1689202195.304,2023-07-12 22:49:55.304,5,68.43,5762700,0.7500000000163709,0,6.483764041128584,93304773852,cold_state
1689202196.121,2023-07-12 22:49:56.121,5,91.06,5762772,2.0000000000436557,0,6.469559992718748,93307309586,cold_state
1689202196.743,2023-07-12 22:49:56.743,5,85.18,5762808,2.0000000000436557,0,6.469559992718748,93309138437,cold_state
1689202197.404,2023-07-12 22:49:57.404,5,65.78,5762844,1.1250000000472795,0,6.485263696025073,93311605905,cold_state
1689202198.032,2023-07-12 22:49:58.032,5,94.51,5762916,0.9374999999636202,0,6.512050214785939,93313476831,cold_state
1689202198.698,2023-07-12 22:49:58.698,5,85.38,5762988,0.9374999999636202,0,6.512050214785939,93315687599,cold_state
1689202199.344,2023-07-12 22:49:59.344,5,69.56,5763024,1.1249999999563443,0,6.495505241659632,93317777555,cold_to_null_process
1689202199.821,2023-07-12 22:49:59.821,5,77.3,5763060,1.3125000000854925,0,6.495151664488915,93319736874,cold_to_null_process
1689202200.563,2023-07-12 22:50:00.563,5,94.35,5763132,1.3125000000854925,0,6.495151664488915,93323945913,cold_to_null_process
1689202201.199,2023-07-12 22:50:01.199,5,68.87,5763168,1.8124999998235722,0,6.505441979388402,93327167652,cold_to_null_process
1689202201.911,2023-07-12 22:50:01.911,5,93.82,5763240,2.00000000018008,0,6.5206579900454615,93332471316,cold_to_null_process
1689202202.498,2023-07-12 22:50:02.498,5,85.58,5763276,2.00000000018008,0,6.5206579900454615,93335038557,cold_to_null_process
1689202329.748,2023-07-12 22:52:09.748,0,90.37,5773500,1.249999999845386,0,6.306499955437084,93555873706,warm_disk_state
1689202330.28,2023-07-12 22:52:10.280,0,78.19,5773572,-0.3749999998944986,0,6.320569888368372,93556340328,warm_disk_state
1689202330.838,2023-07-12 22:52:10.838,0,63.08,5773572,1.9374999998944986,0,6.321789119991533,93556662257,warm_disk_state
1689202331.38,2023-07-12 22:52:11.380,0,71.97,5773608,1.9374999998944986,0,6.321789119991533,93557496185,warm_disk_state
1689202331.907,2023-07-12 22:52:11.907,0,92.61,5773680,0.875000000041851,0,6.319301887480283,93557766565,warm_disk_state
1689202332.443,2023-07-12 22:52:12.443,0,66.66,5773716,0.875000000041851,0,6.319301887480283,93558019360,warm_disk_state
1689202332.971,2023-07-12 22:52:12.971,0,70.12,5773752,1.1250000000472937,0,6.351233563690892,93558737639,warm_disk_state
1689202333.5,2023-07-12 22:52:13.500,0,99.15,5773788,1.1250000000472937,0,6.351233563690892,93559091842,warm_disk_state
1689202334.039,2023-07-12 22:52:14.039,0,84.37,5773860,1.1249999999108553,0,6.346271290984623,93559962922,warm_disk_state
1689202334.567,2023-07-12 22:52:14.567,0,68.46,5773896,1.1249999999108553,0,6.346271290984623,93560381763,warm_disk_state
1689202335.104,2023-07-12 22:52:15.104,0,62.01,5773932,0.37500000007639755,0,6.346673637420267,93560651037,warm_disk_state
1689202335.641,2023-07-12 22:52:15.641,0,87.01,5773968,0.37500000007639755,0,6.346673637420267,93561403009,warm_disk_state
1689202336.167,2023-07-12 22:52:16.167,0,82.19,5774004,1.6249999999217835,0,6.366315458869404,93561670691,warm_disk_state
1689202336.696,2023-07-12 22:52:16.696,0,65.37,5774040,1.6249999999217835,0,6.366315458869404,93562373701,warm_disk_state
1689202337.227,2023-07-12 22:52:17.227,0,58.22,5774076,0.6250000000363656,0,6.441200665164004,93562631793,warm_disk_state
1689202337.761,2023-07-12 22:52:17.761,0,85.81,5774112,0.6250000000363656,0,6.320972234804015,93563584828,warm_disk_state
1689202338.288,2023-07-12 22:52:18.288,0,63.57,5774184,0.12500000002548006,0,6.320972234804015,93564294973,warm_disk_state
1689202338.816,2023-07-12 22:52:18.816,0,67.54,5774220,0.8750000000418368,0,6.350258178392362,93564583245,warm_disk_state
1689202339.346,2023-07-12 22:52:19.346,0,60.28,5774220,0.8750000000418368,0,6.350258178392362,93565273461,warm_disk_state
1689202339.889,2023-07-12 22:52:19.889,0,89.02,5774292,1.5624999998635758,0,6.352294295203043,93565562439,warm_disk_state
1689202340.422,2023-07-12 22:52:20.422,0,69.49,5774328,1.5624999998635758,0,6.352294295203043,93565923670,warm_disk_state
1689202340.95,2023-07-12 22:52:20.950,0,65.76,5774364,9.093525932257762e-11,0,6.353001449544476,93566684264,warm_disk_state
1689202341.478,2023-07-12 22:52:21.478,0,90.08,5774400,9.093525932257762e-11,0,6.353001449544476,93567109943,warm_disk_state
1689202342.013,2023-07-12 22:52:22.013,0,87.48,5774436,1.5624999999090505,0,6.339516747792306,93567834974,warm_disk_state
1689202342.545,2023-07-12 22:52:22.545,0,69.08,5774472,1.5624999999090505,0,6.339516747792306,93568096373,warm_disk_state
1689202343.075,2023-07-12 22:52:23.075,0,68.27,5774544,0.624999999990905,0,6.342564826850211,93568367750,warm_disk_state
1689202343.607,2023-07-12 22:52:23.607,0,95.4,5774544,0.624999999990905,0,6.342564826850211,93569109259,warm_disk_state
1689202344.137,2023-07-12 22:52:24.137,0,87.43,5774616,1.062500000125496,0,6.297794641647708,93569400952,warm_disk_state
1689202344.665,2023-07-12 22:52:24.665,0,67.47,5774652,1.062500000125496,0,6.297794641647708,93570109085,warm_disk_state
1689202345.196,2023-07-12 22:52:25.196,0,66.3,5774688,0.8124999999836291,0,6.2657654269072465,93570377370,warm_disk_state
1689202345.724,2023-07-12 22:52:25.724,0,86.87,5774724,0.8124999999836291,0,6.2657654269072465,93570645226,warm_disk_state
1689202346.257,2023-07-12 22:52:26.257,0,66.73,5774760,1.3750000000072902,0,6.297319141314675,93571349499,warm_disk_state
1689202346.785,2023-07-12 22:52:26.785,0,63.33,5774796,0.437499999998181,0,6.287870096235171,93571646016,warm_disk_state
1689202347.318,2023-07-12 22:52:27.318,0,60.87,5774832,0.437499999998181,0,6.287870096235171,93572139804,warm_disk_state
1689202347.848,2023-07-12 22:52:27.848,0,87.73,5774904,1.3124999999035936,0,6.303525030276569,93572610804,warm_disk_state
1689202348.39,2023-07-12 22:52:28.390,0,82.12,5774940,1.3124999999035936,0,6.303525030276569,93572833016,warm_disk_state
1689202348.943,2023-07-12 22:52:28.943,0,67.34,5774976,0.31249999997271516,0,6.284236785998148,93573563393,warm_disk_state
1689202349.471,2023-07-12 22:52:29.471,0,64.45,5775012,0.31249999997271516,0,6.284236785998148,93573822522,warm_disk_state
1689202350.013,2023-07-12 22:52:30.013,0,63.42,5775048,1.1875000000600267,0,6.299135796433186,93574130803,warm_disk_state
1689202350.551,2023-07-12 22:52:30.551,0,90.47,5775084,1.1875000000600267,0,6.299135796433186,93574825316,warm_disk_state
1689202351.079,2023-07-12 22:52:31.079,0,73.99,5775156,1.3125000001309672,0,6.298367680510594,93575234013,warm_disk_state
1689202351.61,2023-07-12 22:52:31.610,0,63.62,5775192,1.3125000001309672,0,6.298367680510594,93576016466,warm_disk_state
1689202352.142,2023-07-12 22:52:32.142,0,84.81,5775228,0.9374999999636202,0,6.269008583024857,93576301363,warm_disk_state
1689202352.668,2023-07-12 22:52:32.668,0,87.22,5775264,0.9374999999636202,0,6.269008583024857,93576552026,warm_disk_state
1689202353.205,2023-07-12 22:52:33.205,0,82.88,5775300,0.9999999998399289,0,6.2715323924848025,93577262402,warm_disk_state
1689202353.733,2023-07-12 22:52:33.733,0,65.23,5775336,0.9999999998399289,0,6.2715323924848025,93577522799,warm_disk_state
1689202354.262,2023-07-12 22:52:34.262,0,65.21,5775372,1.1875000000600267,0,6.279615898146365,93578230577,warm_disk_state
1689202354.791,2023-07-12 22:52:34.791,0,86.57,5775408,0.18750000003819878,0,6.2823957462471745,93578518829,warm_disk_state
1689202355.33,2023-07-12 22:52:35.330,0,66.21,5775480,0.18750000003819878,0,6.2823957462471745,93578764697,warm_disk_state
1689202355.863,2023-07-12 22:52:35.863,0,57.78,5775516,0.8750000000418225,0,6.3167049241229485,93579506738,warm_disk_state
1689202356.39,2023-07-12 22:52:36.390,0,96.01,5775552,0.8750000000418225,0,6.3167049241229485,93579759581,warm_disk_state
1689202356.917,2023-07-12 22:52:36.917,0,85.25,5775588,1.3749999998708518,0,6.315546654080944,93580468534,warm_disk_state
1689202357.445,2023-07-12 22:52:37.445,0,64.35,5775624,1.3749999998708518,0,6.315546654080944,93580722219,warm_disk_state
1689202357.982,2023-07-12 22:52:37.982,0,62.22,5775660,0.6875000000945732,0,6.303939569028444,93581003493,warm_disk_state
1689202358.522,2023-07-12 22:52:38.522,0,81.48,5775696,0.6875000000945732,0,6.303939569028444,93581698151,warm_disk_state
1689202359.049,2023-07-12 22:52:39.049,0,82.81,5775768,0.687500000003638,0,6.291686291215667,93581966669,warm_disk_state
1689202359.579,2023-07-12 22:52:39.579,0,66.16,5775768,0.687500000003638,0,6.291686291215667,93582662170,warm_disk_state
1689202360.105,2023-07-12 22:52:40.105,0,61.31,5775804,1.2499999999363212,0,6.29133271404495,93582956585,warm_disk_state
1689202360.639,2023-07-12 22:52:40.639,0,89.25,5775876,1.2499999999363212,0,6.29133271404495,93583214940,warm_disk_state
1689202361.172,2023-07-12 22:52:41.172,0,82.56,5775912,1.0625000000800213,0,6.29720941046859,93584065094,warm_disk_state
1689202361.709,2023-07-12 22:52:41.709,0,63.53,5775948,1.0625000000800213,0,6.29720941046859,93584393664,warm_disk_state
1689202362.24,2023-07-12 22:52:42.240,0,60.31,5775984,0.7500000000163851,0,6.295953601896734,93585115606,warm_disk_state
1689202362.766,2023-07-12 22:52:42.766,0,89.15,5776020,0.9999999999308642,0,6.317838809532489,93585385144,warm_disk_state
1689202363.297,2023-07-12 22:52:43.297,0,82.07,5776056,0.9999999999308642,0,6.317838809532489,93585629940,warm_disk_state
1689202363.827,2023-07-12 22:52:43.827,0,60.38,5776128,0.6874999999581775,0,6.282993169742523,93586452050,warm_disk_state
1689202364.356,2023-07-12 22:52:44.356,0,56.82,5776128,0.6874999999581775,0,6.282993169742523,93586713781,warm_disk_state
1689202364.884,2023-07-12 22:52:44.884,0,93.24,5776200,1.3750000000982112,0,6.2964656791784614,93587437701,warm_disk_state
1689202365.413,2023-07-12 22:52:45.413,0,86.22,5776236,1.3750000000982112,0,6.2964656791784614,93587714168,warm_disk_state
1689202365.942,2023-07-12 22:52:45.942,0,59.76,5776272,1.7499999999017746,0,6.302964183729914,93588009397,warm_disk_state
1689202366.47,2023-07-12 22:52:46.470,0,73.31,5776308,1.7499999999017746,0,6.302964183729914,93588704499,warm_disk_state
1689202366.995,2023-07-12 22:52:46.995,0,84.24,5776344,0.06249999996725819,0,6.302110721593701,93588974672,warm_disk_state
1689202367.52,2023-07-12 22:52:47.520,0,68.06,5776380,0.06249999996725819,0,6.302110721593701,93589214984,warm_disk_state
1689202368.048,2023-07-12 22:52:48.048,0,68.36,5776416,1.6250000001946319,0,6.290832829079454,93589945916,warm_disk_state
1689202368.575,2023-07-12 22:52:48.575,0,94.04,5776452,1.6250000001946319,0,6.290832829079454,93590193570,warm_disk_state
1689202369.105,2023-07-12 22:52:49.105,0,82.0,5776524,0.7976071784301411,0,6.312839959877525,93590894141,warm_disk_state
1689202369.649,2023-07-12 22:52:49.649,0,67.46,5776560,0.7976071784301411,0,6.312839959877525,93591128091,warm_disk_state
1689202370.212,2023-07-12 22:52:50.212,0,57.88,5776596,0.7021063189787498,0,6.3265685079543275,93591410373,warm_disk_state
1689202370.748,2023-07-12 22:52:50.748,0,68.74,5776632,0.7021063189787498,0,6.3265685079543275,93592204375,warm_disk_state
1689202371.276,2023-07-12 22:52:51.276,0,89.12,5776668,1.1874999999690772,0,6.336663745794108,93592673986,warm_disk_state
1689202371.805,2023-07-12 22:52:51.805,0,61.2,5776704,1.1249999998653806,0,6.307414379154455,93593439167,warm_disk_state
1689202372.339,2023-07-12 22:52:52.339,0,57.81,5776740,1.1249999998653806,0,6.307414379154455,93593694008,warm_disk_state
1689202372.873,2023-07-12 22:52:52.873,0,96.35,5776776,1.3125000000854783,0,6.2846025554850975,93593970262,warm_disk_state
1689202373.405,2023-07-12 22:52:53.405,0,97.7,5776848,1.3125000000854783,0,6.2846025554850975,93594682592,warm_disk_state
1689202373.935,2023-07-12 22:52:53.935,0,83.38,5776884,1.375000000007276,0,6.265107041830739,93594983123,warm_disk_state
1689202374.466,2023-07-12 22:52:54.466,0,67.63,5776920,1.375000000007276,0,6.265107041830739,93595684826,warm_disk_state
1689202374.994,2023-07-12 22:52:54.994,0,58.31,5776956,0.3125000000181899,0,6.2805912834448945,93595945212,warm_disk_state
1689202375.523,2023-07-12 22:52:55.523,0,93.07,5776992,0.3125000000181899,0,6.2805912834448945,93596216090,warm_disk_state
1689202376.057,2023-07-12 22:52:56.057,0,85.11,5777064,1.2500000000272848,0,6.28704101873142,93596940783,warm_disk_state
1689202376.585,2023-07-12 22:52:56.585,0,65.36,5777064,1.2500000000272848,0,6.28704101873142,93597209096,warm_disk_state
1689202377.113,2023-07-12 22:52:57.113,0,64.33,5777136,0.4999999999654392,0,6.2699230067422285,93597914920,warm_disk_state
1689202377.64,2023-07-12 22:52:57.640,0,68.01,5777172,0.4999999999654392,0,6.2699230067422285,93598168131,warm_disk_state
1689202378.17,2023-07-12 22:52:58.170,0,89.94,5777208,1.1874999999235882,0,6.254621649871547,93598443442,warm_disk_state
1689202378.7,2023-07-12 22:52:58.700,0,89.86,5777244,1.1874999999235882,0,6.254621649871547,93599168565,warm_disk_state
1689202379.228,2023-07-12 22:52:59.228,0,61.1,5777280,0.8125000000291038,0,6.25758438271583,93599423345,warm_disk_state
1689202379.755,2023-07-12 22:52:59.755,0,68.51,5777316,0.8125000000291038,0,6.25758438271583,93600126805,warm_disk_state
1689202380.294,2023-07-12 22:53:00.294,0,88.34,5777352,0.9375000001000302,0,6.260937269679526,93600411867,warm_disk_state
1689202380.828,2023-07-12 22:53:00.828,0,82.72,5777424,0.9374999999181455,0,6.294149139094454,93600721617,warm_disk_state
1689202381.39,2023-07-12 22:53:01.390,0,70.24,5777460,0.9374999999181455,0,6.294149139094454,93601679868,warm_disk_state
1689202381.917,2023-07-12 22:53:01.917,0,63.28,5777496,1.3125000000400178,0,6.28583397942449,93601952093,warm_disk_state
1689202382.446,2023-07-12 22:53:02.446,0,93.75,5777532,1.3125000000400178,0,6.28583397942449,93602666432,warm_disk_state
1689202382.971,2023-07-12 22:53:02.971,0,88.22,5777568,0.8124999999836291,0,6.304853992745815,93602923653,warm_disk_state
1689202383.512,2023-07-12 22:53:03.512,0,78.29,5777640,0.8124999999836291,0,6.304853992745815,93603158391,warm_disk_state
1689202384.041,2023-07-12 22:53:04.041,0,61.99,5777676,1.3749999999618012,0,6.297977526391183,93603911544,warm_disk_state
1689202384.622,2023-07-12 22:53:04.622,0,63.34,5777712,1.3749999999618012,0,6.297977526391183,93604180735,warm_disk_state
1689202385.152,2023-07-12 22:53:05.152,0,85.33,5777748,1.187500000014552,0,6.326897700492581,93604899176,warm_disk_state
1689202385.683,2023-07-12 22:53:05.683,0,84.93,5777784,1.187500000014552,0,6.326897700492581,93605165263,warm_disk_state
1689202386.212,2023-07-12 22:53:06.212,0,61.62,5777820,-0.0624999999672724,0,6.310876996964235,93605439371,warm_disk_state
1689202386.75,2023-07-12 22:53:06.750,0,62.81,5777856,-0.0624999999672724,0,6.310876996964235,93606146994,warm_disk_state
1689202387.279,2023-07-12 22:53:07.279,0,87.57,5777892,0.874999999996362,0,6.323374121101644,93606408789,warm_disk_state
1689202387.809,2023-07-12 22:53:07.809,0,87.49,5777964,2.312500000016371,0,6.286687441560704,93607143044,warm_disk_state
1689202388.352,2023-07-12 22:53:08.352,0,66.24,5778000,2.312500000016371,0,6.286687441560704,93607390722,warm_disk_state
1689202388.912,2023-07-12 22:53:08.912,0,67.53,5778036,1.5624999999545253,0,6.267484543495905,93607654991,warm_disk_state
1689202389.448,2023-07-12 22:53:09.448,0,90.19,5778072,1.5624999999545253,0,6.267484543495905,93608355018,warm_disk_state
1689202389.975,2023-07-12 22:53:09.975,0,90.83,5778108,0.5624999999781579,0,6.277579781335685,93608626047,warm_disk_state
1689202390.501,2023-07-12 22:53:10.501,0,74.26,5778180,0.5624999999781579,0,6.277579781335685,93609333797,warm_disk_state
1689202391.03,2023-07-12 22:53:11.030,0,64.3,5778216,1.2499999998908606,0,6.244892181518717,93609643215,warm_disk_state
1689202391.56,2023-07-12 22:53:11.560,0,67.46,5778216,1.2499999998908606,0,6.244892181518717,93610078921,warm_disk_state
1689202392.091,2023-07-12 22:53:12.091,0,87.45,5778288,1.0000000001127631,0,6.2735319323467875,93610801087,warm_disk_state
1689202392.622,2023-07-12 22:53:12.622,0,85.9,5778324,1.0000000001127631,0,6.2735319323467875,93611070806,warm_disk_state
1689202393.154,2023-07-12 22:53:13.154,0,64.27,5778360,0.5625000000236327,0,6.271910354287982,93611780520,warm_disk_state
1689202393.775,2023-07-12 22:53:13.775,0,61.84,5778396,1.4375000000654836,0,6.2897111359861455,93612187035,warm_disk_to_warm_cpu_process
1689202394.051,2023-07-12 22:53:14.051,0,96.8,5778432,1.4375000000654836,0,6.2897111359861455,93612332315,warm_disk_to_warm_cpu_process
1689202394.344,2023-07-12 22:53:14.344,0,88.16,5778432,1.4375000000654836,0,6.2897111359861455,93612461811,warm_disk_to_warm_cpu_process
1689202394.602,2023-07-12 22:53:14.602,0,87.93,5778468,1.4375000000654836,0,6.2897111359861455,93613032930,warm_disk_to_warm_cpu_process
1689202394.839,2023-07-12 22:53:14.839,0,86.62,5778504,1.0104790418998277,0,6.294100369829528,93613167635,warm_disk_to_warm_cpu_process
1689202395.085,2023-07-12 22:53:15.085,0,74.44,5778504,1.0104790418998277,0,6.294100369829528,93613295681,warm_disk_to_warm_cpu_process
1689202395.32,2023-07-12 22:53:15.320,0,60.31,5778540,1.0104790418998277,0,6.294100369829528,93613412052,warm_disk_to_warm_cpu_process
1689202395.583,2023-07-12 22:53:15.583,0,67.31,5778540,1.0104790418998277,0,6.294100369829528,93613543883,warm_disk_to_warm_cpu_process
1689202397.085,2023-07-12 22:53:17.085,0,89.78,5778684,1.4999999998508429,0,6.318984887258261,93614132955,warm_disk_to_warm_cpu_process
1689202400.513,2023-07-12 22:53:20.513,0,64.32,5778936,0.3749999999854623,0,6.334920244572986,93615269693,warm_disk_to_warm_cpu_process
1689202400.858,2023-07-12 22:53:20.858,0,87.9,5778936,1.3750000000527507,0,6.317692501737709,93617005018,warm_disk_to_warm_cpu_process
1689202401.342,2023-07-12 22:53:21.342,1,98.67,5779008,1.3750000000527507,0,6.317692501737709,93619741338,warm_disk_to_warm_cpu_process
1689202401.963,2023-07-12 22:53:21.963,2,98.16,5779044,3.187499999967258,0,6.28100582219677,93624890250,warm_disk_to_warm_cpu_process
1689202402.842,2023-07-12 22:53:22.842,3,111.44,5779152,11.312499999985448,0,6.639740342679678,93631758151,warm_disk_to_warm_cpu_process
1689202403.572,2023-07-12 22:53:23.572,4,144.51,5779224,11.312499999985448,0.07,6.639740342679678,93638642537,warm_disk_to_warm_cpu_process
1689202404.427,2023-07-12 22:53:24.427,5,129.88,5779368,47.18750000001819,0.07,9.685515052816504,93645457500,warm_disk_to_warm_cpu_process
1689202405.304,2023-07-12 22:53:25.304,5,108.47,5779476,32.62500000005275,0.07,13.037036477093626,93649177897,warm_disk_to_warm_cpu_process
1689202406.803,2023-07-12 22:53:26.803,5,100.67,5779620,3.7499999998999556,0.16,13.343502537891586,93659354534,warm_disk_to_warm_cpu_process
1689202428.354,2023-07-12 22:53:48.354,5,92.68,5781528,1.6875000000709548,0,13.126674386028483,93726159136,warm_cpu_state
1689202429.002,2023-07-12 22:53:49.002,5,66.97,5781600,1.7499999999472493,0,13.115823224582343,93728599699,warm_cpu_state
1689202429.628,2023-07-12 22:53:49.628,5,64.85,5781636,1.7499999999472493,0,13.115823224582343,93730143218,warm_cpu_state
1689202430.281,2023-07-12 22:53:50.281,5,89.26,5781708,2.1249999999326974,0,13.124930884807362,93732569632,warm_cpu_state
1689202430.939,2023-07-12 22:53:50.939,5,64.09,5781744,1.1249999999563443,0,13.140524857267602,93734483141,warm_cpu_state
1689202431.598,2023-07-12 22:53:51.598,5,73.0,5781816,1.1249999999563443,0,13.140524857267602,93737096485,warm_cpu_state
1689202432.241,2023-07-12 22:53:52.241,5,83.33,5781852,3.1250000000909495,0,13.155533598548724,93738952798,warm_cpu_state
1689202432.888,2023-07-12 22:53:52.888,5,71.1,5781924,0.8749999999963478,0,13.157069830393908,93741387455,warm_cpu_state
1689202433.511,2023-07-12 22:53:53.511,5,78.19,5781960,0.8749999999963478,0,13.157069830393908,93743050877,warm_cpu_state
1689202434.15,2023-07-12 22:53:54.150,5,92.52,5781996,2.374999999983629,0,13.14525547596547,93745416707,warm_cpu_state
1689202434.778,2023-07-12 22:53:54.778,5,84.41,5782068,2.624999999989086,0,13.1578379463165,93747229539,warm_cpu_state
1689202435.424,2023-07-12 22:53:55.424,5,68.3,5782104,2.624999999989086,0,13.1578379463165,93749429224,warm_cpu_state
1689202436.053,2023-07-12 22:53:56.053,5,107.23,5782176,0.8750000000418368,0,13.122382690714954,93751226296,warm_cpu_state
1689202436.731,2023-07-12 22:53:56.731,5,74.21,5782212,0.8750000000418368,0,13.122382690714954,93753654885,warm_cpu_state
1689202437.362,2023-07-12 22:53:57.362,5,69.46,5782284,2.062500000010914,0,13.127003578566738,93755445399,warm_cpu_state
1689202437.991,2023-07-12 22:53:57.991,5,90.22,5782320,1.9374999998945128,0,13.136281931219,93757689505,warm_cpu_state
1689202438.62,2023-07-12 22:53:58.620,5,88.22,5782392,1.9374999998945128,0,13.136281931219,93759684691,warm_cpu_state
1689202439.255,2023-07-12 22:53:59.255,5,66.57,5782428,1.9374999999854623,0,13.134721314741352,93762139609,warm_cpu_state
1689202439.887,2023-07-12 22:53:59.887,5,79.96,5782464,2.0000000000891305,0,13.151071210807952,93763707697,warm_cpu_state
1689202440.67,2023-07-12 22:54:00.670,5,92.27,5782536,2.0000000000891305,0,13.151071210807952,93766374858,warm_cpu_state
1689202441.3,2023-07-12 22:54:01.300,5,65.68,5782572,1.187500000014552,0,13.18969646862972,93767924597,warm_cpu_state
1689202441.93,2023-07-12 22:54:01.930,5,84.79,5782644,1.187500000014552,0,13.18969646862972,93768546801,warm_cpu_state
1689202444.205,2023-07-12 22:54:04.205,5,84.61,5782824,2.37499999993814,0,13.10065598319021,93769994862,warm_cpu_state
1689202447.391,2023-07-12 22:54:07.391,5,83.72,5783076,1.1249999999563585,0,13.088475859274823,93772795751,warm_cpu_state
1689202448.027,2023-07-12 22:54:08.027,5,92.0,5783148,4.500000000007262,0,13.109836797312619,93774611646,warm_cpu_state
1689202448.713,2023-07-12 22:54:08.713,5,93.63,5783184,4.500000000007262,0,13.109836797312619,93777038322,warm_cpu_state
1689202449.405,2023-07-12 22:54:09.405,5,67.49,5783256,1.875000000018204,0,13.120273420006884,93778875035,warm_cpu_state
1689202450.067,2023-07-12 22:54:10.067,5,95.8,5783292,1.1874999999690772,0,13.130356465530433,93781316012,warm_cpu_state
1689202450.694,2023-07-12 22:54:10.694,5,92.44,5783364,1.1874999999690772,0,13.130356465530433,93783084431,warm_cpu_state
1689202451.364,2023-07-12 22:54:11.364,5,71.53,5783400,3.062500000032742,0,13.129393272548134,93785518458,warm_cpu_state
1689202451.986,2023-07-12 22:54:11.986,5,98.37,5783472,1.624999999967244,0,13.146035784204294,93787114898,warm_cpu_state
1689202452.636,2023-07-12 22:54:12.636,5,82.94,5783508,1.624999999967244,0,13.146035784204294,93789532870,warm_cpu_state
1689202453.261,2023-07-12 22:54:13.261,5,67.42,5783544,0.31249999997271516,0,13.148803439988871,93791319006,warm_cpu_state
1689202453.914,2023-07-12 22:54:13.914,5,70.88,5783616,2.5000000001000586,0,13.15022994098797,93793858296,warm_cpu_state
1689202454.541,2023-07-12 22:54:14.541,5,89.95,5783652,2.5000000001000586,0,13.15022994098797,93795716632,warm_cpu_state
1689202455.167,2023-07-12 22:54:15.167,5,75.82,5783724,1.6881827209749787,0,13.142987705146389,93797893193,warm_cpu_state
1689202455.789,2023-07-12 22:54:15.789,5,71.29,5783760,2.2532729102425435,0,13.133258236793557,93799815435,warm_cpu_state
1689202456.43,2023-07-12 22:54:16.430,5,105.97,5783832,2.2532729102425435,0,13.133258236793557,93802125141,warm_cpu_state
1689202457.057,2023-07-12 22:54:17.057,5,66.98,5783868,2.625000000125496,0,13.096388672509143,93803920360,warm_cpu_state
1689202457.739,2023-07-12 22:54:17.739,5,79.17,5783904,2.625000000125496,0,13.096388672509143,93806347930,warm_cpu_state
1689202458.396,2023-07-12 22:54:18.396,5,86.89,5783976,2.0625000000563745,0,13.165872682713136,93808182036,warm_cpu_state
1689202459.02,2023-07-12 22:54:19.020,5,66.45,5784012,2.3749999998926796,0,13.150949287645636,93810609195,warm_cpu_state
1689202459.648,2023-07-12 22:54:19.648,5,67.11,5784084,2.3749999998926796,0,13.150949287645636,93812390556,warm_cpu_state
1689202460.284,2023-07-12 22:54:20.284,5,86.7,5784120,1.7499999999472635,0,13.12529665429431,93814207617,warm_cpu_state
1689202460.919,2023-07-12 22:54:20.919,5,82.82,5784156,0.1249999999799769,0,13.160434909673835,93816506790,warm_cpu_state
1689202461.543,2023-07-12 22:54:21.543,5,70.39,5784228,0.1249999999799769,0,13.160434909673835,93818289490,warm_cpu_state
1689202462.268,2023-07-12 22:54:22.268,5,93.93,5784264,2.6875000000927685,0,13.142048896796554,93820747096,warm_cpu_state
1689202462.916,2023-07-12 22:54:22.916,5,60.11,5784336,1.937500000030937,0,13.191159546577513,93822566108,warm_cpu_state
1689202463.578,2023-07-12 22:54:23.578,5,95.76,5784372,1.937500000030937,0,13.191159546577513,93824975130,warm_cpu_state
1689202464.207,2023-07-12 22:54:24.207,5,86.0,5784444,1.5624999999999858,0,13.153046366037474,93826857437,warm_cpu_state
1689202464.852,2023-07-12 22:54:24.852,5,61.67,5784480,3.1249999999545395,0,13.133563044699347,93829167569,warm_cpu_state
1689202465.473,2023-07-12 22:54:25.473,5,72.98,5784516,3.1249999999545395,0,13.133563044699347,93830846816,warm_cpu_state
1689202466.193,2023-07-12 22:54:26.193,5,82.85,5784588,2.250000000003638,0,13.096656903466238,93833018769,warm_cpu_state
1689202466.818,2023-07-12 22:54:26.818,5,68.38,5784624,1.8749999999272262,0,13.091731207708666,93834940995,warm_cpu_state
1689202467.471,2023-07-12 22:54:27.471,5,62.09,5784660,1.8749999999272262,0,13.091731207708666,93837252449,warm_cpu_state
1689202468.135,2023-07-12 22:54:28.135,5,95.93,5784732,1.6875000000254659,0,13.093925824630356,93839071339,warm_cpu_state
1689202468.768,2023-07-12 22:54:28.768,5,93.04,5784804,1.6875000000254659,0,13.093925824630356,93841517059,warm_cpu_state
1689202469.399,2023-07-12 22:54:29.399,5,64.9,5784840,1.0625000001255103,0,13.12076111265615,93843331159,warm_cpu_state
1689202470.025,2023-07-12 22:54:30.025,5,107.12,5784912,1.8749999998817657,0,13.129344503283209,93845004203,warm_cpu_state
1689202470.687,2023-07-12 22:54:30.687,5,89.1,5784948,1.8749999998817657,0,13.129344503283209,93847552457,warm_cpu_state
1689202471.323,2023-07-12 22:54:31.323,5,82.73,5784984,1.937499999985448,0,13.157898907897659,93849354894,warm_cpu_state
1689202471.975,2023-07-12 22:54:31.975,5,88.12,5785056,1.187499999969063,0,13.141658742677143,93851818672,warm_cpu_state
1689202472.632,2023-07-12 22:54:32.632,5,88.99,5785128,1.187499999969063,0,13.141658742677143,93853629094,warm_cpu_state
1689202473.308,2023-07-12 22:54:33.308,5,64.71,5785164,1.7500000000381846,0,13.144072821291003,93856055959,warm_cpu_state
1689202473.934,2023-07-12 22:54:33.934,5,60.35,5785200,3.562499999998181,0,13.107166680057894,93857893239,warm_cpu_state
1689202474.627,2023-07-12 22:54:34.627,5,104.69,5785272,3.562499999998181,0,13.107166680057894,93860140827,warm_cpu_state
1689202475.303,2023-07-12 22:54:35.303,5,63.85,5785308,1.3125000000854783,0,13.140975972968171,93862182132,warm_cpu_state
1689202475.941,2023-07-12 22:54:35.941,5,86.58,5785380,2.8750000000400178,0,13.12875927210409,93864588119,warm_cpu_state
1689202476.574,2023-07-12 22:54:36.574,5,89.16,5785416,2.8750000000400178,0,13.12875927210409,93866172338,warm_cpu_state
1689202477.206,2023-07-12 22:54:37.206,5,60.66,5785488,1.87499999988178,0,13.153582827951665,93868586631,warm_cpu_state
1689202477.838,2023-07-12 22:54:37.838,5,57.2,5785524,0.4999999999654392,0,13.261106864798307,93870409080,warm_cpu_state
1689202478.462,2023-07-12 22:54:38.462,5,89.33,5785560,0.4999999999654392,0,13.261106864798307,93872593916,warm_cpu_state
1689202479.086,2023-07-12 22:54:39.086,5,80.78,5785632,1.375000000052765,0,13.102301945881479,93874388596,warm_cpu_state
1689202479.712,2023-07-12 22:54:39.712,5,68.71,5785668,1.375000000052765,0,13.102301945881479,93876801689,warm_cpu_state
1689202480.372,2023-07-12 22:54:40.372,5,93.25,5785740,1.8749999999727294,0,13.11904199606749,93878636060,warm_cpu_state
1689202480.996,2023-07-12 22:54:40.996,5,73.49,5785776,2.8749999999945572,0,13.112750760891975,93880420941,warm_cpu_state
1689202481.639,2023-07-12 22:54:41.639,5,73.97,5785812,2.8749999999945572,0,13.112750760891975,93882837281,warm_cpu_state
1689202482.263,2023-07-12 22:54:42.263,5,84.66,5785884,2.3125000001073346,0,13.12468703848273,93884645262,warm_cpu_state
1689202482.922,2023-07-12 22:54:42.922,5,79.43,5785920,1.7499999999017604,0,13.142463435548429,93887110855,warm_cpu_state
1689202483.617,2023-07-12 22:54:43.617,5,83.27,5785992,1.7499999999017604,0,13.142463435548429,93888890063,warm_cpu_state
1689202484.338,2023-07-12 22:54:44.338,5,89.09,5786064,2.375000000029118,0,13.164129181492015,93891486282,warm_cpu_state
1689202484.971,2023-07-12 22:54:44.971,5,77.22,5786100,1.312500000085464,0,13.137281701149991,93893167477,warm_cpu_state
1689202485.623,2023-07-12 22:54:45.623,5,70.46,5786136,1.312500000085464,0,13.137281701149991,93895727190,warm_cpu_state
1689202486.294,2023-07-12 22:54:46.294,5,90.53,5786208,2.249999999867228,0,13.148535209031776,93897508829,warm_cpu_state
1689202486.951,2023-07-12 22:54:46.951,5,102.23,5786280,0.5625000000236611,0,13.140829665173392,93899990052,warm_cpu_state
1689202487.573,2023-07-12 22:54:47.573,5,69.49,5786316,0.5625000000236611,0,13.140829665173392,93901756167,warm_cpu_state
1689202488.209,2023-07-12 22:54:48.209,5,107.52,5786352,2.5000000000545555,0,13.128747079787859,93903955787,warm_cpu_state
1689202488.844,2023-07-12 22:54:48.844,5,81.61,5786424,1.999999999952692,0,13.146755130861958,93906022968,warm_cpu_state
1689202489.485,2023-07-12 22:54:49.485,5,80.83,5786460,1.999999999952692,0,13.146755130861958,93908196144,warm_cpu_state
1689202490.108,2023-07-12 22:54:50.108,5,74.88,5786496,1.999999999998181,0,13.151522326508521,93909991951,warm_cpu_state
1689202490.734,2023-07-12 22:54:50.734,5,74.12,5786568,1.999999999998181,0,13.151522326508521,93912284300,warm_cpu_state
1689202491.37,2023-07-12 22:54:51.370,5,66.74,5786604,1.6250000000582077,0,13.173407534144276,93914336491,warm_cpu_state
1689202492.067,2023-07-12 22:54:52.067,5,74.21,5786676,1.9374999999854623,0,13.14932770958683,93916258068,warm_cpu_state
1689202492.814,2023-07-12 22:54:52.814,5,92.79,5786748,2.562499999976353,0,13.150437210363908,93918383108,warm_cpu_state
1689202493.44,2023-07-12 22:54:53.440,5,76.74,5786784,2.562499999976353,0,13.150437210363908,93920164007,warm_cpu_state
1689202494.109,2023-07-12 22:54:54.109,5,77.6,5786820,2.687500000001819,0,13.1090199121251,93922631407,warm_cpu_state
1689202494.739,2023-07-12 22:54:54.739,5,82.14,5786892,2.687500000001819,0,13.1090199121251,93924461667,warm_cpu_state
1689202495.418,2023-07-12 22:54:55.418,5,62.47,5786928,0.1249999999799627,0,13.214922370912937,93926916408,warm_cpu_state
1689202496.047,2023-07-12 22:54:56.047,5,80.41,5786964,2.624999999989086,0,13.138232701816058,93928658838,warm_cpu_state
1689202496.701,2023-07-12 22:54:56.701,5,90.05,5787036,2.624999999989086,0,13.138232701816058,93931128184,warm_cpu_state
1689202497.334,2023-07-12 22:54:57.334,5,71.98,5787108,2.312500000016371,0,13.137318278098686,93932909925,warm_cpu_state
1689202497.98,2023-07-12 22:54:57.980,5,71.36,5787144,1.6875000000709406,0,13.136525777543632,93935363633,warm_cpu_state
1689202498.605,2023-07-12 22:54:58.605,5,92.38,5787180,1.6875000000709406,0,13.136525777543632,93937163240,warm_cpu_state
1689202499.242,2023-07-12 22:54:59.242,5,63.93,5787252,2.1249999999326974,0,13.141451473301204,93939376723,warm_cpu_state
1689202499.871,2023-07-12 22:54:59.871,5,62.23,5787288,1.5625000000454747,0,13.143926513496224,93941180144,warm_cpu_state
1689202500.492,2023-07-12 22:55:00.492,5,87.75,5787324,1.5625000000454747,0,13.143926513496224,93943616893,warm_cpu_state
1689202501.161,2023-07-12 22:55:01.161,5,61.44,5787396,1.43749999997452,0,13.14684047707558,93945427558,warm_cpu_state
1689202501.785,2023-07-12 22:55:01.785,5,81.38,5787432,3.062499999987253,0,13.157898907897659,93947845783,warm_cpu_state
1689202502.407,2023-07-12 22:55:02.407,5,86.48,5787504,3.062499999987253,0,13.157898907897659,93949413861,warm_cpu_state
1689202503.044,2023-07-12 22:55:03.044,5,99.44,5787540,1.2500000001182343,0,13.167762491729038,93951876172,warm_cpu_state
1689202503.665,2023-07-12 22:55:03.665,5,70.19,5787576,1.2500000001182343,0,13.167762491729038,93953646223,warm_cpu_state
1689202504.356,2023-07-12 22:55:04.356,5,88.21,5787648,1.1249999999108553,0,13.128052117762657,93955897495,warm_cpu_state
1689202504.986,2023-07-12 22:55:04.986,5,86.87,5787720,1.9374999998944844,0,13.156338291420012,93957855455,warm_cpu_state
1689202505.621,2023-07-12 22:55:05.621,5,70.55,5787756,1.9374999998944844,0,13.156338291420012,93960164605,warm_cpu_state
1689202506.254,2023-07-12 22:55:06.254,5,98.21,5787792,2.6250000000800497,0,13.163214757774643,93961917675,warm_cpu_state
1689202506.898,2023-07-12 22:55:06.898,5,80.99,5787864,2.187499999990891,0,13.15927663963183,93963538165,warm_cpu_state
1689202507.557,2023-07-12 22:55:07.557,5,73.72,5787936,2.187499999990891,0,13.15927663963183,93966058710,warm_cpu_state
1689202508.18,2023-07-12 22:55:08.180,5,90.73,5787972,2.7500000000600267,0,13.17682138268913,93967862468,warm_cpu_state
1689202508.833,2023-07-12 22:55:08.833,5,83.82,5788008,2.749999999969077,0,13.128503233463226,93970217247,warm_cpu_state
1689202509.542,2023-07-12 22:55:09.542,5,74.07,5788080,2.749999999969077,0,13.128503233463226,93972269973,warm_cpu_state
1689202541.768,2023-07-12 22:55:41.768,5,286.14,5795712,39.62499999997817,1,26.826668058216356,94062515020,active_state
1689202542.492,2023-07-12 22:55:42.492,5,279.36,5795892,39.37499999997272,1,26.826668058216356,94063979199,active_state
1689202543.475,2023-07-12 22:55:43.475,5,282.76,5796180,38.43749999996363,1,26.817682321153658,94065453020,active_state
1689202544.955,2023-07-12 22:55:44.955,5,280.31,5796648,39.874999999983636,1,26.814865896104152,94066240152,active_state
1689202546.063,2023-07-12 22:55:46.063,5,280.03,5796936,39.24999999999273,1,26.81393928007055,94067489552,active_state
1689202546.907,2023-07-12 22:55:46.907,5,282.72,5797188,39.750000000049106,1,26.81779205199974,94069946871,active_state
1689202547.53,2023-07-12 22:55:47.530,5,291.86,5797368,39.750000000049106,1,26.81779205199974,94071498508,active_state
1689202548.194,2023-07-12 22:55:48.194,5,279.57,5797548,38.74999999993634,1,26.819925707340275,94073797165,active_state
1689202548.813,2023-07-12 22:55:48.813,5,288.66,5797728,39.437500000076405,1,26.8422620306766,94075492851,active_state
1689202549.447,2023-07-12 22:55:49.447,5,279.5,5797872,39.437500000076405,1,26.8422620306766,94077931271,active_state
1689202550.11,2023-07-12 22:55:50.110,5,281.79,5798124,38.93750000002001,1,26.827631251198657,94079774860,active_state
1689202550.742,2023-07-12 22:55:50.742,5,283.29,5798304,38.93750000002001,1,26.827631251198657,94081400514,active_state
1689202551.459,2023-07-12 22:55:51.459,5,282.69,5798448,37.56237524953367,0.99,26.8389457206616,94084086599,active_state
1689202552.099,2023-07-12 22:55:52.099,5,282.31,5798628,39.69188376750592,0.99,26.837677719773513,94085663388,active_state
1689202552.763,2023-07-12 22:55:52.763,5,282.15,5798844,39.69188376750592,1,26.846895110844613,94088315731,active_state
1689202553.389,2023-07-12 22:55:53.389,5,290.78,5799024,39.12499999996726,1,26.846895110844613,94089884060,active_state
1689202554.054,2023-07-12 22:55:54.054,5,282.51,5799204,40.124999999989086,1,26.845346686683197,94092373520,active_state
1689202554.682,2023-07-12 22:55:54.682,5,288.46,5799384,40.124999999989086,1,26.845346686683197,94094175810,active_state
1689202555.343,2023-07-12 22:55:55.343,5,281.65,5799600,40.000000000009095,1,26.829094329146454,94096612598,active_state
1689202555.97,2023-07-12 22:55:55.970,5,281.08,5799780,38.99999999998726,1,26.801637232992846,94098453180,active_state
1689202556.616,2023-07-12 22:55:56.616,5,282.32,5799924,38.99999999998726,1,26.801637232992846,94100587620,active_state
1689202557.278,2023-07-12 22:55:57.278,5,278.2,5800104,38.750000000118234,1,26.834861294724003,94102685342,active_state
1689202557.903,2023-07-12 22:55:57.903,5,289.24,5800320,38.56249999994362,1,26.849126304715,94104911231,active_state
1689202558.529,2023-07-12 22:55:58.529,5,279.52,5800500,38.56249999994362,0.99,26.849126304715,94106693821,active_state
1689202559.164,2023-07-12 22:55:59.164,5,288.11,5800680,39.499999999907246,0.99,26.828131136164153,94109127322,active_state
1689202559.791,2023-07-12 22:55:59.791,5,273.89,5800824,38.625000000001826,0.9400000000000001,26.819023475939137,94111003185,active_state
1689202560.467,2023-07-12 22:56:00.467,5,282.15,5801004,38.625000000001826,0.97,26.819023475939137,94113158886,active_state
1689202561.104,2023-07-12 22:56:01.104,5,280.1,5801220,39.12500000001273,0.97,26.83776306598713,94114700258,active_state
1689202561.731,2023-07-12 22:56:01.731,5,280.5,5801400,39.12500000001273,1,26.83776306598713,94116516912,active_state
1689202562.399,2023-07-12 22:56:02.399,5,282.77,5801580,39.624999999978165,1,26.798296538345383,94118966833,active_state
1689202563.026,2023-07-12 22:56:03.026,5,284.55,5801760,38.56250000003456,1,26.800808155489097,94120748531,active_state
1689202563.67,2023-07-12 22:56:03.670,5,285.81,5801904,38.56250000003456,0.97,26.800808155489097,94123194743,active_state
1689202564.297,2023-07-12 22:56:04.297,5,280.23,5802156,39.687499999990905,0.97,26.833946871006635,94125030735,active_state
1689202564.933,2023-07-12 22:56:04.933,5,286.25,5802300,39.874999999983636,0.98,26.86606143196072,94127236224,active_state
1689202565.559,2023-07-12 22:56:05.559,5,283.67,5802480,39.874999999983636,0.98,26.86606143196072,94129024129,active_state
1689202566.196,2023-07-12 22:56:06.196,5,283.83,5802660,37.43750000012369,0.98,26.85686842552208,94131472171,active_state
1689202566.824,2023-07-12 22:56:06.824,5,283.96,5802840,39.124999999967265,0.99,26.83984795206274,94133261620,active_state
1689202567.458,2023-07-12 22:56:07.458,5,279.53,5802984,39.124999999967265,0.99,26.83984795206274,94135673822,active_state
1689202568.084,2023-07-12 22:56:08.084,5,292.1,5803164,39.812499999925414,0.99,26.853210730652595,94137506159,active_state
1689202568.782,2023-07-12 22:56:08.782,5,281.29,5803416,41.437499999983636,0.99,26.829289406206158,94139952752,active_state
1689202569.408,2023-07-12 22:56:09.408,5,283.32,5803560,41.437499999983636,1,26.829289406206158,94141505585,active_state
1689202570.041,2023-07-12 22:56:10.041,5,282.53,5803740,39.06249999999999,1,26.801942040898634,94143975638,active_state
1689202570.684,2023-07-12 22:56:10.684,5,286.08,5803920,39.06249999999999,1,26.801942040898634,94145747580,active_state
1689202571.32,2023-07-12 22:56:11.320,5,282.0,5804136,39.62500000002365,1,26.8102572005686,94148165328,active_state
1689202571.953,2023-07-12 22:56:11.953,5,281.15,5804316,39.87499999998363,1,26.81312239488303,94150001887,active_state
1689202572.581,2023-07-12 22:56:12.581,5,282.87,5804496,39.87499999998363,1,26.81312239488303,94151538025,active_state
1689202573.228,2023-07-12 22:56:13.228,5,280.84,5804640,38.56249999998909,1,26.819681861015642,94154202668,active_state
1689202573.86,2023-07-12 22:56:13.860,5,282.63,5804820,38.687500000060034,1,26.80032046283983,94155893632,active_state
1689202574.54,2023-07-12 22:56:14.540,5,283.46,5805036,38.687500000060034,1,26.80032046283983,94158348498,active_state
1689202575.164,2023-07-12 22:56:15.164,5,287.38,5805216,39.499999999952706,1,26.80600208220377,94160143447,active_state
1689202575.81,2023-07-12 22:56:15.810,5,281.73,5805396,40.062499999976346,1,26.812720048447385,94162610003,active_state
1689202576.432,2023-07-12 22:56:16.432,5,284.71,5805576,40.062499999976346,0.99,26.812720048447385,94164445189,active_state
1689202577.218,2023-07-12 22:56:17.218,5,281.4,5805792,38.87500000000728,0.99,26.80791627585213,94166938846,active_state
1689202577.845,2023-07-12 22:56:17.845,5,281.06,5805972,40.00000000005457,1,26.846187956503183,94168766453,active_state
1689202578.482,2023-07-12 22:56:18.482,5,281.77,5806116,40.00000000005457,1,26.846187956503183,94171081541,active_state
1689202579.103,2023-07-12 22:56:19.103,5,279.8,5806368,39.562500000010914,1,26.835970795501083,94172880208,active_state
1689202579.73,2023-07-12 22:56:19.730,5,286.16,5806548,39.562500000010914,1,26.835970795501083,94175298826,active_state
1689202580.401,2023-07-12 22:56:20.401,5,285.34,5806692,38.68750000001455,1,26.83884818213175,94177152833,active_state
1689202581.035,2023-07-12 22:56:21.035,5,292.35,5806872,38.937500000065484,1,26.863488853235847,94179684690,active_state
1689202581.661,2023-07-12 22:56:21.661,5,279.21,5807052,38.937500000065484,1,26.863488853235847,94181209472,active_state
1689202582.286,2023-07-12 22:56:22.286,5,288.0,5807232,39.624999999932704,1,26.838677489704505,94183670783,active_state
1689202582.914,2023-07-12 22:56:22.914,5,275.74,5807448,39.06249999990904,1,26.836714526791212,94185474964,active_state
1689202583.536,2023-07-12 22:56:23.536,5,282.06,5807628,39.06249999990904,0.99,26.836714526791212,94187264075,active_state
1689202584.184,2023-07-12 22:56:24.184,5,282.01,5807772,39.750000000094595,0.99,26.835507487484282,94189628495,active_state
1689202584.828,2023-07-12 22:56:24.828,5,284.03,5807952,39.494017946212296,0.9500000000000001,26.839213951618696,94191341574,active_state
1689202585.554,2023-07-12 22:56:25.554,5,292.46,5808168,39.494017946212296,0.99,26.839213951618696,94194018837,active_state
1689202586.176,2023-07-12 22:56:26.176,5,280.62,5808348,39.44332998994802,0.99,26.826192557883328,94195584160,active_state
1689202586.837,2023-07-12 22:56:26.837,5,288.95,5808528,39.74999999991268,1,26.8517110757561,94198018663,active_state
1689202587.461,2023-07-12 22:56:27.461,5,281.43,5808708,39.74999999991268,1,26.8517110757561,94199555800,active_state
1689202588.091,2023-07-12 22:56:28.091,5,284.06,5808924,39.187500000025466,1,26.8280335976343,94202002341,active_state
1689202588.712,2023-07-12 22:56:28.712,5,279.62,5809104,39.187500000025466,1,26.8280335976343,94203783518,active_state
1689202589.369,2023-07-12 22:56:29.369,5,279.2,5809248,37.87387836485269,0.98,26.817072705342078,94206248667,active_state
1689202589.993,2023-07-12 22:56:29.993,5,282.24,5809428,38.753761283962845,0.98,26.82831402090763,94208091924,active_state
1689202590.621,2023-07-12 22:56:30.621,5,283.75,5809608,38.753761283962845,0.99,26.82831402090763,94210257739,active_state
1689202591.242,2023-07-12 22:56:31.242,5,281.53,5809788,39.874999999938154,0.99,26.82201059341588,94212065277,active_state
1689202591.866,2023-07-12 22:56:31.866,5,283.72,5809932,39.37499999992723,1,26.800917886335178,94214494592,active_state
1689202592.493,2023-07-12 22:56:32.493,5,285.49,5810184,39.37499999992723,1,26.800917886335178,94216319361,active_state
1689202593.132,2023-07-12 22:56:33.132,5,281.77,5810328,39.937500000041844,1,26.842810684907022,94218685260,active_state
1689202593.8,2023-07-12 22:56:33.800,5,282.09,5810508,39.43749999998545,1,26.860989428408367,94220552862,active_state
1689202594.484,2023-07-12 22:56:34.484,5,284.2,5810688,39.43749999998545,1,26.860989428408367,94223035712,active_state
1689202595.132,2023-07-12 22:56:35.132,5,281.95,5810904,38.68750000001455,1,26.826570519686506,94224842485,active_state
1689202595.79,2023-07-12 22:56:35.790,5,282.97,5811084,38.68750000001455,1,26.8484313426898,94226484181,active_state
1689202596.445,2023-07-12 22:56:36.445,5,283.34,5811264,38.562500000034575,1,26.8484313426898,94228874006,active_state
1689202597.07,2023-07-12 22:56:37.070,5,285.84,5811444,39.43749999998544,1,26.85499080882241,94230862156,active_state
1689202597.72,2023-07-12 22:56:37.720,5,272.38,5811660,39.43749999998544,1,26.85499080882241,94233286862,active_state
1689202598.361,2023-07-12 22:56:38.361,5,284.94,5811840,39.687500000081855,1,26.856234425078036,94235103548,active_state
1689202599.03,2023-07-12 22:56:39.030,5,282.6,5811984,38.93749999997453,1,26.856539232983824,94237543443,active_state
1689202599.682,2023-07-12 22:56:39.682,5,281.5,5812164,38.93749999997453,0.97,26.856539232983824,94239356060,active_state
1689202600.337,2023-07-12 22:56:40.337,5,281.79,5812380,39.93749999999636,1,26.857258579641492,94241821202,active_state
1689202600.967,2023-07-12 22:56:40.967,5,281.58,5812560,38.874999999961794,1,26.84165241486502,94243375106,active_state
1689202601.599,2023-07-12 22:56:41.599,5,285.34,5812740,38.874999999961794,1,26.84165241486502,94245779158,active_state
1689202602.22,2023-07-12 22:56:42.220,5,281.89,5812920,39.87499999998363,1,26.84128664537807,94247609256,active_state
1689202602.907,2023-07-12 22:56:42.907,5,285.11,5813136,39.24999999999273,1,26.84846791963849,94250048852,active_state
1689202603.532,2023-07-12 22:56:43.532,5,280.17,5813316,39.24999999999273,0.99,26.84846791963849,94251834696,active_state
1689202604.155,2023-07-12 22:56:44.155,5,281.0,5813496,39.12499999996726,0.99,26.894067182344745,94254073910,active_state
1689202604.777,2023-07-12 22:56:44.777,5,282.56,5813640,39.25000000008367,1,26.86729285590011,94255973663,active_state
1689202605.41,2023-07-12 22:56:45.410,5,283.73,5813820,39.25000000008367,1,26.86729285590011,94258311150,active_state
1689202606.032,2023-07-12 22:56:46.032,5,280.77,5814000,38.49999999997634,1,26.839079836140144,94260193722,active_state
1689202606.667,2023-07-12 22:56:46.667,5,281.18,5814180,38.49999999997634,1,26.839079836140144,94261869065,active_state
1689202607.373,2023-07-12 22:56:47.373,5,284.89,5814396,39.75000000004911,1,26.874583861006617,94264441024,active_state
1689202608.001,2023-07-12 22:56:48.001,5,282.9,5814576,38.74999999993634,1,26.852466999362463,94266243821,active_state
1689202608.692,2023-07-12 22:56:48.692,5,279.97,5814792,38.74999999993634,1,26.852466999362463,94268676255,active_state
1689202609.328,2023-07-12 22:56:49.328,5,278.72,5814972,39.499999999998174,1,26.851357498585386,94270498706,active_state
1689202609.983,2023-07-12 22:56:49.983,5,278.68,5815116,38.93749999997454,0.98,26.86909731870239,94272939538,active_state
1689202610.611,2023-07-12 22:56:50.611,5,285.53,5815296,38.93749999997454,0.98,26.86909731870239,94274513607,active_state
1689202611.391,2023-07-12 22:56:51.391,5,281.88,5815512,38.812499999994536,0.99,26.861574659587482,94277053914,active_state
1689202612.017,2023-07-12 22:56:52.017,5,291.66,5815692,38.25000000001637,0.99,26.93464321076357,94278834891,active_state
1689202612.69,2023-07-12 22:56:52.690,5,280.0,5815908,38.25000000001637,0.99,26.93464321076357,94281285425,active_state
1689202613.314,2023-07-12 22:56:53.314,5,284.34,5816088,38.87500000000728,0.99,26.877766055543074,94283069963,active_state
1689202613.98,2023-07-12 22:56:53.980,5,282.54,5816268,39.56250000001093,0.99,26.856258809710496,94285521613,active_state
1689202614.644,2023-07-12 22:56:54.644,5,281.76,5816448,39.56250000001093,1,26.856258809710496,94287393512,active_state
1689202615.272,2023-07-12 22:56:55.272,5,280.83,5816592,40.0625000000673,1,26.871377281837706,94289567248,active_state
1689202615.92,2023-07-12 22:56:55.920,5,285.02,5816844,39.24999999994724,1,26.866366239866508,94291386799,active_state
1689202616.543,2023-07-12 22:56:56.543,5,286.69,5817024,39.24999999994724,1,26.866366239866508,94293849872,active_state
1689202617.177,2023-07-12 22:56:57.177,5,279.61,5817168,39.18749999993451,1,26.86180631359588,94295584194,active_state
1689202617.8,2023-07-12 22:56:57.800,5,287.95,5817348,39.75000000009459,1,26.829655175693105,94298032519,active_state
1689202618.422,2023-07-12 22:56:58.422,5,280.51,5817528,39.75000000009459,0.99,26.829655175693105,94299843477,active_state
1689202619.05,2023-07-12 22:56:59.050,5,285.54,5817708,38.6250000000473,0.99,26.831752254084947,94302257058,active_state
1689202619.684,2023-07-12 22:56:59.684,5,278.72,5817924,38.6250000000473,0.99,26.831752254084947,94304087015,active_state
1689202620.395,2023-07-12 22:57:00.395,5,283.75,5818068,38.43749999991814,0.97,26.845188186572187,94306573136,active_state
1689202814.485,2023-07-12 23:00:14.485,5,100.36,5854068,4.020100502519881,0,26.808635622509797,94895310493,warm_cpu_to_warm_disk_process
1689202834.364,2023-07-12 23:00:34.364,5,94.28,5855652,3.249999999843567,0,26.892713835243036,94897739414,warm_cpu_to_warm_disk_process
1689202835.637,2023-07-12 23:00:35.637,5,107.29,5855796,0.8750000000872973,0,26.88747113926344,94900776438,warm_cpu_to_warm_disk_process
1689202836.837,2023-07-12 23:00:36.837,5,97.43,5855904,0.7096613545998025,0.18,6.528083110630517,94903126215,warm_cpu_to_warm_disk_process
1689202837.348,2023-07-12 23:00:37.348,5,98.65,5855940,0.7096613545998025,0,6.528083110630517,94903676980,warm_cpu_to_warm_disk_process
1689202837.861,2023-07-12 23:00:37.861,5,106.48,5856012,0.9789156627035709,0,6.530387458398293,94904340661,warm_cpu_to_warm_disk_process
1689202838.468,2023-07-12 23:00:38.468,5,107.1,5856084,0.9789156627035709,0,6.530387458398293,94906274371,warm_cpu_to_warm_disk_process
1689202838.883,2023-07-12 23:00:38.883,5,94.17,5856120,1.6874999999345164,0,6.52765637956241,94906825127,warm_cpu_to_warm_disk_process
1689202839.387,2023-07-12 23:00:39.387,5,86.19,5856156,1.6874999999345164,0,6.52765637956241,94907360571,warm_cpu_to_warm_disk_process
1689202839.929,2023-07-12 23:00:39.929,5,70.34,5856192,0.687500000003638,0,6.506758749541416,94909335281,warm_cpu_to_warm_disk_process
1689202840.359,2023-07-12 23:00:40.359,5,66.0,5856228,0.687500000003638,0,6.506758749541416,94909856194,warm_cpu_to_warm_disk_process
1689202840.91,2023-07-12 23:00:40.910,5,87.51,5856264,0.7499999999708962,0,6.493383778635331,94911384015,warm_cpu_to_warm_disk_process
1689202841.364,2023-07-12 23:00:41.364,5,89.63,5856300,0.7499999999708962,0,6.493383778635331,94913295269,warm_cpu_to_warm_disk_process
1689202841.779,2023-07-12 23:00:41.779,5,85.76,5856336,2.3125000001073204,0,6.483215386898161,94913866327,warm_cpu_to_warm_disk_process
1689202842.196,2023-07-12 23:00:42.196,5,79.7,5856372,2.3125000001073204,0,6.483215386898161,94914392222,warm_cpu_to_warm_disk_process
1689202842.67,2023-07-12 23:00:42.670,5,83.18,5856408,2.3125000001073204,0,6.483215386898161,94916775237,warm_cpu_to_warm_disk_process
1689202843.112,2023-07-12 23:00:43.112,3,83.9,5856444,2.3749999998926796,0,6.483105656052077,94918531304,warm_cpu_to_warm_disk_process
1689202843.461,2023-07-12 23:00:43.461,3,104.45,5856480,2.3749999998926796,0,6.483105656052077,94918871551,warm_cpu_to_warm_disk_process
1689202843.925,2023-07-12 23:00:43.925,3,100.15,5856516,5.875000000060027,0,6.331664896139144,94919619631,warm_cpu_to_warm_disk_process
1689202848.647,2023-07-12 23:00:48.647,2,66.64,5856876,0.3750000000309086,0,6.327799931893721,94922465458,warm_cpu_to_warm_disk_process
1689202899.004,2023-07-12 23:01:39.004,5,284.99,5864220,39.374999999972715,1,26.861294236314155,95047769324,active_to_warm_disk_process
1689202899.698,2023-07-12 23:01:39.698,5,282.38,5864400,39.374999999972715,1,26.861294236314155,95050647669,active_to_warm_disk_process
1689202900.989,2023-07-12 23:01:40.989,5,284.99,5864796,39.68749999989996,1,26.82978929117165,95056610117,active_to_warm_disk_process
1689202901.493,2023-07-12 23:01:41.493,5,282.95,5864904,39.68749999989996,1,26.82978929117165,95058576906,active_to_warm_disk_process
1689202903.957,2023-07-12 23:01:43.957,5,282.2,5865660,39.74999999982174,1,26.809269622953842,95062072160,active_to_warm_disk_process
1689202911.497,2023-07-12 23:01:51.497,5,284.49,5867748,39.56250000010186,1,26.816036358462387,95066403949,active_to_warm_disk_process
1689202913.138,2023-07-12 23:01:53.138,5,283.9,5868288,40.74999999993452,1,26.81749943641018,95073436189,active_to_warm_disk_process
1689202913.849,2023-07-12 23:01:53.849,5,286.16,5868432,40.000000000145526,1,26.8045877735209,95078977717,active_to_warm_disk_process
1689202914.568,2023-07-12 23:01:54.568,5,284.97,5868684,40.000000000145526,1,26.8045877735209,95085198106,active_to_warm_disk_process
1689202915.548,2023-07-12 23:01:55.548,5,280.76,5868972,38.87499999991632,1,26.798942731105658,95087966776,active_to_warm_disk_process
1689202916.013,2023-07-12 23:01:56.013,5,272.94,5869080,39.00000000012369,1,22.757811708451968,95088573791,active_to_warm_disk_process
1689202916.483,2023-07-12 23:01:56.483,5,148.7,5869152,39.00000000012369,1,22.757811708451968,95090313526,active_to_warm_disk_process
1689202916.978,2023-07-12 23:01:56.978,5,113.72,5869224,14.437499999849024,1,6.475156265869061,95091133632,active_to_warm_disk_process
1689202917.394,2023-07-12 23:01:57.394,5,110.42,5869260,14.437499999849024,0.75,6.475156265869061,95091669731,active_to_warm_disk_process
1689202917.85,2023-07-12 23:01:57.850,5,105.71,5869296,1.375000000007276,0.75,6.4763267282272965,95093097235,active_to_warm_disk_process
1689202918.284,2023-07-12 23:01:58.284,5,91.37,5869368,1.375000000007276,0.75,6.4763267282272965,95094117535,active_to_warm_disk_process
1689202918.726,2023-07-12 23:01:58.726,5,88.55,5869404,1.375000000007276,0,6.4763267282272965,95094672104,active_to_warm_disk_process
1689202919.627,2023-07-12 23:01:59.627,5,90.06,5869476,1.1875000001055014,0,6.51123332959842,95096137592,active_to_warm_disk_process
1689202923.197,2023-07-12 23:02:03.197,5,61.91,5869764,1.999999999998181,0,6.520792105524009,95098260030,active_to_warm_disk_process
1689202924.159,2023-07-12 23:02:04.159,5,82.85,5869872,1.3124999999035794,0,6.514537447297189,95099702589,active_to_warm_disk_process
1689202924.631,2023-07-12 23:02:04.631,5,91.98,5869908,1.3124999999035794,0,6.514537447297189,95100875537,active_to_warm_disk_process
1689202925.051,2023-07-12 23:02:05.051,5,73.39,5869908,0.25000000000545697,0,6.506368595422004,95101689768,active_to_warm_disk_process
1689202925.48,2023-07-12 23:02:05.480,5,73.34,5869944,0.25000000000545697,0,6.506368595422004,95102755526,active_to_warm_disk_process
1689202925.914,2023-07-12 23:02:05.914,5,81.47,5869980,1.5000000001691802,0,6.482654540351507,95103964085,active_to_warm_disk_process
1689202926.331,2023-07-12 23:02:06.331,5,83.42,5870016,1.5000000001691802,0,6.482654540351507,95104477018,active_to_warm_disk_process
1689202926.808,2023-07-12 23:02:06.808,5,79.94,5870052,0.3749999999854339,0,6.481179270087481,95105800617,active_to_warm_disk_process
1689202927.259,2023-07-12 23:02:07.259,5,58.42,5870088,0.3749999999854339,0,6.481179270087481,95106950617,active_to_warm_disk_process
1689202927.679,2023-07-12 23:02:07.679,5,65.84,5870124,0.3749999999854339,0,6.481179270087481,95107513343,active_to_warm_disk_process
1689202928.141,2023-07-12 23:02:08.141,5,93.12,5870160,0.9375000000545697,0,6.457684676709152,95108831924,active_to_warm_disk_process
1689202928.57,2023-07-12 23:02:08.570,5,88.72,5870196,0.9375000000545697,0,6.457684676709152,95109378103,active_to_warm_disk_process
1689202928.996,2023-07-12 23:02:08.996,5,74.68,5870232,1.749999999992724,0,6.456014329385421,95110552298,active_to_warm_disk_process
1689202929.426,2023-07-12 23:02:09.426,5,75.33,5870268,1.749999999992724,0,6.456014329385421,95111839856,active_to_warm_disk_process
1689202929.915,2023-07-12 23:02:09.915,5,78.3,5870304,1.6249999999217977,0,6.473997995827058,95112450432,active_to_warm_disk_process
1689202930.369,2023-07-12 23:02:10.369,5,91.88,5870340,1.6249999999217977,0,6.473997995827058,95114006869,active_to_warm_disk_process
1689202930.831,2023-07-12 23:02:10.831,5,69.32,5870376,1.1875000001509761,0,6.46784087613009,95115164855,active_to_warm_disk_process
1689202931.258,2023-07-12 23:02:11.258,5,60.77,5870412,1.1875000001509761,0,6.46784087613009,95115725575,active_to_warm_disk_process
1689202931.691,2023-07-12 23:02:11.691,5,70.0,5870448,1.1875000001509761,0,6.46784087613009,95117150362,active_to_warm_disk_process
1689202932.176,2023-07-12 23:02:12.176,5,84.9,5870484,1.7499999998562856,0,6.481142693138786,95118238191,active_to_warm_disk_process
1689202932.609,2023-07-12 23:02:12.609,5,93.68,5870520,1.7499999998562856,0,6.481142693138786,95119468682,active_to_warm_disk_process
1689202933.084,2023-07-12 23:02:13.084,5,75.38,5870556,1.2500000000272848,0,6.486361004485919,95120258743,active_to_warm_disk_process
1689202933.513,2023-07-12 23:02:13.513,5,79.23,5870592,1.2500000000272848,0,6.486361004485919,95121309425,active_to_warm_disk_process
1689202933.941,2023-07-12 23:02:13.941,5,81.79,5870628,1.6250000000127187,0,6.496175819052372,95122079338,active_to_warm_disk_process
1689202934.368,2023-07-12 23:02:14.368,5,89.92,5870664,1.6250000000127187,0,6.496175819052372,95123480891,active_to_warm_disk_process
1689202934.806,2023-07-12 23:02:14.806,5,68.46,5870700,-9.096368103200803e-11,0,6.478923691584631,95124550880,active_to_warm_disk_process
1689202935.241,2023-07-12 23:02:15.241,5,58.85,5870736,-9.096368103200803e-11,0,6.478923691584631,95125072715,active_to_warm_disk_process
1689202935.731,2023-07-12 23:02:15.731,5,69.66,5870772,-9.096368103200803e-11,0,6.478923691584631,95126529484,active_to_warm_disk_process
1689202936.176,2023-07-12 23:02:16.176,5,86.66,5870808,1.0625000000345608,0,6.4962123960010665,95127598761,active_to_warm_disk_process
1689202936.609,2023-07-12 23:02:16.609,5,94.63,5870844,1.0625000000345608,0,6.4962123960010665,95128513392,active_to_warm_disk_process
1689202937.038,2023-07-12 23:02:17.038,5,75.9,5870880,1.4375000001109441,0,6.524254723333788,95129568452,active_to_warm_disk_process
1689202937.466,2023-07-12 23:02:17.466,5,63.81,5870916,1.4375000001109441,0,6.524254723333788,95130600844,active_to_warm_disk_process
1689202937.901,2023-07-12 23:02:17.901,5,73.49,5870916,0.4374999999527063,0,6.520560451515609,95131170755,active_to_warm_disk_process
1689202938.333,2023-07-12 23:02:18.333,5,83.52,5870952,0.4374999999527063,0,6.520560451515609,95132323500,active_to_warm_disk_process
1689202938.822,2023-07-12 23:02:18.822,5,71.57,5871024,1.7499999999472493,0,6.504369055560019,95133643255,active_to_warm_disk_process
1689202939.264,2023-07-12 23:02:19.264,5,57.73,5871060,1.7499999999472493,0,6.504369055560019,95134797506,active_to_warm_disk_process
1689202939.69,2023-07-12 23:02:19.690,5,71.1,5871060,1.7499999999472493,0,6.504369055560019,95135327887,active_to_warm_disk_process
1689202940.124,2023-07-12 23:02:20.124,5,94.04,5871096,0.6250000000363798,0,6.535044923198771,95136670560,active_to_warm_disk_process
1689202940.556,2023-07-12 23:02:20.556,5,87.4,5871132,0.6250000000363798,0,6.535044923198771,95137594493,active_to_warm_disk_process
1689202940.976,2023-07-12 23:02:20.976,5,65.25,5871204,0.8125000000291038,0,6.538080809940444,95138382730,active_to_warm_disk_process
1689202941.406,2023-07-12 23:02:21.406,5,63.29,5871204,0.8125000000291038,0,6.538080809940444,95139705803,active_to_warm_disk_process
1689202941.89,2023-07-12 23:02:21.890,5,76.7,5871240,1.1249999999563443,0,6.522121067993256,95140900320,active_to_warm_disk_process
1689202942.343,2023-07-12 23:02:22.343,5,85.44,5871276,1.1249999999563443,0,6.522121067993256,95142451873,active_to_warm_disk_process
1689202942.805,2023-07-12 23:02:22.805,5,105.55,5871348,2.562499999976353,0,6.475046535022977,95143972652,active_to_warm_disk_process
1689202943.216,2023-07-12 23:02:23.216,4,90.15,5871384,2.562499999976353,0,6.475046535022977,95145628548,active_to_warm_disk_process
1689202943.604,2023-07-12 23:02:23.604,4,80.29,5871420,2.562499999976353,0,6.475046535022977,95146091960,active_to_warm_disk_process
1689202944.138,2023-07-12 23:02:24.138,3,94.67,5871456,6.6875000000891305,0,6.326714815749107,95147983347,active_to_warm_disk_process
1689202944.546,2023-07-12 23:02:24.546,2,92.52,5871492,6.6875000000891305,0,6.326714815749107,95149616711,active_to_warm_disk_process
1689202944.842,2023-07-12 23:02:24.842,1,87.38,5871528,1.9374999998490239,0,6.3034274917467155,95150178944,active_to_warm_disk_process
1689202945.128,2023-07-12 23:02:25.128,1,77.58,5871528,1.9374999998490239,0,6.3034274917467155,95150509962,active_to_warm_disk_process
