0.037273,0.049684,0.0,0.050315,0.0,0.056805,0.057011,warm_cpu_to_active_process,NONE
0.035206,0.042448,0.0,0.042698,0.0,0.049996,0.050187,warm_cpu_to_active_process,NONE
0.032794,0.037983,0.0,0.0383,0.0,0.044645,0.044816,warm_cpu_to_active_process,NONE
0.027475,0.034006,0.0,0.034247,0.0,0.042603,0.042775,warm_cpu_to_active_process,NONE
0.031347,0.039359,0.0,0.039714,0.0,0.048493,0.048663,warm_cpu_to_active_process,NONE
0.033062,0.040066,0.0,0.040377,0.0,0.047814,0.048,warm_cpu_to_active_process,NONE
0.032092,0.038477,0.0,0.038798,0.0,0.046447,0.046618,warm_cpu_to_active_process,NONE
0.033431,0.039374,0.0,0.039632,0.0,0.045702,0.045868,warm_cpu_to_active_process,NONE
0.036462,0.04684,0.0,0.047271,0.0,0.055993,0.056173,warm_cpu_to_active_process,NONE
0.031252,0.037224,0.0,0.037526,0.0,0.044426,0.044664,warm_cpu_to_active_process,NONE
0.03277,0.039634,0.0,0.039849,0.0,0.049493,0.049672,warm_cpu_to_active_process,NONE
0.03323,0.038954,0.0,0.039275,0.0,0.046572,0.046753,warm_cpu_to_active_process,NONE
0.037624,0.043743,0.0,0.044081,0.0,0.055427,0.055593,warm_cpu_to_active_process,NONE
0.029413,0.035704,0.0,0.03598,0.0,0.041128,0.041328,warm_cpu_to_active_process,NONE
0.028991,0.033883,0.0,0.034112,0.0,0.040675,0.040834,warm_cpu_to_active_process,NONE
0.029284,0.036004,0.0,0.036299,0.0,0.046258,0.046431,warm_cpu_to_active_process,NONE
0.029704,0.037219,0.0,0.037511,0.0,0.045329,0.04549,warm_cpu_to_active_process,NONE
0.030674,0.037686,0.0,0.037987,0.0,0.045154,0.045335,warm_cpu_to_active_process,NONE
0.033226,0.040535,0.0,0.040825,0.0,0.048162,0.048339,warm_cpu_to_active_process,NONE
0.031458,0.035999,0.0,0.036257,0.0,0.043527,0.043697,warm_cpu_to_active_process,NONE
0.030799,0.037864,0.0,0.038179,0.0,0.057257,0.057426,warm_cpu_to_active_process,NONE
0.029446,0.034981,0.0,0.035408,0.0,0.042124,0.042294,warm_cpu_to_active_process,NONE
0.031071,0.036594,0.0,0.036907,0.0,0.045405,0.045555,warm_cpu_to_active_process,NONE
0.031403,0.03795,0.0,0.038272,0.0,0.045743,0.045927,warm_cpu_to_active_process,NONE
0.031967,0.038644,0.0,0.038941,0.0,0.047173,0.047349,warm_cpu_to_active_process,NONE
0.030845,0.038678,0.0,0.038923,0.0,0.044216,0.044393,warm_cpu_to_active_process,NONE
0.029928,0.036299,0.0,0.036668,0.0,0.044791,0.044957,warm_cpu_to_active_process,NONE
0.02969,0.035557,0.0,0.035835,0.0,0.043356,0.04353,warm_cpu_to_active_process,NONE
0.029901,0.037256,0.0,0.03753,0.0,0.045585,0.045739,warm_cpu_to_active_process,NONE
0.030506,0.037915,0.0,0.038233,0.0,0.045379,0.045574,warm_cpu_to_active_process,NONE
0.029731,0.036828,0.0,0.037099,0.0,0.043793,0.043964,warm_cpu_to_active_process,NONE
0.032817,0.040001,0.0,0.040292,0.0,0.046704,0.046903,warm_cpu_to_active_process,NONE
0.029555,0.035139,0.0,0.035355,0.0,0.04639,0.046556,warm_cpu_to_active_process,NONE
0.03059,0.037286,0.0,0.037559,0.0,0.045536,0.045721,warm_cpu_to_active_process,NONE
0.031314,0.036721,0.0,0.036936,0.0,0.043693,0.043841,warm_cpu_to_active_process,NONE
0.031255,0.037583,0.0,0.037873,0.0,0.045266,0.045449,warm_cpu_to_active_process,NONE
0.033331,0.04023,0.0,0.040571,0.0,0.048545,0.048723,warm_cpu_to_active_process,NONE
0.031601,0.036259,0.0,0.036569,0.0,0.04491,0.045086,warm_cpu_to_active_process,NONE
0.031165,0.040018,0.0,0.04041,0.0,0.055031,0.055199,warm_cpu_to_active_process,NONE
0.031375,0.038336,0.0,0.038686,0.0,0.046236,0.046395,warm_cpu_to_active_process,NONE
0.031408,0.038203,0.0,0.038511,0.0,0.048702,0.048889,warm_cpu_to_active_process,NONE
0.027624,0.032991,0.0,0.033304,0.0,0.040611,0.040775,warm_cpu_to_active_process,NONE
0.033761,0.04016,0.0,0.040506,0.0,0.046421,0.046631,warm_cpu_to_active_process,NONE
0.030362,0.035639,0.0,0.035906,0.0,0.044966,0.045143,warm_cpu_to_active_process,NONE
0.030977,0.036558,0.0,0.036813,0.0,0.046163,0.046388,warm_cpu_to_active_process,NONE
0.032942,0.039902,0.0,0.040184,0.0,0.046121,0.046307,warm_cpu_to_active_process,NONE
0.04291,0.048146,0.0,0.048512,0.0,0.054729,0.054895,warm_cpu_to_active_process,NONE
0.034202,0.038381,0.0,0.038687,0.0,0.046121,0.046311,warm_cpu_to_active_process,NONE
0.030816,0.042689,0.0,0.043125,0.0,0.04986,0.050019,warm_cpu_to_active_process,NONE
0.032766,0.039059,0.0,0.03934,0.0,0.049179,0.049437,warm_cpu_to_active_process,NONE
0.029414,0.035595,0.0,0.035806,0.0,0.042916,0.043164,warm_cpu_to_active_process,NONE
0.027886,0.034893,0.0,0.035185,0.0,0.043438,0.043618,warm_cpu_to_active_process,NONE
0.030348,0.035368,0.0,0.035651,0.0,0.042798,0.042973,warm_cpu_to_active_process,NONE
0.033087,0.040079,0.0,0.040398,0.0,0.047519,0.047692,warm_cpu_to_active_process,NONE
0.033549,0.049545,0.0,0.050113,0.0,0.058569,0.058732,warm_cpu_to_active_process,NONE
0.03586,0.043113,0.0,0.043528,0.0,0.050961,0.051162,warm_cpu_to_active_process,NONE
0.02998,0.036213,0.0,0.036499,0.0,0.044492,0.044657,warm_cpu_to_active_process,NONE
0.029827,0.03748,0.0,0.037798,0.0,0.045,0.045173,warm_cpu_to_active_process,NONE
0.030909,0.036567,0.0,0.036867,0.0,0.044788,0.044949,warm_cpu_to_active_process,NONE
0.028507,0.033544,0.0,0.033821,0.0,0.044192,0.044389,warm_cpu_to_active_process,NONE
0.02832,0.034897,0.0,0.035182,0.0,0.042393,0.042562,warm_cpu_to_active_process,NONE
0.032036,0.039483,0.0,0.039737,0.0,0.049195,0.049387,warm_cpu_to_active_process,NONE
0.030093,0.036979,0.0,0.037282,0.0,0.045992,0.046178,warm_cpu_to_active_process,NONE
0.042594,0.048612,0.0,0.048925,0.0,0.054605,0.054782,warm_cpu_to_active_process,NONE
0.033625,0.041204,0.0,0.041629,0.0,0.050768,0.05098,warm_cpu_to_active_process,NONE
0.032071,0.03816,0.0,0.038485,0.0,0.044615,0.044855,warm_cpu_to_active_process,NONE
0.053929,0.061518,0.0,0.061842,0.0,0.068367,0.068547,warm_cpu_to_active_process,NONE
0.03216,0.039042,0.0,0.039287,0.0,0.04694,0.047103,warm_cpu_to_active_process,NONE
0.029812,0.035834,0.0,0.036148,0.0,0.043872,0.044031,warm_cpu_to_active_process,NONE
0.033758,0.040551,0.0,0.040864,0.0,0.046134,0.046303,warm_cpu_to_active_process,NONE
0.033757,0.040217,0.0,0.04063,0.0,0.046531,0.046717,warm_cpu_to_active_process,NONE
0.028703,0.035358,0.0,0.035677,0.0,0.040899,0.041093,warm_cpu_to_active_process,NONE
0.028308,0.034315,0.0,0.034654,0.0,0.041633,0.04181,warm_cpu_to_active_process,NONE
0.033391,0.040556,0.0,0.040877,0.0,0.04834,0.048537,warm_cpu_to_active_process,NONE
0.033323,0.041362,0.0,0.041599,0.0,0.048947,0.049122,warm_cpu_to_active_process,NONE
0.029389,0.036594,0.0,0.03695,0.0,0.043086,0.043255,warm_cpu_to_active_process,NONE
0.044628,0.05053,0.0,0.050873,0.0,0.05719,0.057352,warm_cpu_to_active_process,NONE
0.0261,0.031565,0.0,0.031844,0.0,0.038963,0.039143,warm_cpu_to_active_process,NONE
0.030391,0.036463,0.0,0.036758,0.0,0.043986,0.044137,warm_cpu_to_active_process,NONE
0.033114,0.040071,0.0,0.040373,0.0,0.048671,0.048853,warm_cpu_to_active_process,NONE
0.029953,0.037992,0.0,0.038389,0.0,0.043798,0.04398,warm_cpu_to_active_process,NONE
0.029846,0.0368,0.0,0.037094,0.0,0.046115,0.046325,warm_cpu_to_active_process,NONE
0.032878,0.039293,0.0,0.039564,0.0,0.048544,0.048715,warm_cpu_to_active_process,NONE
0.034416,0.041238,0.0,0.041478,0.0,0.048819,0.049023,warm_cpu_to_active_process,NONE
0.029105,0.035697,0.0,0.036035,0.0,0.044786,0.044938,warm_cpu_to_active_process,NONE
0.029534,0.035932,0.0,0.036228,0.0,0.043684,0.043872,warm_cpu_to_active_process,NONE
0.037098,0.043296,0.0,0.043625,0.0,0.050297,0.050529,warm_cpu_to_active_process,NONE
0.02888,0.036021,0.0,0.036286,0.0,0.045615,0.045794,warm_cpu_to_active_process,NONE
0.031373,0.03897,0.0,0.039242,0.0,0.045528,0.045718,warm_cpu_to_active_process,NONE
0.031479,0.03728,0.0,0.037573,0.0,0.043193,0.043363,warm_cpu_to_active_process,NONE
0.030002,0.040662,0.0,0.041053,0.0,0.048009,0.048221,warm_cpu_to_active_process,NONE
0.030906,0.03852,0.0,0.03874,0.0,0.046402,0.046571,warm_cpu_to_active_process,NONE
0.032339,0.040162,0.0,0.040571,0.0,0.044774,0.044987,warm_cpu_to_active_process,NONE
0.031563,0.037493,0.0,0.037767,0.0,0.045054,0.045225,warm_cpu_to_active_process,NONE
0.032864,0.040827,0.0,0.041114,0.0,0.04902,0.0492,warm_cpu_to_active_process,NONE
0.029905,0.035378,0.0,0.03568,0.0,0.044059,0.044227,warm_cpu_to_active_process,NONE
0.029358,0.034563,0.0,0.034911,0.0,0.0429,0.043073,warm_cpu_to_active_process,NONE
0.029897,0.035996,0.0,0.036268,0.0,0.04481,0.044985,warm_cpu_to_active_process,NONE
0.035646,0.041603,0.0,0.041917,0.0,0.056499,0.056699,warm_cpu_to_active_process,NONE
0.033153,0.039459,0.0,0.039734,0.0,0.046979,0.047164,warm_cpu_to_active_process,NONE
0.031392,0.039045,0.0,0.039255,0.0,0.047186,0.047336,warm_cpu_to_active_process,NONE
0.029981,0.035367,0.0,0.035579,0.0,0.043631,0.04381,warm_cpu_to_active_process,NONE
0.030834,0.038126,0.0,0.038511,0.0,0.045895,0.046152,warm_cpu_to_active_process,NONE
0.029805,0.036822,0.0,0.037163,0.0,0.043771,0.043982,warm_cpu_to_active_process,NONE
0.03167,0.037667,0.0,0.037938,0.0,0.046243,0.046426,warm_cpu_to_active_process,NONE
0.031519,0.037129,0.0,0.037436,0.0,0.044567,0.044742,warm_cpu_to_active_process,NONE
0.028529,0.033973,0.0,0.034213,0.0,0.040591,0.040754,warm_cpu_to_active_process,NONE
0.031477,0.038359,0.0,0.038675,0.0,0.046657,0.046834,warm_cpu_to_active_process,NONE
0.029935,0.037465,0.0,0.037841,0.0,0.045973,0.046141,warm_cpu_to_active_process,NONE
0.033014,0.040105,0.0,0.04037,0.0,0.047305,0.047498,warm_cpu_to_active_process,NONE
0.030972,0.038431,0.0,0.038851,0.0,0.047224,0.04739,warm_cpu_to_active_process,NONE
0.03173,0.039183,0.0,0.039637,0.0,0.045904,0.046071,warm_cpu_to_active_process,NONE
0.032246,0.039591,0.0,0.039845,0.0,0.047356,0.047553,warm_cpu_to_active_process,NONE
0.030851,0.038161,0.0,0.038462,0.0,0.046728,0.046907,warm_cpu_to_active_process,NONE
0.030553,0.03974,0.0,0.040106,0.0,0.047951,0.048134,warm_cpu_to_active_process,NONE
0.027624,0.03381,0.0,0.034053,0.0,0.041535,0.041696,warm_cpu_to_active_process,NONE
0.030636,0.035308,0.0,0.035513,0.0,0.043551,0.043702,warm_cpu_to_active_process,NONE
0.031845,0.038057,0.0,0.038363,0.0,0.044972,0.045139,warm_cpu_to_active_process,NONE
0.028248,0.035823,0.0,0.036104,0.0,0.043005,0.043173,warm_cpu_to_active_process,NONE
0.030297,0.03643,0.0,0.036753,0.0,0.043821,0.043988,warm_cpu_to_active_process,NONE
0.03435,0.045463,0.0,0.045845,0.0,0.062145,0.062374,warm_cpu_to_active_process,NONE
0.031468,0.036401,0.0,0.036678,0.0,0.043458,0.043628,warm_cpu_to_active_process,NONE
0.029044,0.034916,0.0,0.03512,0.0,0.044077,0.044238,warm_cpu_to_active_process,NONE
0.030958,0.038969,0.0,0.039336,0.0,0.046866,0.047038,warm_cpu_to_active_process,NONE
0.033565,0.049778,0.0,0.050114,0.0,0.058274,0.058426,warm_cpu_to_active_process,NONE
0.03308,0.040007,0.0,0.040305,0.0,0.047314,0.047565,warm_cpu_to_active_process,NONE
0.038316,0.044098,0.0,0.044359,0.0,0.053574,0.053781,warm_cpu_to_active_process,NONE
0.030328,0.038278,0.0,0.03858,0.0,0.045594,0.045782,warm_cpu_to_active_process,NONE
0.030645,0.037332,0.0,0.037617,0.0,0.045644,0.045821,warm_cpu_to_active_process,NONE
0.032142,0.038482,0.0,0.038865,0.0,0.046272,0.046456,warm_cpu_to_active_process,NONE
0.0299,0.036837,0.0,0.03712,0.0,0.043905,0.044076,warm_cpu_to_active_process,NONE
0.029748,0.036217,0.0,0.036578,0.0,0.044289,0.044525,warm_cpu_to_active_process,NONE
0.033743,0.039761,0.0,0.04002,0.0,0.047533,0.047688,warm_cpu_to_active_process,NONE
0.030433,0.036453,0.0,0.036713,0.0,0.044019,0.044185,warm_cpu_to_active_process,NONE
0.032799,0.038973,0.0,0.039197,0.0,0.047725,0.047884,warm_cpu_to_active_process,NONE
0.031907,0.03535,0.0,0.035619,0.0,0.044972,0.045126,warm_cpu_to_active_process,NONE
0.032918,0.039166,0.0,0.039467,0.0,0.046585,0.046764,warm_cpu_to_active_process,NONE
0.029755,0.037051,0.0,0.03742,0.0,0.045519,0.045688,warm_cpu_to_active_process,NONE
0.030691,0.0385,0.0,0.038777,0.0,0.047074,0.047332,warm_cpu_to_active_process,NONE
0.029654,0.034956,0.0,0.035219,0.0,0.042774,0.042948,warm_cpu_to_active_process,NONE
0.032797,0.041858,0.0,0.04228,0.0,0.049818,0.049974,warm_cpu_to_active_process,NONE
0.033936,0.041822,0.0,0.042083,0.0,0.04987,0.05005,warm_cpu_to_active_process,NONE
0.030839,0.035746,0.0,0.03596,0.0,0.041566,0.041718,warm_cpu_to_active_process,NONE
0.032061,0.039499,0.0,0.03973,0.0,0.046639,0.046806,warm_cpu_to_active_process,NONE
0.026223,0.031786,0.0,0.032009,0.0,0.039483,0.039641,warm_cpu_to_active_process,NONE
0.033698,0.040774,0.0,0.041085,0.0,0.048382,0.048568,warm_cpu_to_active_process,NONE
0.029944,0.038855,0.0,0.039355,0.0,0.048178,0.048326,warm_cpu_to_active_process,NONE
0.03207,0.03916,0.0,0.039447,0.0,0.044953,0.045138,warm_cpu_to_active_process,NONE
0.032837,0.040543,0.0,0.040891,0.0,0.049886,0.050065,warm_cpu_to_active_process,NONE
0.029708,0.036485,0.0,0.036776,0.0,0.044079,0.044243,warm_cpu_to_active_process,NONE
0.032726,0.040128,0.0,0.040334,0.0,0.055287,0.055471,warm_cpu_to_active_process,NONE
0.027735,0.033548,0.0,0.033817,0.0,0.041469,0.04164,warm_cpu_to_active_process,NONE
0.032291,0.038663,0.0,0.038959,0.0,0.045542,0.045743,warm_cpu_to_active_process,NONE
0.028753,0.035766,0.0,0.03605,0.0,0.04496,0.045159,warm_cpu_to_active_process,NONE
0.031006,0.036989,0.0,0.037335,0.0,0.046054,0.046215,warm_cpu_to_active_process,NONE
0.032291,0.039547,0.0,0.039823,0.0,0.046765,0.046946,warm_cpu_to_active_process,NONE
0.030901,0.040121,0.0,0.040558,0.0,0.049504,0.049658,warm_cpu_to_active_process,NONE
0.034219,0.039916,0.0,0.040164,0.0,0.047923,0.048104,warm_cpu_to_active_process,NONE
0.034775,0.040067,0.0,0.040366,0.0,0.052371,0.052543,warm_cpu_to_active_process,NONE
0.031113,0.038164,0.0,0.038441,0.0,0.044796,0.044988,warm_cpu_to_active_process,NONE
0.035977,0.041832,0.0,0.042124,0.0,0.049795,0.049962,warm_cpu_to_active_process,NONE
0.032143,0.036532,0.0,0.036755,0.0,0.045794,0.045968,warm_cpu_to_active_process,NONE
0.029203,0.03529,0.0,0.035562,0.0,0.043194,0.043411,warm_cpu_to_active_process,NONE
0.032523,0.038887,0.0,0.039215,0.0,0.044228,0.044403,warm_cpu_to_active_process,NONE
0.033088,0.042284,0.0,0.04267,0.0,0.050014,0.050214,warm_cpu_to_active_process,NONE
0.030325,0.037468,0.0,0.037741,0.0,0.045228,0.045401,warm_cpu_to_active_process,NONE
0.033636,0.040745,0.0,0.041058,0.0,0.047524,0.047699,warm_cpu_to_active_process,NONE
0.030553,0.037497,0.0,0.037814,0.0,0.046538,0.046707,warm_cpu_to_active_process,NONE
0.032965,0.039162,0.0,0.039567,0.0,0.046693,0.046878,warm_cpu_to_active_process,NONE
0.0293,0.033432,0.0,0.03371,0.0,0.042321,0.042491,warm_cpu_to_active_process,NONE
0.030104,0.037078,0.0,0.037388,0.0,0.047527,0.047723,warm_cpu_to_active_process,NONE
0.029586,0.037408,0.0,0.037689,0.0,0.046059,0.04624,warm_cpu_to_active_process,NONE
0.031708,0.038344,0.0,0.038699,0.0,0.044739,0.044906,warm_cpu_to_active_process,NONE
0.028086,0.034909,0.0,0.035189,0.0,0.042372,0.042548,warm_cpu_to_active_process,NONE
0.031647,0.038261,0.0,0.038762,0.0,0.048246,0.048403,warm_cpu_to_active_process,NONE
0.036449,0.043056,0.0,0.043359,0.0,0.048485,0.048665,warm_cpu_to_active_process,NONE
0.030254,0.036934,0.0,0.037231,0.0,0.045103,0.045272,warm_cpu_to_active_process,NONE
0.029935,0.036094,0.0,0.036407,0.0,0.04337,0.043542,warm_cpu_to_active_process,NONE
0.030144,0.037173,0.0,0.037403,0.0,0.04591,0.046075,warm_cpu_to_active_process,NONE
0.030419,0.036717,0.0,0.037019,0.0,0.045236,0.045526,warm_cpu_to_active_process,NONE
0.03133,0.039256,0.0,0.039542,0.0,0.046516,0.046699,warm_cpu_to_active_process,NONE
0.030567,0.036401,0.0,0.036742,0.0,0.043835,0.044003,warm_cpu_to_active_process,NONE
0.031128,0.03697,0.0,0.03724,0.0,0.051852,0.052035,warm_cpu_to_active_process,NONE
0.032296,0.036693,0.0,0.036998,0.0,0.045837,0.046031,warm_cpu_to_active_process,NONE
0.046724,0.052362,0.0,0.05261,0.0,0.061669,0.061876,warm_cpu_to_active_process,NONE
0.032048,0.038151,0.0,0.038441,0.0,0.046993,0.047163,warm_cpu_to_active_process,NONE
0.032966,0.03933,0.0,0.039624,0.0,0.04724,0.047428,warm_cpu_to_active_process,NONE
0.0331,0.039945,0.0,0.040246,0.0,0.047256,0.047437,warm_cpu_to_active_process,NONE
0.028863,0.039427,0.0,0.039822,0.0,0.04769,0.047847,warm_cpu_to_active_process,NONE
0.028853,0.032695,0.0,0.032966,0.0,0.039258,0.039435,warm_cpu_to_active_process,NONE
0.03617,0.043193,0.0,0.04348,0.0,0.050879,0.051106,warm_cpu_to_active_process,NONE
0.03253,0.037238,0.0,0.037502,0.0,0.045672,0.045837,warm_cpu_to_active_process,NONE
0.031281,0.038119,0.0,0.038507,0.0,0.04698,0.047148,warm_cpu_to_active_process,NONE
0.034575,0.039791,0.0,0.040023,0.0,0.046018,0.046207,warm_cpu_to_active_process,NONE
0.030913,0.038202,0.0,0.038453,0.0,0.048169,0.048347,warm_cpu_to_active_process,NONE
0.031437,0.037099,0.0,0.037394,0.0,0.045941,0.04612,warm_cpu_to_active_process,NONE
0.030518,0.037762,0.0,0.038038,0.0,0.043622,0.043837,warm_cpu_to_active_process,NONE
0.02963,0.036046,0.0,0.036335,0.0,0.043829,0.043995,warm_cpu_to_active_process,NONE
0.037931,0.047591,0.0,0.047987,0.0,0.056843,0.05703,warm_cpu_to_active_process,NONE
0.031064,0.03705,0.0,0.037337,0.0,0.043595,0.04389,warm_cpu_to_active_process,NONE
0.040825,0.047222,0.0,0.047702,0.0,0.047728,0.107582,respond_time_warm_cpu,360P
0.031322,0.037245,0.0,0.037586,0.0,0.037608,0.093785,respond_time_warm_cpu,360P
0.037284,0.044337,0.0,0.044735,0.0,0.044762,0.105169,respond_time_warm_cpu,360P
0.03056,0.036612,0.0,0.036988,0.0,0.037014,0.095228,respond_time_warm_cpu,360P
0.034104,0.041955,0.0,0.042437,0.0,0.042467,0.102796,respond_time_warm_cpu,360P
0.036025,0.042529,0.0,0.042882,0.0,0.042905,0.101596,respond_time_warm_cpu,360P
0.044159,0.050788,0.0,0.051278,0.0,0.051308,0.111198,respond_time_warm_cpu,360P
0.030727,0.038656,0.0,0.039028,0.0,0.039053,0.101712,respond_time_warm_cpu,360P
0.039504,0.04737,0.0,0.047825,0.0,0.047855,0.106984,respond_time_warm_cpu,360P
0.028669,0.035794,0.0,0.036175,0.0,0.036202,0.097398,respond_time_warm_cpu,360P
0.033631,0.041452,0.0,0.041827,0.0,0.041854,0.100932,respond_time_warm_cpu,360P
0.031244,0.034723,0.0,0.035048,0.0,0.035066,0.094737,respond_time_warm_cpu,360P
0.033341,0.040982,0.0,0.041359,0.0,0.04138,0.10135,respond_time_warm_cpu,360P
0.029958,0.038313,0.0,0.038697,0.0,0.038722,0.098162,respond_time_warm_cpu,360P
0.032354,0.039845,0.0,0.04024,0.0,0.040268,0.100279,respond_time_warm_cpu,360P
0.033067,0.04096,0.0,0.041309,0.0,0.041331,0.100347,respond_time_warm_cpu,360P
0.033777,0.041071,0.0,0.041389,0.0,0.041408,0.101782,respond_time_warm_cpu,360P
0.029055,0.036011,0.0,0.0364,0.0,0.036426,0.096221,respond_time_warm_cpu,360P
0.034459,0.040502,0.0,0.04091,0.0,0.040933,0.100166,respond_time_warm_cpu,360P
0.035243,0.040754,0.0,0.041113,0.0,0.041137,0.101506,respond_time_warm_cpu,360P
0.033125,0.037658,0.0,0.038085,0.0,0.038111,0.098038,respond_time_warm_cpu,360P
0.030705,0.0358,0.0,0.036199,0.0,0.036226,0.093431,respond_time_warm_cpu,360P
0.028765,0.035295,0.0,0.035656,0.0,0.035681,0.093622,respond_time_warm_cpu,360P
0.031969,0.037162,0.0,0.037501,0.0,0.037526,0.0968,respond_time_warm_cpu,360P
0.030368,0.037668,0.0,0.038043,0.0,0.038064,0.096108,respond_time_warm_cpu,360P
0.030634,0.036482,0.0,0.036832,0.0,0.036854,0.095871,respond_time_warm_cpu,360P
0.030335,0.035229,0.0,0.035604,0.0,0.035623,0.094356,respond_time_warm_cpu,360P
0.030927,0.037143,0.0,0.03753,0.0,0.037557,0.098503,respond_time_warm_cpu,360P
0.031896,0.038642,0.0,0.039084,0.0,0.039111,0.098273,respond_time_warm_cpu,360P
0.029467,0.033877,0.0,0.034214,0.0,0.034236,0.091519,respond_time_warm_cpu,360P
0.039747,0.045418,0.0,0.045763,0.0,0.045783,0.105657,respond_time_warm_cpu,360P
0.029898,0.035155,0.0,0.035539,0.0,0.03557,0.094528,respond_time_warm_cpu,360P
0.03617,0.043478,0.0,0.043822,0.0,0.043845,0.103212,respond_time_warm_cpu,360P
0.028908,0.036461,0.0,0.036901,0.0,0.036925,0.095574,respond_time_warm_cpu,360P
0.034261,0.039563,0.0,0.039966,0.0,0.03999,0.098829,respond_time_warm_cpu,360P
0.027903,0.033279,0.0,0.033637,0.0,0.033659,0.09319,respond_time_warm_cpu,360P
0.033717,0.03965,0.0,0.040031,0.0,0.040059,0.098768,respond_time_warm_cpu,360P
0.031489,0.035617,0.0,0.035965,0.0,0.035988,0.09503,respond_time_warm_cpu,360P
0.034887,0.041775,0.0,0.042258,0.0,0.042286,0.102791,respond_time_warm_cpu,360P
0.033216,0.039947,0.0,0.040294,0.0,0.040317,0.098379,respond_time_warm_cpu,360P
0.035016,0.041209,0.0,0.041637,0.0,0.041665,0.102783,respond_time_warm_cpu,360P
0.029389,0.033769,0.0,0.03419,0.0,0.034215,0.098257,respond_time_warm_cpu,360P
0.032725,0.036234,0.0,0.03654,0.0,0.036557,0.101737,respond_time_warm_cpu,360P
0.02978,0.036868,0.0,0.037511,0.0,0.037549,0.0957,respond_time_warm_cpu,360P
0.032324,0.038397,0.0,0.038731,0.0,0.03875,0.098877,respond_time_warm_cpu,360P
0.031199,0.037706,0.0,0.037964,0.0,0.03798,0.098593,respond_time_warm_cpu,360P
0.031638,0.038619,0.0,0.039073,0.0,0.039098,0.097815,respond_time_warm_cpu,360P
0.032874,0.037467,0.0,0.037911,0.0,0.037936,0.099058,respond_time_warm_cpu,360P
0.034325,0.040946,0.0,0.04137,0.0,0.041403,0.107347,respond_time_warm_cpu,360P
0.02864,0.036097,0.0,0.036445,0.0,0.036468,0.096338,respond_time_warm_cpu,360P
0.033679,0.03936,0.0,0.039631,0.0,0.039647,0.100081,respond_time_warm_cpu,360P
0.031127,0.0367,0.0,0.036994,0.0,0.037015,0.097477,respond_time_warm_cpu,360P
0.031037,0.040809,0.0,0.041283,0.0,0.04131,0.101026,respond_time_warm_cpu,360P
0.033643,0.038645,0.0,0.039004,0.0,0.039027,0.099246,respond_time_warm_cpu,360P
0.03054,0.038341,0.0,0.038774,0.0,0.0388,0.098334,respond_time_warm_cpu,360P
0.031332,0.038094,0.0,0.038483,0.0,0.03851,0.097714,respond_time_warm_cpu,360P
0.031359,0.037719,0.0,0.038039,0.0,0.038056,0.099456,respond_time_warm_cpu,360P
0.027099,0.033415,0.0,0.033792,0.0,0.033817,0.093839,respond_time_warm_cpu,360P
0.034034,0.040391,0.0,0.040827,0.0,0.040854,0.099385,respond_time_warm_cpu,360P
0.029917,0.03723,0.0,0.037548,0.0,0.037568,0.094901,respond_time_warm_cpu,360P
0.03144,0.040234,0.0,0.043347,0.0,0.043384,0.105478,respond_time_warm_cpu,360P
0.030406,0.036873,0.0,0.037278,0.0,0.037315,0.097182,respond_time_warm_cpu,360P
0.033724,0.040492,0.0,0.04092,0.0,0.040945,0.101978,respond_time_warm_cpu,360P
0.032621,0.039744,0.0,0.040101,0.0,0.040124,0.099178,respond_time_warm_cpu,360P
0.033075,0.038883,0.0,0.039241,0.0,0.039273,0.099399,respond_time_warm_cpu,360P
0.033062,0.039865,0.0,0.040148,0.0,0.040167,0.099014,respond_time_warm_cpu,360P
0.034729,0.042314,0.0,0.042811,0.0,0.042849,0.103438,respond_time_warm_cpu,360P
0.031438,0.038921,0.0,0.039305,0.0,0.039331,0.099373,respond_time_warm_cpu,360P
0.037376,0.042778,0.0,0.043172,0.0,0.043193,0.102318,respond_time_warm_cpu,360P
0.028827,0.036084,0.0,0.036456,0.0,0.036482,0.095408,respond_time_warm_cpu,360P
0.03516,0.041218,0.0,0.041549,0.0,0.041574,0.102057,respond_time_warm_cpu,360P
0.029569,0.036643,0.0,0.037062,0.0,0.037088,0.096588,respond_time_warm_cpu,360P
0.033383,0.039839,0.0,0.040178,0.0,0.040198,0.09937,respond_time_warm_cpu,360P
0.033624,0.040646,0.0,0.041029,0.0,0.041054,0.100768,respond_time_warm_cpu,360P
0.032023,0.0381,0.0,0.038435,0.0,0.038458,0.096591,respond_time_warm_cpu,360P
0.032188,0.038818,0.0,0.039155,0.0,0.03918,0.097558,respond_time_warm_cpu,360P
0.043164,0.050564,0.0,0.050992,0.0,0.051026,0.110112,respond_time_warm_cpu,360P
0.031758,0.03888,0.0,0.039193,0.0,0.039212,0.098276,respond_time_warm_cpu,360P
0.035095,0.041301,0.0,0.041717,0.0,0.041742,0.101062,respond_time_warm_cpu,360P
0.035318,0.040793,0.0,0.041172,0.0,0.041197,0.106174,respond_time_warm_cpu,360P
0.029927,0.035647,0.0,0.03593,0.0,0.035948,0.096153,respond_time_warm_cpu,360P
0.029239,0.035626,0.0,0.035968,0.0,0.035992,0.09564,respond_time_warm_cpu,360P
0.036377,0.043035,0.0,0.043404,0.0,0.043425,0.103981,respond_time_warm_cpu,360P
0.027159,0.034891,0.0,0.03533,0.0,0.035358,0.09481,respond_time_warm_cpu,360P
0.033832,0.040079,0.0,0.040476,0.0,0.040497,0.099123,respond_time_warm_cpu,360P
0.031369,0.037408,0.0,0.037752,0.0,0.037775,0.096064,respond_time_warm_cpu,360P
0.03261,0.040216,0.0,0.04056,0.0,0.040585,0.100478,respond_time_warm_cpu,360P
0.041069,0.047578,0.0,0.047994,0.0,0.048019,0.106809,respond_time_warm_cpu,360P
0.036104,0.04247,0.0,0.042873,0.0,0.042898,0.105475,respond_time_warm_cpu,360P
0.03407,0.041135,0.0,0.041409,0.0,0.041425,0.098903,respond_time_warm_cpu,360P
0.031261,0.038857,0.0,0.039247,0.0,0.03927,0.097783,respond_time_warm_cpu,360P
0.029247,0.035139,0.0,0.035501,0.0,0.035527,0.09632,respond_time_warm_cpu,360P
0.035553,0.041122,0.0,0.041398,0.0,0.041421,0.106105,respond_time_warm_cpu,360P
0.030688,0.037804,0.0,0.038299,0.0,0.038332,0.09576,respond_time_warm_cpu,360P
0.031277,0.036927,0.0,0.037312,0.0,0.037341,0.096247,respond_time_warm_cpu,360P
0.031358,0.037972,0.0,0.038361,0.0,0.038382,0.099932,respond_time_warm_cpu,360P
0.030827,0.04028,0.0,0.040643,0.0,0.040665,0.104587,respond_time_warm_cpu,360P
0.029835,0.036113,0.0,0.036547,0.0,0.036575,0.096099,respond_time_warm_cpu,360P
0.046249,0.05223,0.0,0.052622,0.0,0.052644,0.110286,respond_time_warm_cpu,360P
0.033142,0.039125,0.0,0.039478,0.0,0.039503,0.097844,respond_time_warm_cpu,360P
0.03837,0.045134,0.0,0.045465,0.0,0.045485,0.106514,respond_time_warm_cpu,360P
0.031536,0.039178,0.0,0.03964,0.0,0.039668,0.099906,respond_time_warm_cpu,360P
0.033224,0.039665,0.0,0.040038,0.0,0.040059,0.097902,respond_time_warm_cpu,360P
0.031251,0.036896,0.0,0.037279,0.0,0.037306,0.098664,respond_time_warm_cpu,360P
0.028944,0.042188,0.0,0.042604,0.0,0.042624,0.103672,respond_time_warm_cpu,360P
0.031668,0.038471,0.0,0.038857,0.0,0.038883,0.098435,respond_time_warm_cpu,360P
0.033203,0.03886,0.0,0.039195,0.0,0.039213,0.100898,respond_time_warm_cpu,360P
0.029777,0.037143,0.0,0.037486,0.0,0.037509,0.098598,respond_time_warm_cpu,360P
0.031678,0.038443,0.0,0.038918,0.0,0.038952,0.098105,respond_time_warm_cpu,360P
0.030366,0.036634,0.0,0.037084,0.0,0.0372,0.096874,respond_time_warm_cpu,360P
0.031115,0.036875,0.0,0.037366,0.0,0.037392,0.096671,respond_time_warm_cpu,360P
0.029568,0.035391,0.0,0.035675,0.0,0.035693,0.093342,respond_time_warm_cpu,360P
0.032608,0.038353,0.0,0.038782,0.0,0.03881,0.099552,respond_time_warm_cpu,360P
0.027709,0.032139,0.0,0.032531,0.0,0.032561,0.093925,respond_time_warm_cpu,360P
0.037667,0.04456,0.0,0.044909,0.0,0.044929,0.10638,respond_time_warm_cpu,360P
0.032563,0.038736,0.0,0.039122,0.0,0.039147,0.100565,respond_time_warm_cpu,360P
0.036716,0.043633,0.0,0.044108,0.0,0.044144,0.102376,respond_time_warm_cpu,360P
0.036179,0.043072,0.0,0.043477,0.0,0.043501,0.102124,respond_time_warm_cpu,360P
0.037906,0.044681,0.0,0.045084,0.0,0.045119,0.104833,respond_time_warm_cpu,360P
0.029228,0.036158,0.0,0.036589,0.0,0.036615,0.098126,respond_time_warm_cpu,360P
0.038316,0.046238,0.0,0.046758,0.0,0.046795,0.107834,respond_time_warm_cpu,360P
0.032415,0.038872,0.0,0.039133,0.0,0.039149,0.098477,respond_time_warm_cpu,360P
0.032666,0.041038,0.0,0.041358,0.0,0.041375,0.101744,respond_time_warm_cpu,360P
0.03131,0.038006,0.0,0.038396,0.0,0.038423,0.095688,respond_time_warm_cpu,360P
0.029485,0.034299,0.0,0.034677,0.0,0.034702,0.092684,respond_time_warm_cpu,360P
0.032693,0.038769,0.0,0.039103,0.0,0.039126,0.09778,respond_time_warm_cpu,360P
0.03401,0.040373,0.0,0.040751,0.0,0.040776,0.100056,respond_time_warm_cpu,360P
0.02516,0.030816,0.0,0.031158,0.0,0.03118,0.092213,respond_time_warm_cpu,360P
0.030545,0.036748,0.0,0.037092,0.0,0.037114,0.097459,respond_time_warm_cpu,360P
0.028933,0.034356,0.0,0.034715,0.0,0.034747,0.095442,respond_time_warm_cpu,360P
0.030146,0.037056,0.0,0.037309,0.0,0.037327,0.0998,respond_time_warm_cpu,360P
0.032577,0.038016,0.0,0.038352,0.0,0.038375,0.095287,respond_time_warm_cpu,360P
0.032538,0.040493,0.0,0.041097,0.0,0.041126,0.103139,respond_time_warm_cpu,360P
0.031209,0.037191,0.0,0.037571,0.0,0.037597,0.09665,respond_time_warm_cpu,360P
0.032293,0.041015,0.0,0.041403,0.0,0.041426,0.102248,respond_time_warm_cpu,360P
0.032979,0.040154,0.0,0.040524,0.0,0.040549,0.100358,respond_time_warm_cpu,360P
0.030659,0.036997,0.0,0.037386,0.0,0.037411,0.098346,respond_time_warm_cpu,360P
0.031073,0.036519,0.0,0.036908,0.0,0.036935,0.095503,respond_time_warm_cpu,360P
0.053667,0.060813,0.0,0.061273,0.0,0.0613,0.123095,respond_time_warm_cpu,360P
0.031754,0.03783,0.0,0.038234,0.0,0.038257,0.096254,respond_time_warm_cpu,360P
0.033455,0.040975,0.0,0.041465,0.0,0.041497,0.102167,respond_time_warm_cpu,360P
0.03316,0.040598,0.0,0.040993,0.0,0.041019,0.098708,respond_time_warm_cpu,360P
0.032264,0.037705,0.0,0.038057,0.0,0.038081,0.099227,respond_time_warm_cpu,360P
0.030644,0.036698,0.0,0.037043,0.0,0.037066,0.096607,respond_time_warm_cpu,360P
0.034961,0.061191,0.0,0.061854,0.0,0.061886,0.122441,respond_time_warm_cpu,360P
0.033762,0.04005,0.0,0.040402,0.0,0.040425,0.099339,respond_time_warm_cpu,360P
0.030528,0.036045,0.0,0.036456,0.0,0.03657,0.099407,respond_time_warm_cpu,360P
0.030715,0.036245,0.0,0.036631,0.0,0.036656,0.097303,respond_time_warm_cpu,360P
0.046177,0.054118,0.0,0.054589,0.0,0.054623,0.114928,respond_time_warm_cpu,360P
0.030597,0.038064,0.0,0.038555,0.0,0.038583,0.096247,respond_time_warm_cpu,360P
0.033445,0.04633,0.0,0.04686,0.0,0.046887,0.12186,respond_time_warm_cpu,360P
0.033679,0.04007,0.0,0.040446,0.0,0.040472,0.100931,respond_time_warm_cpu,360P
0.032635,0.041286,0.0,0.041602,0.0,0.041623,0.100795,respond_time_warm_cpu,360P
0.029246,0.036097,0.0,0.036442,0.0,0.036465,0.09591,respond_time_warm_cpu,360P
0.032477,0.036903,0.0,0.037215,0.0,0.037233,0.097123,respond_time_warm_cpu,360P
0.031558,0.037689,0.0,0.038057,0.0,0.038092,0.095634,respond_time_warm_cpu,360P
0.031379,0.037055,0.0,0.037452,0.0,0.037476,0.097924,respond_time_warm_cpu,360P
0.034405,0.040847,0.0,0.041186,0.0,0.041209,0.100309,respond_time_warm_cpu,360P
0.029233,0.036879,0.0,0.037249,0.0,0.037268,0.096541,respond_time_warm_cpu,360P
0.03145,0.036235,0.0,0.036657,0.0,0.036737,0.097017,respond_time_warm_cpu,360P
0.033877,0.039661,0.0,0.040016,0.0,0.04004,0.100381,respond_time_warm_cpu,360P
0.035406,0.043486,0.0,0.043872,0.0,0.043898,0.104116,respond_time_warm_cpu,360P
0.029695,0.037232,0.0,0.037746,0.0,0.037778,0.098363,respond_time_warm_cpu,360P
0.031278,0.037453,0.0,0.037814,0.0,0.037845,0.095609,respond_time_warm_cpu,360P
0.031666,0.038974,0.0,0.039349,0.0,0.03937,0.10028,respond_time_warm_cpu,360P
0.030197,0.036131,0.0,0.036515,0.0,0.036541,0.096708,respond_time_warm_cpu,360P
0.030602,0.038018,0.0,0.038491,0.0,0.038519,0.098236,respond_time_warm_cpu,360P
0.033191,0.037541,0.0,0.037914,0.0,0.037939,0.099902,respond_time_warm_cpu,360P
0.031896,0.037885,0.0,0.038151,0.0,0.038167,0.100225,respond_time_warm_cpu,360P
0.033365,0.040488,0.0,0.040834,0.0,0.040857,0.099932,respond_time_warm_cpu,360P
0.033869,0.041198,0.0,0.041696,0.0,0.041734,0.10378,respond_time_warm_cpu,360P
0.030163,0.035596,0.0,0.035888,0.0,0.035905,0.092915,respond_time_warm_cpu,360P
0.035759,0.042806,0.0,0.043158,0.0,0.043178,0.102568,respond_time_warm_cpu,360P
0.031832,0.037649,0.0,0.038095,0.0,0.038119,0.097306,respond_time_warm_cpu,360P
0.036024,0.041713,0.0,0.042046,0.0,0.042066,0.101136,respond_time_warm_cpu,360P
0.031129,0.038422,0.0,0.038801,0.0,0.038836,0.099441,respond_time_warm_cpu,360P
0.036601,0.043693,0.0,0.044052,0.0,0.044074,0.103006,respond_time_warm_cpu,360P
0.027913,0.037116,0.0,0.037499,0.0,0.037524,0.094978,respond_time_warm_cpu,360P
0.033054,0.038209,0.0,0.038534,0.0,0.038552,0.098479,respond_time_warm_cpu,360P
0.03048,0.034801,0.0,0.035149,0.0,0.035171,0.094157,respond_time_warm_cpu,360P
0.031781,0.037247,0.0,0.037681,0.0,0.037709,0.095965,respond_time_warm_cpu,360P
0.028747,0.034502,0.0,0.03481,0.0,0.03483,0.093917,respond_time_warm_cpu,360P
0.03449,0.041593,0.0,0.042016,0.0,0.042041,0.099279,respond_time_warm_cpu,360P
0.029273,0.035798,0.0,0.036214,0.0,0.036237,0.094974,respond_time_warm_cpu,360P
0.033043,0.040118,0.0,0.040439,0.0,0.040459,0.099381,respond_time_warm_cpu,360P
0.030273,0.035586,0.0,0.035923,0.0,0.035947,0.09647,respond_time_warm_cpu,360P
0.035862,0.041557,0.0,0.041882,0.0,0.041901,0.100564,respond_time_warm_cpu,360P
0.029058,0.035141,0.0,0.035518,0.0,0.035544,0.095297,respond_time_warm_cpu,360P
0.040241,0.047,0.0,0.047407,0.0,0.047541,0.10787,respond_time_warm_cpu,360P
0.030075,0.036769,0.0,0.037121,0.0,0.037143,0.096138,respond_time_warm_cpu,360P
0.045966,0.051494,0.0,0.052019,0.0,0.05205,0.110133,respond_time_warm_cpu,360P
0.031581,0.03976,0.0,0.040107,0.0,0.040129,0.098947,respond_time_warm_cpu,360P
0.034163,0.042139,0.0,0.04248,0.0,0.042502,0.103455,respond_time_warm_cpu,360P
0.029658,0.036345,0.0,0.036698,0.0,0.036722,0.095108,respond_time_warm_cpu,360P
0.031229,0.037566,0.0,0.038071,0.0,0.038099,0.096022,respond_time_warm_cpu,360P
0.029701,0.037498,0.0,0.037824,0.0,0.037892,0.097544,respond_time_warm_cpu,360P
0.039567,0.045323,0.0,0.045681,0.0,0.045707,0.10669,respond_time_warm_cpu,360P
0.028839,0.035311,0.0,0.035662,0.0,0.035684,0.094655,respond_time_warm_cpu,360P
0.034753,0.04029,0.0,0.040757,0.0,0.040789,0.112338,respond_time_warm_cpu,480P
0.029994,0.036573,0.0,0.036923,0.0,0.036946,0.108244,respond_time_warm_cpu,480P
0.035379,0.04271,0.0,0.0432,0.0,0.043231,0.1246,respond_time_warm_cpu,480P
0.033064,0.03828,0.0,0.038554,0.0,0.038571,0.11112,respond_time_warm_cpu,480P
0.030542,0.036777,0.0,0.037083,0.0,0.037101,0.10675,respond_time_warm_cpu,480P
0.028089,0.032593,0.0,0.032943,0.0,0.032965,0.105051,respond_time_warm_cpu,480P
0.031439,0.041207,0.0,0.041614,0.0,0.04164,0.115073,respond_time_warm_cpu,480P
0.035092,0.039303,0.0,0.0396,0.0,0.039619,0.110308,respond_time_warm_cpu,480P
0.035986,0.041665,0.0,0.042341,0.0,0.042372,0.118173,respond_time_warm_cpu,480P
0.032735,0.037305,0.0,0.037593,0.0,0.037617,0.111491,respond_time_warm_cpu,480P
0.038875,0.05418,0.0,0.054628,0.0,0.05465,0.124878,respond_time_warm_cpu,480P
0.027512,0.032508,0.0,0.032848,0.0,0.032871,0.103184,respond_time_warm_cpu,480P
0.03486,0.042088,0.0,0.042466,0.0,0.042487,0.116219,respond_time_warm_cpu,480P
0.030603,0.036593,0.0,0.036942,0.0,0.036964,0.107457,respond_time_warm_cpu,480P
0.031997,0.039024,0.0,0.039405,0.0,0.039431,0.110551,respond_time_warm_cpu,480P
0.030297,0.035772,0.0,0.036189,0.0,0.036215,0.106901,respond_time_warm_cpu,480P
0.031153,0.038305,0.0,0.038639,0.0,0.038658,0.111244,respond_time_warm_cpu,480P
0.031451,0.038686,0.0,0.0392,0.0,0.039241,0.109996,respond_time_warm_cpu,480P
0.034379,0.040355,0.0,0.040786,0.0,0.040814,0.110535,respond_time_warm_cpu,480P
0.029775,0.036307,0.0,0.036647,0.0,0.036669,0.1097,respond_time_warm_cpu,480P
0.030792,0.037705,0.0,0.038061,0.0,0.038079,0.108863,respond_time_warm_cpu,480P
0.030767,0.03756,0.0,0.037899,0.0,0.037921,0.110743,respond_time_warm_cpu,480P
0.038552,0.045688,0.0,0.04609,0.0,0.046116,0.120321,respond_time_warm_cpu,480P
0.031429,0.037226,0.0,0.037609,0.0,0.037634,0.110276,respond_time_warm_cpu,480P
0.031184,0.035454,0.0,0.035849,0.0,0.035869,0.108273,respond_time_warm_cpu,480P
0.031161,0.037435,0.0,0.037775,0.0,0.037798,0.108524,respond_time_warm_cpu,480P
0.033354,0.039957,0.0,0.04044,0.0,0.040468,0.113148,respond_time_warm_cpu,480P
0.029163,0.034931,0.0,0.035302,0.0,0.035328,0.104511,respond_time_warm_cpu,480P
0.039442,0.04616,0.0,0.046628,0.0,0.046648,0.120393,respond_time_warm_cpu,480P
0.03099,0.038897,0.0,0.039318,0.0,0.039344,0.109548,respond_time_warm_cpu,480P
0.029918,0.035855,0.0,0.036185,0.0,0.036203,0.106779,respond_time_warm_cpu,480P
0.032463,0.040679,0.0,0.041065,0.0,0.041091,0.112373,respond_time_warm_cpu,480P
0.03182,0.038071,0.0,0.038429,0.0,0.038454,0.112978,respond_time_warm_cpu,480P
0.0346,0.03964,0.0,0.040005,0.0,0.040041,0.109237,respond_time_warm_cpu,480P
0.031257,0.038859,0.0,0.03917,0.0,0.039192,0.110528,respond_time_warm_cpu,480P
0.031157,0.038622,0.0,0.039028,0.0,0.039055,0.111049,respond_time_warm_cpu,480P
0.038495,0.045132,0.0,0.045563,0.0,0.04559,0.117551,respond_time_warm_cpu,480P
0.028593,0.034665,0.0,0.035049,0.0,0.035073,0.107993,respond_time_warm_cpu,480P
0.031911,0.038281,0.0,0.038698,0.0,0.03873,0.111023,respond_time_warm_cpu,480P
0.032456,0.039277,0.0,0.03966,0.0,0.039685,0.108117,respond_time_warm_cpu,480P
0.030949,0.036431,0.0,0.036811,0.0,0.036832,0.10862,respond_time_warm_cpu,480P
0.029441,0.0364,0.0,0.036781,0.0,0.036808,0.107081,respond_time_warm_cpu,480P
0.030327,0.036234,0.0,0.036661,0.0,0.036686,0.110412,respond_time_warm_cpu,480P
0.031505,0.038729,0.0,0.039127,0.0,0.039149,0.112237,respond_time_warm_cpu,480P
0.03407,0.043823,0.0,0.04427,0.0,0.044301,0.116673,respond_time_warm_cpu,480P
0.030469,0.037044,0.0,0.037486,0.0,0.037511,0.106297,respond_time_warm_cpu,480P
0.030659,0.038348,0.0,0.038661,0.0,0.038682,0.110486,respond_time_warm_cpu,480P
0.031069,0.037754,0.0,0.038096,0.0,0.03812,0.107542,respond_time_warm_cpu,480P
0.032589,0.040721,0.0,0.040977,0.0,0.040997,0.110568,respond_time_warm_cpu,480P
0.041149,0.045501,0.0,0.045842,0.0,0.045865,0.115573,respond_time_warm_cpu,480P
0.02871,0.033156,0.0,0.033515,0.0,0.033536,0.104555,respond_time_warm_cpu,480P
0.033478,0.040578,0.0,0.040977,0.0,0.041004,0.110865,respond_time_warm_cpu,480P
0.031776,0.037907,0.0,0.038372,0.0,0.038399,0.11056,respond_time_warm_cpu,480P
0.031619,0.03899,0.0,0.039338,0.0,0.03936,0.111395,respond_time_warm_cpu,480P
0.026943,0.059738,0.0,0.060293,0.0,0.060327,0.134315,respond_time_warm_cpu,480P
0.029537,0.035564,0.0,0.035943,0.0,0.035969,0.105375,respond_time_warm_cpu,480P
0.030451,0.036419,0.0,0.036678,0.0,0.036694,0.10841,respond_time_warm_cpu,480P
0.030035,0.036093,0.0,0.036457,0.0,0.036481,0.109547,respond_time_warm_cpu,480P
0.040491,0.046487,0.0,0.046874,0.0,0.0469,0.118355,respond_time_warm_cpu,480P
0.030254,0.037751,0.0,0.038156,0.0,0.038182,0.111203,respond_time_warm_cpu,480P
0.032269,0.036904,0.0,0.0373,0.0,0.037326,0.115743,respond_time_warm_cpu,480P
0.032297,0.038223,0.0,0.038575,0.0,0.038598,0.110666,respond_time_warm_cpu,480P
0.031153,0.035548,0.0,0.036005,0.0,0.036031,0.10966,respond_time_warm_cpu,480P
0.030192,0.036001,0.0,0.036335,0.0,0.036358,0.107173,respond_time_warm_cpu,480P
0.033241,0.041247,0.0,0.041694,0.0,0.041725,0.111992,respond_time_warm_cpu,480P
0.031205,0.038799,0.0,0.039133,0.0,0.039153,0.109545,respond_time_warm_cpu,480P
0.033731,0.037765,0.0,0.038111,0.0,0.03813,0.110958,respond_time_warm_cpu,480P
0.031972,0.039203,0.0,0.03955,0.0,0.039573,0.109768,respond_time_warm_cpu,480P
0.031343,0.038021,0.0,0.038423,0.0,0.038452,0.113931,respond_time_warm_cpu,480P
0.029169,0.034833,0.0,0.035234,0.0,0.03526,0.108117,respond_time_warm_cpu,480P
0.035843,0.0431,0.0,0.043592,0.0,0.043619,0.121251,respond_time_warm_cpu,480P
0.029931,0.036415,0.0,0.036683,0.0,0.036714,0.106697,respond_time_warm_cpu,480P
0.035885,0.042359,0.0,0.042761,0.0,0.042791,0.114394,respond_time_warm_cpu,480P
0.029555,0.036536,0.0,0.03689,0.0,0.036912,0.106757,respond_time_warm_cpu,480P
0.03209,0.038562,0.0,0.039137,0.0,0.039176,0.1105,respond_time_warm_cpu,480P
0.033727,0.04,0.0,0.040381,0.0,0.040407,0.114511,respond_time_warm_cpu,480P
0.032094,0.037617,0.0,0.037955,0.0,0.037978,0.110511,respond_time_warm_cpu,480P
0.029815,0.036004,0.0,0.036332,0.0,0.036353,0.108242,respond_time_warm_cpu,480P
0.036105,0.044127,0.0,0.044668,0.0,0.044699,0.121025,respond_time_warm_cpu,480P
0.032791,0.040186,0.0,0.040785,0.0,0.04082,0.114832,respond_time_warm_cpu,480P
0.034708,0.041493,0.0,0.041843,0.0,0.041916,0.112974,respond_time_warm_cpu,480P
0.031069,0.038108,0.0,0.038507,0.0,0.038531,0.108862,respond_time_warm_cpu,480P
0.040539,0.046621,0.0,0.04704,0.0,0.047067,0.120324,respond_time_warm_cpu,480P
0.031233,0.03624,0.0,0.036586,0.0,0.036609,0.109264,respond_time_warm_cpu,480P
0.029723,0.037087,0.0,0.037447,0.0,0.03747,0.111445,respond_time_warm_cpu,480P
0.028733,0.035239,0.0,0.035737,0.0,0.035763,0.106751,respond_time_warm_cpu,480P
0.030548,0.037745,0.0,0.038184,0.0,0.03821,0.109722,respond_time_warm_cpu,480P
0.033915,0.040413,0.0,0.04081,0.0,0.040836,0.113091,respond_time_warm_cpu,480P
0.030725,0.03923,0.0,0.039683,0.0,0.039704,0.114615,respond_time_warm_cpu,480P
0.030523,0.03731,0.0,0.0376,0.0,0.037618,0.106779,respond_time_warm_cpu,480P
0.03288,0.039671,0.0,0.040107,0.0,0.040127,0.114277,respond_time_warm_cpu,480P
0.033728,0.040266,0.0,0.040601,0.0,0.040624,0.112192,respond_time_warm_cpu,480P
0.031924,0.039739,0.0,0.040071,0.0,0.040091,0.113192,respond_time_warm_cpu,480P
0.032345,0.038532,0.0,0.038873,0.0,0.038896,0.109991,respond_time_warm_cpu,480P
0.035281,0.044754,0.0,0.045191,0.0,0.045218,0.120957,respond_time_warm_cpu,480P
0.031579,0.038847,0.0,0.039231,0.0,0.03926,0.109358,respond_time_warm_cpu,480P
0.029631,0.043022,0.0,0.044717,0.0,0.044757,0.118387,respond_time_warm_cpu,480P
0.029759,0.035296,0.0,0.035633,0.0,0.035665,0.107678,respond_time_warm_cpu,480P
0.02799,0.034371,0.0,0.034642,0.0,0.03466,0.111245,respond_time_warm_cpu,480P
0.02992,0.035678,0.0,0.036058,0.0,0.036084,0.106141,respond_time_warm_cpu,480P
0.034689,0.043069,0.0,0.043386,0.0,0.043408,0.117734,respond_time_warm_cpu,480P
0.033407,0.039122,0.0,0.039538,0.0,0.039564,0.110823,respond_time_warm_cpu,480P
0.028906,0.037331,0.0,0.037798,0.0,0.037831,0.111032,respond_time_warm_cpu,480P
0.027136,0.034222,0.0,0.034668,0.0,0.034695,0.105236,respond_time_warm_cpu,480P
0.030041,0.037708,0.0,0.03811,0.0,0.038136,0.111427,respond_time_warm_cpu,480P
0.029284,0.035793,0.0,0.036088,0.0,0.036108,0.109804,respond_time_warm_cpu,480P
0.037048,0.042409,0.0,0.042731,0.0,0.042751,0.116162,respond_time_warm_cpu,480P
0.032023,0.037513,0.0,0.037841,0.0,0.037866,0.10988,respond_time_warm_cpu,480P
0.027181,0.032086,0.0,0.032489,0.0,0.032513,0.101767,respond_time_warm_cpu,480P
0.027531,0.033735,0.0,0.034121,0.0,0.034145,0.104118,respond_time_warm_cpu,480P
0.038305,0.046929,0.0,0.047368,0.0,0.0474,0.120745,respond_time_warm_cpu,480P
0.03082,0.037754,0.0,0.038068,0.0,0.038089,0.108272,respond_time_warm_cpu,480P
0.029291,0.036268,0.0,0.036591,0.0,0.03661,0.111004,respond_time_warm_cpu,480P
0.031483,0.039382,0.0,0.039744,0.0,0.039768,0.11136,respond_time_warm_cpu,480P
0.032269,0.038882,0.0,0.039217,0.0,0.039237,0.108507,respond_time_warm_cpu,480P
0.029708,0.034471,0.0,0.034862,0.0,0.034888,0.105925,respond_time_warm_cpu,480P
0.036114,0.042891,0.0,0.043347,0.0,0.043378,0.115651,respond_time_warm_cpu,480P
0.028967,0.034539,0.0,0.034872,0.0,0.034895,0.104484,respond_time_warm_cpu,480P
0.030834,0.038299,0.0,0.038746,0.0,0.038775,0.110544,respond_time_warm_cpu,480P
0.030346,0.037273,0.0,0.037669,0.0,0.037694,0.109679,respond_time_warm_cpu,480P
0.031994,0.038698,0.0,0.039072,0.0,0.039094,0.110356,respond_time_warm_cpu,480P
0.030268,0.036774,0.0,0.037117,0.0,0.03714,0.106917,respond_time_warm_cpu,480P
0.032808,0.039763,0.0,0.04006,0.0,0.040078,0.107743,respond_time_warm_cpu,480P
0.028964,0.037775,0.0,0.038118,0.0,0.038149,0.109335,respond_time_warm_cpu,480P
0.032744,0.039396,0.0,0.03974,0.0,0.039763,0.115132,respond_time_warm_cpu,480P
0.035381,0.042558,0.0,0.042895,0.0,0.042918,0.114503,respond_time_warm_cpu,480P
0.030444,0.03603,0.0,0.036407,0.0,0.036432,0.108575,respond_time_warm_cpu,480P
0.031349,0.038503,0.0,0.038888,0.0,0.038912,0.113799,respond_time_warm_cpu,480P
0.047759,0.067446,0.0,0.067959,0.0,0.06799,0.140237,respond_time_warm_cpu,480P
0.033581,0.039149,0.0,0.039428,0.0,0.039445,0.11129,respond_time_warm_cpu,480P
0.030879,0.037749,0.0,0.03809,0.0,0.038123,0.11128,respond_time_warm_cpu,480P
0.03112,0.038413,0.0,0.038759,0.0,0.038781,0.110414,respond_time_warm_cpu,480P
0.033305,0.040935,0.0,0.041426,0.0,0.041453,0.113017,respond_time_warm_cpu,480P
0.030968,0.035875,0.0,0.036256,0.0,0.036279,0.108141,respond_time_warm_cpu,480P
0.03162,0.038036,0.0,0.038385,0.0,0.038407,0.109696,respond_time_warm_cpu,480P
0.029559,0.035909,0.0,0.036245,0.0,0.036267,0.107684,respond_time_warm_cpu,480P
0.032499,0.04023,0.0,0.040666,0.0,0.040697,0.111637,respond_time_warm_cpu,480P
0.029505,0.037564,0.0,0.037837,0.0,0.037859,0.106746,respond_time_warm_cpu,480P
0.033048,0.038513,0.0,0.038896,0.0,0.038923,0.108633,respond_time_warm_cpu,480P
0.028291,0.034216,0.0,0.034608,0.0,0.034633,0.105654,respond_time_warm_cpu,480P
0.029784,0.036244,0.0,0.036581,0.0,0.036607,0.109,respond_time_warm_cpu,480P
0.029749,0.035083,0.0,0.035358,0.0,0.035375,0.107432,respond_time_warm_cpu,480P
0.031098,0.037656,0.0,0.038006,0.0,0.038028,0.110612,respond_time_warm_cpu,480P
0.032114,0.040988,0.0,0.041386,0.0,0.041409,0.113203,respond_time_warm_cpu,480P
0.031055,0.041592,0.0,0.042027,0.0,0.042048,0.117633,respond_time_warm_cpu,480P
0.031294,0.038956,0.0,0.039381,0.0,0.03941,0.109506,respond_time_warm_cpu,480P
0.038391,0.044369,0.0,0.044755,0.0,0.04478,0.116891,respond_time_warm_cpu,480P
0.032065,0.037697,0.0,0.038046,0.0,0.038068,0.109648,respond_time_warm_cpu,480P
0.032623,0.041737,0.0,0.042102,0.0,0.042123,0.116135,respond_time_warm_cpu,480P
0.029963,0.035987,0.0,0.036316,0.0,0.036338,0.107306,respond_time_warm_cpu,480P
0.034677,0.042024,0.0,0.04239,0.0,0.042466,0.115724,respond_time_warm_cpu,480P
0.033473,0.039356,0.0,0.039729,0.0,0.039754,0.109894,respond_time_warm_cpu,480P
0.030563,0.036209,0.0,0.036561,0.0,0.036583,0.107622,respond_time_warm_cpu,480P
0.035334,0.040872,0.0,0.041213,0.0,0.041235,0.11287,respond_time_warm_cpu,480P
0.065809,0.073526,0.0,0.074048,0.0,0.074077,0.146445,respond_time_warm_cpu,480P
0.033902,0.040064,0.0,0.040397,0.0,0.040419,0.11327,respond_time_warm_cpu,480P
0.028299,0.035121,0.0,0.035454,0.0,0.035474,0.108024,respond_time_warm_cpu,480P
0.029602,0.034848,0.0,0.0351,0.0,0.035117,0.105083,respond_time_warm_cpu,480P
0.034667,0.040953,0.0,0.041376,0.0,0.041405,0.113817,respond_time_warm_cpu,480P
0.030936,0.037275,0.0,0.037663,0.0,0.037688,0.107142,respond_time_warm_cpu,480P
0.028298,0.032921,0.0,0.033335,0.0,0.033357,0.112268,respond_time_warm_cpu,480P
0.029755,0.036505,0.0,0.036866,0.0,0.036888,0.107577,respond_time_warm_cpu,480P
0.031205,0.040848,0.0,0.04139,0.0,0.041423,0.111505,respond_time_warm_cpu,480P
0.030827,0.036517,0.0,0.036917,0.0,0.03694,0.108828,respond_time_warm_cpu,480P
0.033771,0.041041,0.0,0.041595,0.0,0.041629,0.114637,respond_time_warm_cpu,480P
0.032152,0.038792,0.0,0.039143,0.0,0.039166,0.109506,respond_time_warm_cpu,480P
0.037057,0.042078,0.0,0.042477,0.0,0.042498,0.117024,respond_time_warm_cpu,480P
0.032948,0.037471,0.0,0.037842,0.0,0.037867,0.109967,respond_time_warm_cpu,480P
0.0421,0.052698,0.0,0.053298,0.0,0.053331,0.129036,respond_time_warm_cpu,480P
0.038956,0.04559,0.0,0.045884,0.0,0.045903,0.117972,respond_time_warm_cpu,480P
0.034206,0.040753,0.0,0.041084,0.0,0.041107,0.116329,respond_time_warm_cpu,480P
0.030615,0.036184,0.0,0.036568,0.0,0.036591,0.109289,respond_time_warm_cpu,480P
0.029577,0.037034,0.0,0.037351,0.0,0.03737,0.1084,respond_time_warm_cpu,480P
0.034193,0.03995,0.0,0.04028,0.0,0.040302,0.109524,respond_time_warm_cpu,480P
0.035661,0.042561,0.0,0.042904,0.0,0.042933,0.117759,respond_time_warm_cpu,480P
0.03211,0.039602,0.0,0.03996,0.0,0.039983,0.111154,respond_time_warm_cpu,480P
0.032295,0.038083,0.0,0.038459,0.0,0.038485,0.113685,respond_time_warm_cpu,480P
0.027488,0.033613,0.0,0.033934,0.0,0.033956,0.10522,respond_time_warm_cpu,480P
0.029866,0.037309,0.0,0.037713,0.0,0.03774,0.11077,respond_time_warm_cpu,480P
0.033499,0.038639,0.0,0.038967,0.0,0.03899,0.110832,respond_time_warm_cpu,480P
0.032291,0.038692,0.0,0.039048,0.0,0.039068,0.109385,respond_time_warm_cpu,480P
0.031794,0.03837,0.0,0.038736,0.0,0.038761,0.113728,respond_time_warm_cpu,480P
0.03164,0.039067,0.0,0.039571,0.0,0.039605,0.111733,respond_time_warm_cpu,480P
0.0295,0.037728,0.0,0.038077,0.0,0.038099,0.111291,respond_time_warm_cpu,480P
0.031416,0.036768,0.0,0.037241,0.0,0.037266,0.118829,respond_time_warm_cpu,480P
0.032904,0.040163,0.0,0.0405,0.0,0.040522,0.11227,respond_time_warm_cpu,480P
0.03079,0.037799,0.0,0.038124,0.0,0.038144,0.110731,respond_time_warm_cpu,480P
0.030728,0.036439,0.0,0.036831,0.0,0.036857,0.1096,respond_time_warm_cpu,480P
0.033279,0.042048,0.0,0.042534,0.0,0.042574,0.113628,respond_time_warm_cpu,480P
0.031496,0.036881,0.0,0.037225,0.0,0.037248,0.108341,respond_time_warm_cpu,480P
0.032872,0.03971,0.0,0.04006,0.0,0.040082,0.113823,respond_time_warm_cpu,480P
0.030666,0.037046,0.0,0.03737,0.0,0.037394,0.106734,respond_time_warm_cpu,480P
0.036098,0.04199,0.0,0.042314,0.0,0.042337,0.1147,respond_time_warm_cpu,480P
0.031278,0.037124,0.0,0.037514,0.0,0.037541,0.108358,respond_time_warm_cpu,480P
0.031127,0.037603,0.0,0.037951,0.0,0.037971,0.109885,respond_time_warm_cpu,480P
0.031848,0.039544,0.0,0.039813,0.0,0.03983,0.108641,respond_time_warm_cpu,480P
0.030925,0.037533,0.0,0.037974,0.0,0.037997,0.112923,respond_time_warm_cpu,480P
0.031789,0.038363,0.0,0.038745,0.0,0.038771,0.110067,respond_time_warm_cpu,480P
0.030884,0.037774,0.0,0.038079,0.0,0.038099,0.110208,respond_time_warm_cpu,480P
0.031618,0.036926,0.0,0.037303,0.0,0.037328,0.109038,respond_time_warm_cpu,480P
0.033166,0.040588,0.0,0.041022,0.0,0.041053,0.148134,respond_time_warm_cpu,HD
0.029413,0.036512,0.0,0.036884,0.0,0.036908,0.143135,respond_time_warm_cpu,HD
0.032219,0.039247,0.0,0.039624,0.0,0.039644,0.145246,respond_time_warm_cpu,HD
0.030475,0.035512,0.0,0.035896,0.0,0.035922,0.143421,respond_time_warm_cpu,HD
0.037795,0.044344,0.0,0.04479,0.0,0.044813,0.1489,respond_time_warm_cpu,HD
0.032497,0.04024,0.0,0.040521,0.0,0.040538,0.149161,respond_time_warm_cpu,HD
0.030504,0.035471,0.0,0.035788,0.0,0.035809,0.144263,respond_time_warm_cpu,HD
0.031096,0.038337,0.0,0.038731,0.0,0.038757,0.14458,respond_time_warm_cpu,HD
0.03071,0.038828,0.0,0.039264,0.0,0.039297,0.143184,respond_time_warm_cpu,HD
0.032695,0.038874,0.0,0.039265,0.0,0.039288,0.143269,respond_time_warm_cpu,HD
0.03336,0.040696,0.0,0.041133,0.0,0.041156,0.149068,respond_time_warm_cpu,HD
0.031188,0.038235,0.0,0.038619,0.0,0.038646,0.145724,respond_time_warm_cpu,HD
0.031243,0.037351,0.0,0.037747,0.0,0.037781,0.141262,respond_time_warm_cpu,HD
0.031343,0.037136,0.0,0.037502,0.0,0.037529,0.14543,respond_time_warm_cpu,HD
0.032116,0.037318,0.0,0.037634,0.0,0.037654,0.142218,respond_time_warm_cpu,HD
0.032474,0.038106,0.0,0.038467,0.0,0.038594,0.145711,respond_time_warm_cpu,HD
0.028933,0.035143,0.0,0.035462,0.0,0.035484,0.143792,respond_time_warm_cpu,HD
0.032533,0.039674,0.0,0.040067,0.0,0.040092,0.144962,respond_time_warm_cpu,HD
0.032755,0.040449,0.0,0.041018,0.0,0.041049,0.157322,respond_time_warm_cpu,HD
0.029886,0.037244,0.0,0.03758,0.0,0.037599,0.143607,respond_time_warm_cpu,HD
0.033136,0.039322,0.0,0.039675,0.0,0.039697,0.143139,respond_time_warm_cpu,HD
0.031371,0.038377,0.0,0.038649,0.0,0.038667,0.143543,respond_time_warm_cpu,HD
0.03606,0.041779,0.0,0.042066,0.0,0.042083,0.152019,respond_time_warm_cpu,HD
0.031904,0.039283,0.0,0.039721,0.0,0.039749,0.148031,respond_time_warm_cpu,HD
0.032583,0.038044,0.0,0.038456,0.0,0.038477,0.146721,respond_time_warm_cpu,HD
0.033737,0.040578,0.0,0.040982,0.0,0.041004,0.145434,respond_time_warm_cpu,HD
0.031496,0.037149,0.0,0.037537,0.0,0.037562,0.148391,respond_time_warm_cpu,HD
0.030518,0.03572,0.0,0.03608,0.0,0.036103,0.143728,respond_time_warm_cpu,HD
0.032652,0.039022,0.0,0.039348,0.0,0.039367,0.146002,respond_time_warm_cpu,HD
0.031514,0.037287,0.0,0.037611,0.0,0.037631,0.146066,respond_time_warm_cpu,HD
0.032558,0.040116,0.0,0.040574,0.0,0.0406,0.148422,respond_time_warm_cpu,HD
0.032716,0.039882,0.0,0.040221,0.0,0.040244,0.147357,respond_time_warm_cpu,HD
0.04209,0.050011,0.0,0.050531,0.0,0.050563,0.156756,respond_time_warm_cpu,HD
0.036677,0.042426,0.0,0.042721,0.0,0.042742,0.145919,respond_time_warm_cpu,HD
0.037936,0.04569,0.0,0.046009,0.0,0.046031,0.152651,respond_time_warm_cpu,HD
0.031483,0.037551,0.0,0.037858,0.0,0.037878,0.14247,respond_time_warm_cpu,HD
0.031179,0.036571,0.0,0.036886,0.0,0.036908,0.144596,respond_time_warm_cpu,HD
0.033927,0.040421,0.0,0.040983,0.0,0.041014,0.145362,respond_time_warm_cpu,HD
0.029383,0.036004,0.0,0.036461,0.0,0.036486,0.146346,respond_time_warm_cpu,HD
0.029473,0.035071,0.0,0.035598,0.0,0.035625,0.141356,respond_time_warm_cpu,HD
0.034579,0.041268,0.0,0.041719,0.0,0.041743,0.152955,respond_time_warm_cpu,HD
0.034768,0.040053,0.0,0.040431,0.0,0.040453,0.145008,respond_time_warm_cpu,HD
0.035438,0.040225,0.0,0.040518,0.0,0.040538,0.151972,respond_time_warm_cpu,HD
0.032543,0.038795,0.0,0.039261,0.0,0.039283,0.143317,respond_time_warm_cpu,HD
0.032129,0.038581,0.0,0.039047,0.0,0.039077,0.147809,respond_time_warm_cpu,HD
0.03333,0.037916,0.0,0.038431,0.0,0.038448,0.147406,respond_time_warm_cpu,HD
0.050145,0.069591,0.0,0.070099,0.0,0.07013,0.1791,respond_time_warm_cpu,HD
0.03202,0.037617,0.0,0.03796,0.0,0.037983,0.140884,respond_time_warm_cpu,HD
0.030497,0.038163,0.0,0.03859,0.0,0.038617,0.145113,respond_time_warm_cpu,HD
0.030512,0.03651,0.0,0.036811,0.0,0.03683,0.144435,respond_time_warm_cpu,HD
0.032739,0.03925,0.0,0.039683,0.0,0.039713,0.147046,respond_time_warm_cpu,HD
0.032533,0.038635,0.0,0.039019,0.0,0.039046,0.145332,respond_time_warm_cpu,HD
0.03646,0.042203,0.0,0.042585,0.0,0.042612,0.149315,respond_time_warm_cpu,HD
0.039015,0.045099,0.0,0.045437,0.0,0.045459,0.149399,respond_time_warm_cpu,HD
0.032221,0.038289,0.0,0.038726,0.0,0.038767,0.145,respond_time_warm_cpu,HD
0.032086,0.036812,0.0,0.037166,0.0,0.037189,0.144417,respond_time_warm_cpu,HD
0.031774,0.040357,0.0,0.040816,0.0,0.040845,0.152956,respond_time_warm_cpu,HD
0.029217,0.036306,0.0,0.036648,0.0,0.036671,0.138775,respond_time_warm_cpu,HD
0.032732,0.039456,0.0,0.039999,0.0,0.040037,0.146402,respond_time_warm_cpu,HD
0.03308,0.036854,0.0,0.037165,0.0,0.037182,0.146527,respond_time_warm_cpu,HD
0.040323,0.048857,0.0,0.049291,0.0,0.04931,0.160362,respond_time_warm_cpu,HD
0.033439,0.038102,0.0,0.038522,0.0,0.038547,0.141741,respond_time_warm_cpu,HD
0.031789,0.038253,0.0,0.038717,0.0,0.038742,0.14356,respond_time_warm_cpu,HD
0.037335,0.045468,0.0,0.04586,0.0,0.045883,0.147761,respond_time_warm_cpu,HD
0.031064,0.037875,0.0,0.038283,0.0,0.038305,0.146751,respond_time_warm_cpu,HD
0.029106,0.036293,0.0,0.036627,0.0,0.036649,0.144345,respond_time_warm_cpu,HD
0.032121,0.040979,0.0,0.041472,0.0,0.041503,0.150999,respond_time_warm_cpu,HD
0.040784,0.046687,0.0,0.047201,0.0,0.047225,0.153496,respond_time_warm_cpu,HD
0.031081,0.036602,0.0,0.037001,0.0,0.037027,0.143972,respond_time_warm_cpu,HD
0.03275,0.038297,0.0,0.038714,0.0,0.038739,0.141604,respond_time_warm_cpu,HD
0.032303,0.039334,0.0,0.039648,0.0,0.039664,0.146649,respond_time_warm_cpu,HD
0.032505,0.039197,0.0,0.039651,0.0,0.039675,0.147946,respond_time_warm_cpu,HD
0.030171,0.036948,0.0,0.037352,0.0,0.037378,0.15073,respond_time_warm_cpu,HD
0.030633,0.03635,0.0,0.03673,0.0,0.036755,0.138643,respond_time_warm_cpu,HD
0.034679,0.041652,0.0,0.042149,0.0,0.042177,0.156987,respond_time_warm_cpu,HD
0.036173,0.042452,0.0,0.042738,0.0,0.042754,0.148792,respond_time_warm_cpu,HD
0.035243,0.041515,0.0,0.041988,0.0,0.042018,0.148603,respond_time_warm_cpu,HD
0.030772,0.037832,0.0,0.038176,0.0,0.038194,0.145234,respond_time_warm_cpu,HD
0.031382,0.036184,0.0,0.036617,0.0,0.036646,0.140405,respond_time_warm_cpu,HD
0.031,0.039046,0.0,0.039392,0.0,0.039415,0.146436,respond_time_warm_cpu,HD
0.028544,0.033484,0.0,0.033881,0.0,0.033908,0.142391,respond_time_warm_cpu,HD
0.033391,0.040446,0.0,0.040913,0.0,0.04094,0.143095,respond_time_warm_cpu,HD
0.033285,0.0432,0.0,0.043764,0.0,0.043784,0.152759,respond_time_warm_cpu,HD
0.032713,0.038764,0.0,0.039171,0.0,0.039195,0.146733,respond_time_warm_cpu,HD
0.032238,0.038728,0.0,0.039308,0.0,0.039335,0.147651,respond_time_warm_cpu,HD
0.03107,0.037532,0.0,0.037899,0.0,0.037924,0.14482,respond_time_warm_cpu,HD
0.02988,0.034997,0.0,0.035338,0.0,0.035357,0.147276,respond_time_warm_cpu,HD
0.035077,0.042047,0.0,0.042434,0.0,0.04246,0.147286,respond_time_warm_cpu,HD
0.032633,0.039486,0.0,0.039758,0.0,0.039937,0.14913,respond_time_warm_cpu,HD
0.03002,0.037104,0.0,0.037514,0.0,0.037535,0.146249,respond_time_warm_cpu,HD
0.042725,0.049779,0.0,0.050163,0.0,0.050189,0.163917,respond_time_warm_cpu,HD
0.033444,0.037915,0.0,0.038278,0.0,0.038308,0.143437,respond_time_warm_cpu,HD
0.031155,0.037772,0.0,0.038151,0.0,0.038175,0.146054,respond_time_warm_cpu,HD
0.027439,0.034041,0.0,0.034407,0.0,0.03443,0.139911,respond_time_warm_cpu,HD
0.031017,0.036693,0.0,0.037017,0.0,0.037036,0.145147,respond_time_warm_cpu,HD
0.029475,0.034805,0.0,0.035189,0.0,0.035215,0.141832,respond_time_warm_cpu,HD
0.034744,0.040405,0.0,0.040866,0.0,0.040901,0.148123,respond_time_warm_cpu,HD
0.032511,0.039844,0.0,0.040261,0.0,0.040282,0.145462,respond_time_warm_cpu,HD
0.032976,0.038179,0.0,0.038549,0.0,0.038572,0.145227,respond_time_warm_cpu,HD
0.039216,0.043987,0.0,0.044237,0.0,0.044253,0.156666,respond_time_warm_cpu,HD
0.030679,0.036112,0.0,0.036504,0.0,0.036528,0.145509,respond_time_warm_cpu,HD
0.030383,0.035603,0.0,0.036006,0.0,0.036028,0.140306,respond_time_warm_cpu,HD
0.029799,0.037079,0.0,0.037442,0.0,0.037464,0.148278,respond_time_warm_cpu,HD
0.033576,0.039615,0.0,0.039998,0.0,0.040024,0.148272,respond_time_warm_cpu,HD
0.033765,0.039189,0.0,0.039571,0.0,0.039592,0.149675,respond_time_warm_cpu,HD
0.030008,0.035952,0.0,0.036231,0.0,0.036247,0.143623,respond_time_warm_cpu,HD
0.032213,0.038373,0.0,0.038846,0.0,0.038869,0.142406,respond_time_warm_cpu,HD
0.031608,0.038781,0.0,0.039156,0.0,0.039182,0.148774,respond_time_warm_cpu,HD
0.041313,0.049025,0.0,0.049444,0.0,0.049472,0.160359,respond_time_warm_cpu,HD
0.031644,0.036552,0.0,0.03684,0.0,0.036858,0.146754,respond_time_warm_cpu,HD
0.038256,0.044491,0.0,0.044758,0.0,0.044779,0.155644,respond_time_warm_cpu,HD
0.030352,0.036037,0.0,0.036415,0.0,0.036438,0.142332,respond_time_warm_cpu,HD
0.034304,0.042141,0.0,0.042764,0.0,0.04279,0.150272,respond_time_warm_cpu,HD
0.033137,0.038559,0.0,0.038907,0.0,0.038929,0.143519,respond_time_warm_cpu,HD
0.039685,0.04662,0.0,0.047144,0.0,0.047179,0.158707,respond_time_warm_cpu,HD
0.033094,0.038896,0.0,0.039171,0.0,0.039187,0.143191,respond_time_warm_cpu,HD
0.030878,0.036607,0.0,0.03702,0.0,0.037059,0.14465,respond_time_warm_cpu,HD
0.033464,0.039555,0.0,0.039846,0.0,0.039866,0.149642,respond_time_warm_cpu,HD
0.037577,0.044679,0.0,0.045111,0.0,0.045142,0.157189,respond_time_warm_cpu,HD
0.032061,0.04054,0.0,0.040922,0.0,0.040947,0.149728,respond_time_warm_cpu,HD
0.030959,0.037214,0.0,0.03758,0.0,0.037601,0.142286,respond_time_warm_cpu,HD
0.03138,0.036942,0.0,0.037322,0.0,0.037346,0.14392,respond_time_warm_cpu,HD
0.035039,0.041646,0.0,0.042059,0.0,0.042084,0.150812,respond_time_warm_cpu,HD
0.031255,0.037404,0.0,0.037681,0.0,0.037698,0.140865,respond_time_warm_cpu,HD
0.032448,0.037995,0.0,0.038553,0.0,0.03858,0.145036,respond_time_warm_cpu,HD
0.03019,0.037534,0.0,0.037827,0.0,0.037852,0.14896,respond_time_warm_cpu,HD
0.03509,0.040919,0.0,0.041333,0.0,0.04136,0.15251,respond_time_warm_cpu,HD
0.033492,0.039409,0.0,0.03982,0.0,0.039846,0.143671,respond_time_warm_cpu,HD
0.047451,0.055077,0.0,0.05548,0.0,0.055506,0.160514,respond_time_warm_cpu,HD
0.032376,0.041525,0.0,0.041969,0.0,0.041992,0.146714,respond_time_warm_cpu,HD
0.031011,0.038582,0.0,0.038969,0.0,0.038996,0.150219,respond_time_warm_cpu,HD
0.034535,0.040588,0.0,0.040972,0.0,0.040997,0.148229,respond_time_warm_cpu,HD
0.032982,0.041948,0.0,0.04228,0.0,0.042303,0.148551,respond_time_warm_cpu,HD
0.032771,0.039252,0.0,0.039544,0.0,0.039562,0.143121,respond_time_warm_cpu,HD
0.030916,0.036061,0.0,0.036428,0.0,0.036454,0.142067,respond_time_warm_cpu,HD
0.029455,0.036692,0.0,0.03708,0.0,0.037105,0.142055,respond_time_warm_cpu,HD
0.031845,0.040057,0.0,0.040598,0.0,0.04064,0.150057,respond_time_warm_cpu,HD
0.037106,0.044386,0.0,0.044824,0.0,0.044852,0.149543,respond_time_warm_cpu,HD
0.03198,0.039302,0.0,0.039566,0.0,0.039582,0.144663,respond_time_warm_cpu,HD
0.031112,0.037714,0.0,0.038092,0.0,0.038118,0.14382,respond_time_warm_cpu,HD
0.029621,0.035965,0.0,0.036317,0.0,0.03634,0.149099,respond_time_warm_cpu,HD
0.03113,0.037685,0.0,0.038083,0.0,0.038109,0.142561,respond_time_warm_cpu,HD
0.030101,0.037119,0.0,0.037609,0.0,0.037636,0.14555,respond_time_warm_cpu,HD
0.035636,0.041549,0.0,0.041879,0.0,0.041901,0.147521,respond_time_warm_cpu,HD
0.033114,0.039424,0.0,0.039822,0.0,0.039851,0.145694,respond_time_warm_cpu,HD
0.032603,0.038266,0.0,0.038559,0.0,0.038576,0.144298,respond_time_warm_cpu,HD
0.032338,0.040254,0.0,0.04057,0.0,0.040588,0.145402,respond_time_warm_cpu,HD
0.030191,0.037492,0.0,0.037859,0.0,0.03789,0.14024,respond_time_warm_cpu,HD
0.039507,0.046151,0.0,0.046593,0.0,0.04662,0.154339,respond_time_warm_cpu,HD
0.030977,0.037802,0.0,0.038093,0.0,0.038111,0.146315,respond_time_warm_cpu,HD
0.033756,0.041051,0.0,0.041447,0.0,0.041473,0.14914,respond_time_warm_cpu,HD
0.032636,0.04076,0.0,0.041164,0.0,0.04119,0.150299,respond_time_warm_cpu,HD
0.031116,0.037797,0.0,0.038187,0.0,0.038211,0.145801,respond_time_warm_cpu,HD
0.037531,0.045076,0.0,0.045458,0.0,0.045484,0.150251,respond_time_warm_cpu,HD
0.034304,0.040774,0.0,0.041175,0.0,0.041202,0.1504,respond_time_warm_cpu,HD
0.03443,0.041216,0.0,0.041528,0.0,0.041548,0.144945,respond_time_warm_cpu,HD
0.030915,0.037429,0.0,0.03786,0.0,0.037882,0.14631,respond_time_warm_cpu,HD
0.033646,0.04165,0.0,0.04207,0.0,0.042096,0.153674,respond_time_warm_cpu,HD
0.032186,0.037168,0.0,0.03753,0.0,0.037552,0.143377,respond_time_warm_cpu,HD
0.032637,0.039654,0.0,0.0401,0.0,0.040131,0.143863,respond_time_warm_cpu,HD
0.029674,0.037257,0.0,0.037691,0.0,0.037716,0.147217,respond_time_warm_cpu,HD
0.031372,0.036902,0.0,0.037298,0.0,0.037323,0.148667,respond_time_warm_cpu,HD
0.031039,0.040236,0.0,0.040732,0.0,0.040762,0.155455,respond_time_warm_cpu,HD
0.032217,0.039088,0.0,0.039436,0.0,0.039458,0.142904,respond_time_warm_cpu,HD
0.031595,0.039824,0.0,0.040155,0.0,0.040176,0.149324,respond_time_warm_cpu,HD
0.031136,0.038626,0.0,0.038959,0.0,0.038982,0.140026,respond_time_warm_cpu,HD
0.030712,0.036496,0.0,0.03682,0.0,0.036838,0.140852,respond_time_warm_cpu,HD
0.031818,0.036895,0.0,0.037223,0.0,0.037256,0.143367,respond_time_warm_cpu,HD
0.031664,0.039337,0.0,0.039672,0.0,0.039691,0.148489,respond_time_warm_cpu,HD
0.030836,0.036906,0.0,0.037234,0.0,0.037257,0.141595,respond_time_warm_cpu,HD
0.031235,0.037497,0.0,0.037864,0.0,0.03789,0.144443,respond_time_warm_cpu,HD
0.032255,0.036233,0.0,0.036566,0.0,0.036589,0.143783,respond_time_warm_cpu,HD
0.030957,0.035888,0.0,0.03621,0.0,0.036227,0.144336,respond_time_warm_cpu,HD
0.03239,0.038321,0.0,0.038689,0.0,0.038714,0.146984,respond_time_warm_cpu,HD
0.031491,0.037545,0.0,0.037849,0.0,0.037867,0.145992,respond_time_warm_cpu,HD
0.028502,0.034329,0.0,0.034683,0.0,0.034705,0.143368,respond_time_warm_cpu,HD
0.032776,0.038742,0.0,0.039073,0.0,0.039096,0.14808,respond_time_warm_cpu,HD
0.032273,0.039841,0.0,0.040191,0.0,0.040214,0.146301,respond_time_warm_cpu,HD
0.033212,0.039696,0.0,0.040137,0.0,0.040165,0.142715,respond_time_warm_cpu,HD
0.029351,0.036756,0.0,0.037091,0.0,0.037113,0.143573,respond_time_warm_cpu,HD
0.042916,0.049816,0.0,0.050154,0.0,0.050173,0.159301,respond_time_warm_cpu,HD
0.028345,0.034756,0.0,0.035086,0.0,0.035109,0.143823,respond_time_warm_cpu,HD
0.035726,0.043516,0.0,0.043829,0.0,0.043847,0.154605,respond_time_warm_cpu,HD
0.029662,0.035693,0.0,0.036139,0.0,0.036163,0.141385,respond_time_warm_cpu,HD
0.030189,0.036177,0.0,0.036554,0.0,0.036578,0.144654,respond_time_warm_cpu,HD
0.03533,0.039224,0.0,0.039573,0.0,0.039596,0.145957,respond_time_warm_cpu,HD
0.031577,0.037082,0.0,0.037481,0.0,0.037508,0.148693,respond_time_warm_cpu,HD
0.033847,0.039262,0.0,0.039514,0.0,0.03953,0.146517,respond_time_warm_cpu,HD
0.028786,0.034619,0.0,0.035055,0.0,0.03509,0.146082,respond_time_warm_cpu,HD
0.033843,0.039914,0.0,0.040209,0.0,0.040229,0.146495,respond_time_warm_cpu,HD
0.031342,0.037391,0.0,0.03771,0.0,0.037734,0.141566,respond_time_warm_cpu,HD
0.032639,0.037965,0.0,0.038347,0.0,0.038374,0.145453,respond_time_warm_cpu,HD
0.03542,0.044377,0.0,0.044751,0.0,0.044772,0.154321,respond_time_warm_cpu,HD
0.033457,0.039245,0.0,0.039622,0.0,0.039647,0.142487,respond_time_warm_cpu,HD
0.062772,0.070722,0.0,0.071152,0.0,0.071176,0.175834,respond_time_warm_cpu,HD
0.032447,0.043524,0.0,0.043972,0.0,0.043994,0.151733,respond_time_warm_cpu,HD
0.033684,0.042088,0.0,0.042545,0.0,0.042573,0.157441,respond_time_warm_cpu,HD
0.029575,0.036515,0.0,0.036792,0.0,0.03681,0.145691,respond_time_warm_cpu,HD
0.032236,0.040014,0.0,0.040347,0.0,0.040366,0.154861,respond_time_warm_cpu,HD
0.029554,0.033809,0.0,0.034191,0.0,0.034216,0.144163,respond_time_warm_cpu,HD
0.030137,0.037242,0.0,0.03768,0.0,0.037708,0.223435,respond_time_warm_cpu,2K
0.033605,0.040709,0.0,0.041101,0.0,0.041127,0.213936,respond_time_warm_cpu,2K
0.035174,0.04157,0.0,0.042002,0.0,0.042034,0.217157,respond_time_warm_cpu,2K
0.032031,0.038828,0.0,0.039193,0.0,0.039215,0.220608,respond_time_warm_cpu,2K
0.031077,0.041124,0.0,0.041553,0.0,0.041578,0.223437,respond_time_warm_cpu,2K
0.028673,0.03594,0.0,0.036327,0.0,0.036354,0.213936,respond_time_warm_cpu,2K
0.030249,0.036923,0.0,0.037353,0.0,0.037383,0.211906,respond_time_warm_cpu,2K
0.03331,0.038126,0.0,0.038491,0.0,0.038516,0.214634,respond_time_warm_cpu,2K
0.034335,0.040458,0.0,0.040837,0.0,0.040856,0.221234,respond_time_warm_cpu,2K
0.033428,0.039757,0.0,0.040112,0.0,0.040136,0.212617,respond_time_warm_cpu,2K
0.031117,0.037906,0.0,0.038276,0.0,0.038304,0.208835,respond_time_warm_cpu,2K
0.03003,0.035553,0.0,0.035881,0.0,0.035904,0.212123,respond_time_warm_cpu,2K
0.035101,0.042021,0.0,0.04242,0.0,0.042448,0.225882,respond_time_warm_cpu,2K
0.030861,0.039407,0.0,0.03986,0.0,0.039885,0.218127,respond_time_warm_cpu,2K
0.029906,0.034751,0.0,0.035075,0.0,0.035096,0.212731,respond_time_warm_cpu,2K
0.031435,0.036868,0.0,0.037249,0.0,0.037275,0.208306,respond_time_warm_cpu,2K
0.036661,0.043135,0.0,0.043635,0.0,0.043666,0.22924,respond_time_warm_cpu,2K
0.034456,0.040683,0.0,0.041077,0.0,0.041104,0.218277,respond_time_warm_cpu,2K
0.028584,0.035602,0.0,0.036015,0.0,0.03604,0.218044,respond_time_warm_cpu,2K
0.028186,0.033121,0.0,0.033512,0.0,0.033535,0.219168,respond_time_warm_cpu,2K
0.039273,0.047235,0.0,0.047768,0.0,0.0478,0.22858,respond_time_warm_cpu,2K
0.030741,0.03718,0.0,0.037572,0.0,0.037599,0.218948,respond_time_warm_cpu,2K
0.029643,0.034657,0.0,0.035347,0.0,0.035383,0.212513,respond_time_warm_cpu,2K
0.030496,0.036409,0.0,0.036699,0.0,0.036715,0.203138,respond_time_warm_cpu,2K
0.036494,0.045124,0.0,0.045542,0.0,0.045588,0.221183,respond_time_warm_cpu,2K
0.030065,0.035886,0.0,0.03627,0.0,0.036293,0.215884,respond_time_warm_cpu,2K
0.034028,0.039501,0.0,0.039885,0.0,0.03991,0.215448,respond_time_warm_cpu,2K
0.029602,0.035688,0.0,0.036122,0.0,0.036147,0.221531,respond_time_warm_cpu,2K
0.034169,0.044169,0.0,0.04462,0.0,0.044645,0.224292,respond_time_warm_cpu,2K
0.03134,0.037936,0.0,0.038219,0.0,0.038238,0.22034,respond_time_warm_cpu,2K
0.030174,0.048199,0.0,0.048706,0.0,0.048731,0.225163,respond_time_warm_cpu,2K
0.031701,0.038497,0.0,0.038895,0.0,0.038922,0.217473,respond_time_warm_cpu,2K
0.030757,0.036719,0.0,0.037123,0.0,0.037153,0.218277,respond_time_warm_cpu,2K
0.030301,0.038207,0.0,0.038541,0.0,0.038565,0.210238,respond_time_warm_cpu,2K
0.031603,0.037564,0.0,0.038014,0.0,0.038042,0.212477,respond_time_warm_cpu,2K
0.033384,0.039857,0.0,0.040155,0.0,0.040172,0.214906,respond_time_warm_cpu,2K
0.032352,0.037212,0.0,0.037615,0.0,0.037645,0.207874,respond_time_warm_cpu,2K
0.029709,0.035938,0.0,0.036739,0.0,0.036829,0.214564,respond_time_warm_cpu,2K
0.02922,0.036268,0.0,0.036703,0.0,0.036729,0.220023,respond_time_warm_cpu,2K
0.030787,0.037161,0.0,0.037541,0.0,0.037566,0.224127,respond_time_warm_cpu,2K
0.033245,0.039533,0.0,0.039849,0.0,0.039867,0.208777,respond_time_warm_cpu,2K
0.028029,0.035406,0.0,0.03578,0.0,0.035805,0.205349,respond_time_warm_cpu,2K
0.030905,0.037827,0.0,0.038382,0.0,0.038428,0.211676,respond_time_warm_cpu,2K
0.034665,0.041106,0.0,0.041454,0.0,0.041477,0.21563,respond_time_warm_cpu,2K
0.030167,0.039162,0.0,0.039643,0.0,0.039673,0.220994,respond_time_warm_cpu,2K
0.032156,0.038303,0.0,0.038622,0.0,0.038644,0.216967,respond_time_warm_cpu,2K
0.031688,0.036851,0.0,0.037116,0.0,0.037139,0.210058,respond_time_warm_cpu,2K
0.04185,0.046436,0.0,0.046834,0.0,0.04686,0.218231,respond_time_warm_cpu,2K
0.030281,0.037265,0.0,0.037609,0.0,0.037629,0.207264,respond_time_warm_cpu,2K
0.033276,0.039833,0.0,0.040259,0.0,0.040288,0.215528,respond_time_warm_cpu,2K
0.031187,0.038099,0.0,0.038499,0.0,0.038525,0.217795,respond_time_warm_cpu,2K
0.029734,0.036677,0.0,0.037052,0.0,0.037078,0.213471,respond_time_warm_cpu,2K
0.074598,0.080526,0.0,0.08102,0.0,0.08105,0.255313,respond_time_warm_cpu,2K
0.030403,0.038164,0.0,0.03857,0.0,0.038595,0.214536,respond_time_warm_cpu,2K
0.034487,0.041862,0.0,0.042397,0.0,0.042431,0.216675,respond_time_warm_cpu,2K
0.029245,0.035047,0.0,0.035386,0.0,0.03541,0.209807,respond_time_warm_cpu,2K
0.032093,0.038854,0.0,0.039229,0.0,0.039251,0.21365,respond_time_warm_cpu,2K
0.030362,0.037332,0.0,0.03771,0.0,0.037736,0.215891,respond_time_warm_cpu,2K
0.034288,0.041305,0.0,0.041602,0.0,0.041621,0.219425,respond_time_warm_cpu,2K
0.030701,0.037818,0.0,0.038204,0.0,0.03823,0.217707,respond_time_warm_cpu,2K
0.034395,0.040343,0.0,0.040677,0.0,0.040699,0.221752,respond_time_warm_cpu,2K
0.030838,0.038383,0.0,0.03879,0.0,0.038816,0.215555,respond_time_warm_cpu,2K
0.031855,0.041631,0.0,0.041916,0.0,0.041939,0.228658,respond_time_warm_cpu,2K
0.030732,0.036966,0.0,0.037322,0.0,0.037344,0.211835,respond_time_warm_cpu,2K
0.032337,0.040065,0.0,0.040462,0.0,0.040484,0.215099,respond_time_warm_cpu,2K
0.038135,0.044268,0.0,0.044728,0.0,0.044765,0.225261,respond_time_warm_cpu,2K
0.032138,0.039316,0.0,0.0397,0.0,0.039721,0.219797,respond_time_warm_cpu,2K
0.031227,0.039184,0.0,0.039535,0.0,0.039558,0.215866,respond_time_warm_cpu,2K
0.032776,0.039932,0.0,0.04033,0.0,0.040355,0.221705,respond_time_warm_cpu,2K
0.032509,0.038638,0.0,0.039028,0.0,0.039053,0.207915,respond_time_warm_cpu,2K
0.033269,0.038411,0.0,0.038717,0.0,0.038738,0.211339,respond_time_warm_cpu,2K
0.043954,0.050521,0.0,0.050885,0.0,0.050901,0.229847,respond_time_warm_cpu,2K
0.032274,0.039568,0.0,0.040037,0.0,0.040065,0.215166,respond_time_warm_cpu,2K
0.032265,0.039012,0.0,0.039409,0.0,0.039431,0.220427,respond_time_warm_cpu,2K
0.033098,0.039321,0.0,0.03983,0.0,0.039867,0.221338,respond_time_warm_cpu,2K
0.030382,0.035786,0.0,0.036106,0.0,0.036124,0.210753,respond_time_warm_cpu,2K
0.030423,0.037256,0.0,0.037725,0.0,0.037752,0.21461,respond_time_warm_cpu,2K
0.029689,0.036324,0.0,0.036719,0.0,0.036747,0.216229,respond_time_warm_cpu,2K
0.034632,0.040886,0.0,0.041257,0.0,0.04128,0.216682,respond_time_warm_cpu,2K
0.030157,0.035792,0.0,0.036122,0.0,0.036145,0.225221,respond_time_warm_cpu,2K
0.039681,0.048203,0.0,0.048525,0.0,0.048547,0.234321,respond_time_warm_cpu,2K
0.031901,0.038886,0.0,0.039265,0.0,0.03929,0.211983,respond_time_warm_cpu,2K
0.02979,0.038145,0.0,0.038482,0.0,0.038507,0.21349,respond_time_warm_cpu,2K
0.032363,0.039115,0.0,0.039556,0.0,0.039582,0.22211,respond_time_warm_cpu,2K
0.032161,0.038781,0.0,0.03918,0.0,0.039208,0.212693,respond_time_warm_cpu,2K
0.031472,0.03684,0.0,0.03718,0.0,0.037202,0.212477,respond_time_warm_cpu,2K
0.032005,0.038622,0.0,0.039015,0.0,0.039038,0.218663,respond_time_warm_cpu,2K
0.033138,0.038814,0.0,0.039258,0.0,0.039283,0.218518,respond_time_warm_cpu,2K
0.036283,0.050737,0.0,0.051246,0.0,0.051274,0.235973,respond_time_warm_cpu,2K
0.031796,0.038757,0.0,0.039117,0.0,0.039141,0.212303,respond_time_warm_cpu,2K
0.032771,0.039198,0.0,0.039534,0.0,0.039556,0.216405,respond_time_warm_cpu,2K
0.031449,0.038644,0.0,0.038983,0.0,0.039005,0.211732,respond_time_warm_cpu,2K
0.034711,0.041134,0.0,0.041465,0.0,0.041484,0.216284,respond_time_warm_cpu,2K
0.034271,0.042149,0.0,0.042436,0.0,0.042462,0.214853,respond_time_warm_cpu,2K
0.028079,0.035794,0.0,0.036167,0.0,0.036193,0.211821,respond_time_warm_cpu,2K
0.029499,0.03529,0.0,0.035669,0.0,0.035694,0.212616,respond_time_warm_cpu,2K
0.032483,0.039631,0.0,0.039949,0.0,0.03998,0.210525,respond_time_warm_cpu,2K
0.027276,0.031461,0.0,0.031807,0.0,0.031841,0.206237,respond_time_warm_cpu,2K
0.030994,0.039001,0.0,0.03935,0.0,0.039371,0.232785,respond_time_warm_cpu,2K
0.032671,0.036276,0.0,0.036756,0.0,0.036778,0.215992,respond_time_warm_cpu,2K
0.029176,0.03604,0.0,0.036387,0.0,0.036408,0.215793,respond_time_warm_cpu,2K
0.039628,0.046144,0.0,0.046483,0.0,0.0465,0.220419,respond_time_warm_cpu,2K
0.03564,0.042368,0.0,0.042734,0.0,0.042759,0.220396,respond_time_warm_cpu,2K
0.029285,0.034458,0.0,0.034795,0.0,0.034817,0.213552,respond_time_warm_cpu,2K
0.032509,0.040008,0.0,0.040423,0.0,0.040457,0.218005,respond_time_warm_cpu,2K
0.033457,0.040679,0.0,0.041127,0.0,0.041153,0.215421,respond_time_warm_cpu,2K
0.036421,0.042662,0.0,0.043062,0.0,0.043087,0.219973,respond_time_warm_cpu,2K
0.029238,0.035371,0.0,0.035738,0.0,0.035763,0.211783,respond_time_warm_cpu,2K
0.031474,0.03549,0.0,0.035853,0.0,0.03588,0.21663,respond_time_warm_cpu,2K
0.03128,0.036662,0.0,0.036915,0.0,0.03693,0.198094,respond_time_warm_cpu,2K
0.040844,0.047848,0.0,0.04824,0.0,0.048265,0.229903,respond_time_warm_cpu,2K
0.031974,0.036461,0.0,0.036793,0.0,0.036816,0.210094,respond_time_warm_cpu,2K
0.031986,0.038827,0.0,0.039414,0.0,0.039446,0.215831,respond_time_warm_cpu,2K
0.033347,0.041917,0.0,0.0424,0.0,0.042432,0.213296,respond_time_warm_cpu,2K
0.034826,0.040259,0.0,0.040641,0.0,0.04067,0.217573,respond_time_warm_cpu,2K
0.031364,0.038169,0.0,0.038501,0.0,0.038578,0.208558,respond_time_warm_cpu,2K
0.037588,0.046084,0.0,0.046502,0.0,0.046531,0.217675,respond_time_warm_cpu,2K
0.029226,0.035922,0.0,0.036273,0.0,0.036296,0.217745,respond_time_warm_cpu,2K
0.040614,0.048005,0.0,0.048364,0.0,0.048387,0.222812,respond_time_warm_cpu,2K
0.029231,0.035745,0.0,0.036137,0.0,0.036162,0.210141,respond_time_warm_cpu,2K
0.031926,0.03914,0.0,0.039401,0.0,0.039418,0.207813,respond_time_warm_cpu,2K
0.030768,0.037061,0.0,0.037446,0.0,0.037482,0.208425,respond_time_warm_cpu,2K
0.032995,0.039575,0.0,0.039934,0.0,0.039957,0.211629,respond_time_warm_cpu,2K
0.030205,0.034958,0.0,0.035331,0.0,0.035357,0.199426,respond_time_warm_cpu,2K
0.033318,0.039377,0.0,0.039966,0.0,0.040005,0.214237,respond_time_warm_cpu,2K
0.033375,0.038396,0.0,0.039038,0.0,0.039068,0.21273,respond_time_warm_cpu,2K
0.031698,0.03791,0.0,0.03831,0.0,0.038336,0.208029,respond_time_warm_cpu,2K
0.029635,0.035872,0.0,0.036287,0.0,0.036314,0.206435,respond_time_warm_cpu,2K
0.03524,0.041763,0.0,0.042221,0.0,0.042252,0.20553,respond_time_warm_cpu,2K
0.030639,0.036451,0.0,0.036781,0.0,0.036804,0.208705,respond_time_warm_cpu,2K
0.027964,0.035516,0.0,0.035872,0.0,0.035903,0.207034,respond_time_warm_cpu,2K
0.027054,0.03499,0.0,0.035339,0.0,0.035364,0.199285,respond_time_warm_cpu,2K
0.03148,0.037395,0.0,0.037675,0.0,0.0377,0.219522,respond_time_warm_cpu,2K
0.029676,0.036903,0.0,0.037296,0.0,0.03732,0.210408,respond_time_warm_cpu,2K
0.031428,0.038588,0.0,0.038905,0.0,0.038924,0.205193,respond_time_warm_cpu,2K
0.034746,0.040639,0.0,0.040912,0.0,0.040929,0.201894,respond_time_warm_cpu,2K
0.032513,0.03911,0.0,0.039462,0.0,0.039486,0.209548,respond_time_warm_cpu,2K
0.029859,0.035666,0.0,0.035999,0.0,0.036024,0.212729,respond_time_warm_cpu,2K
0.032029,0.037937,0.0,0.038272,0.0,0.038292,0.213963,respond_time_warm_cpu,2K
0.029059,0.036567,0.0,0.036939,0.0,0.036962,0.211132,respond_time_warm_cpu,2K
0.031884,0.039877,0.0,0.040282,0.0,0.040313,0.217578,respond_time_warm_cpu,2K
0.030614,0.034711,0.0,0.035043,0.0,0.035066,0.205728,respond_time_warm_cpu,2K
0.034224,0.042273,0.0,0.042635,0.0,0.042659,0.214493,respond_time_warm_cpu,2K
0.028177,0.035297,0.0,0.035793,0.0,0.035823,0.20961,respond_time_warm_cpu,2K
0.033164,0.040085,0.0,0.04053,0.0,0.040555,0.208916,respond_time_warm_cpu,2K
0.031108,0.03669,0.0,0.037081,0.0,0.037118,0.202195,respond_time_warm_cpu,2K
0.031416,0.03938,0.0,0.039811,0.0,0.039834,0.211936,respond_time_warm_cpu,2K
0.031206,0.037131,0.0,0.037509,0.0,0.037534,0.206744,respond_time_warm_cpu,2K
0.038846,0.046436,0.0,0.046923,0.0,0.047031,0.222282,respond_time_warm_cpu,2K
0.033521,0.03963,0.0,0.039977,0.0,0.040001,0.216259,respond_time_warm_cpu,2K
0.049017,0.055455,0.0,0.0559,0.0,0.055929,0.235291,respond_time_warm_cpu,2K
0.03007,0.036291,0.0,0.036569,0.0,0.036585,0.207025,respond_time_warm_cpu,2K
0.029781,0.037734,0.0,0.038182,0.0,0.03821,0.217955,respond_time_warm_cpu,2K
0.031546,0.039533,0.0,0.039957,0.0,0.039984,0.212303,respond_time_warm_cpu,2K
0.036058,0.039731,0.0,0.040123,0.0,0.04015,0.214892,respond_time_warm_cpu,2K
0.032076,0.038024,0.0,0.0384,0.0,0.038425,0.209626,respond_time_warm_cpu,2K
0.031988,0.038158,0.0,0.038563,0.0,0.038586,0.215027,respond_time_warm_cpu,2K
0.031881,0.037558,0.0,0.037913,0.0,0.037935,0.213778,respond_time_warm_cpu,2K
0.032761,0.038621,0.0,0.038929,0.0,0.038948,0.210217,respond_time_warm_cpu,2K
0.032166,0.038737,0.0,0.039129,0.0,0.039159,0.202316,respond_time_warm_cpu,2K
0.031482,0.038454,0.0,0.038788,0.0,0.038809,0.209385,respond_time_warm_cpu,2K
0.033305,0.04129,0.0,0.041726,0.0,0.041754,0.214002,respond_time_warm_cpu,2K
0.030161,0.036822,0.0,0.037202,0.0,0.037224,0.204533,respond_time_warm_cpu,2K
0.033287,0.038937,0.0,0.039315,0.0,0.039337,0.207717,respond_time_warm_cpu,2K
0.032151,0.03818,0.0,0.038572,0.0,0.038596,0.209397,respond_time_warm_cpu,2K
0.029051,0.036182,0.0,0.036522,0.0,0.036554,0.207509,respond_time_warm_cpu,2K
0.033961,0.038454,0.0,0.039016,0.0,0.03905,0.223076,respond_time_warm_cpu,2K
0.030191,0.036351,0.0,0.036783,0.0,0.036808,0.200422,respond_time_warm_cpu,2K
0.033414,0.040295,0.0,0.04075,0.0,0.040778,0.209821,respond_time_warm_cpu,2K
0.03166,0.038453,0.0,0.038825,0.0,0.03886,0.200818,respond_time_warm_cpu,2K
0.030493,0.036291,0.0,0.036728,0.0,0.036753,0.206919,respond_time_warm_cpu,2K
0.030154,0.03696,0.0,0.037214,0.0,0.037231,0.21357,respond_time_warm_cpu,2K
0.03282,0.040049,0.0,0.040513,0.0,0.040542,0.227827,respond_time_warm_cpu,2K
0.031243,0.03669,0.0,0.037043,0.0,0.037066,0.212844,respond_time_warm_cpu,2K
0.033017,0.037804,0.0,0.0383,0.0,0.038324,0.21483,respond_time_warm_cpu,2K
0.032259,0.04005,0.0,0.040432,0.0,0.040457,0.21124,respond_time_warm_cpu,2K
0.032449,0.039653,0.0,0.040084,0.0,0.040108,0.215428,respond_time_warm_cpu,2K
0.031371,0.03836,0.0,0.038689,0.0,0.038711,0.204973,respond_time_warm_cpu,2K
0.029578,0.035633,0.0,0.035967,0.0,0.035987,0.23339,respond_time_warm_cpu,2K
0.031161,0.037218,0.0,0.037542,0.0,0.03756,0.219582,respond_time_warm_cpu,2K
0.044973,0.053076,0.0,0.053545,0.0,0.053571,0.224873,respond_time_warm_cpu,2K
0.029917,0.036664,0.0,0.037005,0.0,0.037027,0.216373,respond_time_warm_cpu,2K
0.031601,0.037092,0.0,0.037527,0.0,0.037567,0.217955,respond_time_warm_cpu,2K
0.032522,0.038334,0.0,0.038664,0.0,0.038687,0.218965,respond_time_warm_cpu,2K
0.029385,0.036068,0.0,0.036382,0.0,0.036401,0.20946,respond_time_warm_cpu,2K
0.0326,0.040029,0.0,0.04041,0.0,0.040436,0.212118,respond_time_warm_cpu,2K
0.0283,0.033936,0.0,0.034307,0.0,0.03433,0.21827,respond_time_warm_cpu,2K
0.031255,0.03786,0.0,0.038289,0.0,0.038334,0.215642,respond_time_warm_cpu,2K
0.030436,0.036378,0.0,0.036701,0.0,0.036719,0.212931,respond_time_warm_cpu,2K
0.033916,0.041121,0.0,0.041769,0.0,0.041801,0.214959,respond_time_warm_cpu,2K
0.032577,0.039305,0.0,0.039857,0.0,0.039886,0.217836,respond_time_warm_cpu,2K
0.031895,0.038518,0.0,0.038918,0.0,0.038943,0.211727,respond_time_warm_cpu,2K
0.03258,0.044341,0.0,0.044813,0.0,0.044937,0.225386,respond_time_warm_cpu,2K
0.03232,0.039649,0.0,0.040025,0.0,0.040062,0.215318,respond_time_warm_cpu,2K
0.032341,0.039875,0.0,0.040288,0.0,0.040317,0.221882,respond_time_warm_cpu,2K
0.029695,0.037624,0.0,0.038023,0.0,0.038049,0.213611,respond_time_warm_cpu,2K
0.031134,0.039144,0.0,0.039519,0.0,0.039541,0.217774,respond_time_warm_cpu,2K
0.029248,0.034763,0.0,0.035087,0.0,0.03511,0.209909,respond_time_warm_cpu,2K
0.033779,0.040612,0.0,0.040908,0.0,0.040947,0.219472,respond_time_warm_cpu,2K
0.031502,0.036689,0.0,0.037034,0.0,0.037057,0.217334,respond_time_warm_cpu,2K
0.031353,0.037914,0.0,0.03827,0.0,0.04448,0.519822,respond_time_warm_cpu,4K
0.035832,0.0402,0.0,0.040666,0.0,0.045784,0.503221,respond_time_warm_cpu,4K
0.033093,0.040911,0.0,0.041316,0.0,0.047863,0.513349,respond_time_warm_cpu,4K
0.0317,0.038272,0.0,0.03863,0.0,0.044551,0.471899,respond_time_warm_cpu,4K
0.027697,0.034108,0.0,0.034482,0.0,0.040722,0.458769,respond_time_warm_cpu,4K
0.037915,0.042086,0.0,0.042384,0.0,0.046003,0.498951,respond_time_warm_cpu,4K
0.030469,0.03816,0.0,0.038574,0.0,0.044862,0.482189,respond_time_warm_cpu,4K
0.036029,0.042483,0.0,0.042818,0.0,0.048584,0.519514,respond_time_warm_cpu,4K
0.030681,0.039494,0.0,0.039931,0.0,0.046624,0.49105,respond_time_warm_cpu,4K
0.031478,0.036637,0.0,0.037085,0.0,0.042762,0.4716,respond_time_warm_cpu,4K
0.031281,0.037199,0.0,0.037581,0.0,0.042874,0.451991,respond_time_warm_cpu,4K
0.034602,0.041131,0.0,0.041447,0.0,0.046911,0.483655,respond_time_warm_cpu,4K
0.032894,0.039754,0.0,0.040038,0.0,0.047855,0.483133,respond_time_warm_cpu,4K
0.031103,0.038685,0.0,0.039136,0.0,0.045947,0.478532,respond_time_warm_cpu,4K
0.034423,0.041666,0.0,0.042075,0.0,0.047702,0.480965,respond_time_warm_cpu,4K
0.03177,0.038269,0.0,0.038611,0.0,0.045277,0.464631,respond_time_warm_cpu,4K
0.034246,0.041151,0.0,0.04156,0.0,0.048272,0.479354,respond_time_warm_cpu,4K
0.031956,0.037317,0.0,0.037678,0.0,0.044242,0.468142,respond_time_warm_cpu,4K
0.033662,0.039824,0.0,0.040176,0.0,0.046734,0.438851,respond_time_warm_cpu,4K
0.035573,0.043888,0.0,0.044272,0.0,0.051912,0.47192,respond_time_warm_cpu,4K
0.034719,0.040818,0.0,0.041197,0.0,0.046988,0.449631,respond_time_warm_cpu,4K
0.036644,0.042461,0.0,0.04277,0.0,0.048286,0.463923,respond_time_warm_cpu,4K
0.033411,0.043374,0.0,0.043804,0.0,0.049025,0.470629,respond_time_warm_cpu,4K
0.03282,0.037856,0.0,0.038277,0.0,0.043321,0.459716,respond_time_warm_cpu,4K
0.031013,0.03804,0.0,0.038405,0.0,0.043504,0.46566,respond_time_warm_cpu,4K
0.032109,0.038452,0.0,0.038764,0.0,0.044847,0.470357,respond_time_warm_cpu,4K
0.033131,0.042395,0.0,0.042711,0.0,0.054169,0.459778,respond_time_warm_cpu,4K
0.034105,0.040642,0.0,0.041017,0.0,0.045149,0.44908,respond_time_warm_cpu,4K
0.032247,0.04033,0.0,0.040665,0.0,0.046644,0.47643,respond_time_warm_cpu,4K
0.033817,0.040772,0.0,0.041088,0.0,0.046443,0.489302,respond_time_warm_cpu,4K
0.026432,0.032388,0.0,0.032722,0.0,0.039166,0.442995,respond_time_warm_cpu,4K
0.035374,0.042137,0.0,0.042451,0.0,0.050301,0.460987,respond_time_warm_cpu,4K
0.031673,0.038958,0.0,0.039414,0.0,0.04547,0.471978,respond_time_warm_cpu,4K
0.034534,0.042969,0.0,0.043282,0.0,0.04867,0.461639,respond_time_warm_cpu,4K
0.029616,0.036216,0.0,0.03658,0.0,0.051206,0.459497,respond_time_warm_cpu,4K
0.032336,0.039072,0.0,0.039386,0.0,0.04393,0.471214,respond_time_warm_cpu,4K
0.031783,0.039795,0.0,0.04024,0.0,0.045853,0.478105,respond_time_warm_cpu,4K
0.033474,0.039098,0.0,0.039404,0.0,0.044931,0.430271,respond_time_warm_cpu,4K
0.039869,0.047018,0.0,0.047452,0.0,0.054491,0.448926,respond_time_warm_cpu,4K
0.032585,0.040528,0.0,0.04088,0.0,0.048195,0.450945,respond_time_warm_cpu,4K
0.035214,0.041788,0.0,0.042196,0.0,0.047412,0.45156,respond_time_warm_cpu,4K
0.033154,0.039623,0.0,0.039953,0.0,0.046279,0.429736,respond_time_warm_cpu,4K
0.030037,0.03601,0.0,0.036432,0.0,0.042595,0.425977,respond_time_warm_cpu,4K
0.032673,0.037399,0.0,0.037991,0.0,0.043148,0.43915,respond_time_warm_cpu,4K
0.032691,0.03835,0.0,0.038751,0.0,0.045484,0.412832,respond_time_warm_cpu,4K
0.035901,0.041654,0.0,0.0424,0.0,0.047356,0.43489,respond_time_warm_cpu,4K
0.031428,0.037266,0.0,0.037683,0.0,0.043308,0.465567,respond_time_warm_cpu,4K
0.031044,0.037806,0.0,0.038159,0.0,0.044897,0.435762,respond_time_warm_cpu,4K
0.030249,0.035411,0.0,0.035809,0.0,0.041881,0.455438,respond_time_warm_cpu,4K
0.034237,0.037742,0.0,0.038074,0.0,0.042906,0.432451,respond_time_warm_cpu,4K
0.031848,0.039727,0.0,0.040063,0.0,0.046217,0.410619,respond_time_warm_cpu,4K
0.030683,0.036123,0.0,0.036396,0.0,0.041707,0.427451,respond_time_warm_cpu,4K
0.031169,0.035835,0.0,0.036131,0.0,0.043082,0.415824,respond_time_warm_cpu,4K
0.033061,0.038487,0.0,0.038917,0.0,0.044414,0.434365,respond_time_warm_cpu,4K
0.06309,0.070423,0.0,0.070758,0.0,0.075564,0.468386,respond_time_warm_cpu,4K
0.03258,0.040185,0.0,0.040509,0.0,0.04584,0.439132,respond_time_warm_cpu,4K
0.031361,0.036094,0.0,0.036523,0.0,0.042171,0.434046,respond_time_warm_cpu,4K
0.032323,0.038855,0.0,0.039264,0.0,0.046874,0.439749,respond_time_warm_cpu,4K
0.03163,0.036667,0.0,0.03701,0.0,0.042959,0.446589,respond_time_warm_cpu,4K
0.03482,0.041231,0.0,0.041582,0.0,0.049592,0.461142,respond_time_warm_cpu,4K
0.033479,0.051475,0.0,0.051915,0.0,0.058213,0.483208,respond_time_warm_cpu,4K
0.031215,0.039469,0.0,0.03982,0.0,0.044259,0.452909,respond_time_warm_cpu,4K
0.033836,0.040258,0.0,0.04059,0.0,0.059865,0.464053,respond_time_warm_cpu,4K
0.035113,0.041928,0.0,0.042231,0.0,0.048843,0.472618,respond_time_warm_cpu,4K
0.034993,0.04053,0.0,0.040826,0.0,0.052099,0.488826,respond_time_warm_cpu,4K
0.031117,0.038331,0.0,0.03881,0.0,0.043588,0.476388,respond_time_warm_cpu,4K
0.033132,0.041268,0.0,0.04159,0.0,0.047151,0.481139,respond_time_warm_cpu,4K
0.03786,0.043097,0.0,0.043449,0.0,0.049595,0.500759,respond_time_warm_cpu,4K
0.030513,0.038341,0.0,0.038668,0.0,0.045992,0.503242,respond_time_warm_cpu,4K
0.03088,0.036604,0.0,0.037167,0.0,0.041322,0.465748,respond_time_warm_cpu,4K
0.033545,0.040356,0.0,0.040799,0.0,0.045383,0.469554,respond_time_warm_cpu,4K
0.03462,0.042696,0.0,0.043036,0.0,0.047532,0.465772,respond_time_warm_cpu,4K
0.031882,0.03862,0.0,0.038993,0.0,0.043387,0.458704,respond_time_warm_cpu,4K
0.030754,0.035929,0.0,0.036211,0.0,0.042158,0.488869,respond_time_warm_cpu,4K
0.032601,0.039841,0.0,0.040175,0.0,0.04718,0.484501,respond_time_warm_cpu,4K
0.034155,0.042183,0.0,0.042784,0.0,0.046669,0.475788,respond_time_warm_cpu,4K
0.040195,0.050562,0.0,0.051102,0.0,0.064347,0.475987,respond_time_warm_cpu,4K
0.033161,0.039073,0.0,0.03935,0.0,0.045208,0.463067,respond_time_warm_cpu,4K
0.030305,0.037381,0.0,0.03764,0.0,0.044147,0.434956,respond_time_warm_cpu,4K
0.035008,0.040283,0.0,0.040577,0.0,0.0472,0.468303,respond_time_warm_cpu,4K
0.030943,0.037008,0.0,0.037326,0.0,0.041581,0.463326,respond_time_warm_cpu,4K
0.032319,0.039871,0.0,0.040173,0.0,0.047618,0.473263,respond_time_warm_cpu,4K
0.033105,0.038121,0.0,0.038524,0.0,0.044457,0.436084,respond_time_warm_cpu,4K
0.033461,0.039533,0.0,0.039825,0.0,0.046665,0.439313,respond_time_warm_cpu,4K
0.036006,0.042935,0.0,0.043239,0.0,0.050486,0.459116,respond_time_warm_cpu,4K
0.031688,0.039405,0.0,0.039729,0.0,0.044738,0.454513,respond_time_warm_cpu,4K
0.031755,0.03822,0.0,0.038675,0.0,0.045337,0.45845,respond_time_warm_cpu,4K
0.028815,0.033588,0.0,0.033902,0.0,0.03951,0.456664,respond_time_warm_cpu,4K
0.035405,0.04308,0.0,0.043672,0.0,0.04779,0.476601,respond_time_warm_cpu,4K
0.032509,0.038419,0.0,0.038735,0.0,0.043157,0.44472,respond_time_warm_cpu,4K
0.029744,0.037476,0.0,0.037819,0.0,0.044362,0.454451,respond_time_warm_cpu,4K
0.032744,0.039198,0.0,0.039506,0.0,0.045731,0.481006,respond_time_warm_cpu,4K
0.03144,0.038937,0.0,0.039325,0.0,0.045675,0.449881,respond_time_warm_cpu,4K
0.028919,0.034432,0.0,0.034748,0.0,0.042151,0.458054,respond_time_warm_cpu,4K
0.040054,0.046102,0.0,0.046503,0.0,0.05262,0.485576,respond_time_warm_cpu,4K
0.034269,0.040388,0.0,0.040755,0.0,0.046162,0.457562,respond_time_warm_cpu,4K
0.03306,0.040601,0.0,0.040884,0.0,0.046306,0.45749,respond_time_warm_cpu,4K
0.033939,0.04013,0.0,0.040463,0.0,0.047089,0.478995,respond_time_warm_cpu,4K
0.03042,0.037165,0.0,0.037563,0.0,0.043192,0.481247,respond_time_warm_cpu,4K
0.030379,0.036366,0.0,0.036657,0.0,0.041804,0.458051,respond_time_warm_cpu,4K
0.042835,0.048275,0.0,0.048748,0.0,0.058842,0.471882,respond_time_warm_cpu,4K
0.034614,0.040979,0.0,0.0414,0.0,0.045602,0.48586,respond_time_warm_cpu,4K
0.034043,0.040259,0.0,0.040653,0.0,0.045551,0.449751,respond_time_warm_cpu,4K
0.031375,0.036314,0.0,0.036913,0.0,0.044348,0.45031,respond_time_warm_cpu,4K
0.032267,0.039383,0.0,0.039828,0.0,0.044791,0.456709,respond_time_warm_cpu,4K
0.034246,0.040375,0.0,0.040803,0.0,0.048104,0.456416,respond_time_warm_cpu,4K
0.032148,0.037679,0.0,0.038083,0.0,0.044609,0.47833,respond_time_warm_cpu,4K
0.03544,0.040948,0.0,0.041219,0.0,0.046438,0.434006,respond_time_warm_cpu,4K
0.033319,0.040469,0.0,0.040775,0.0,0.058808,0.490133,respond_time_warm_cpu,4K
0.029908,0.036736,0.0,0.03705,0.0,0.042158,0.434005,respond_time_warm_cpu,4K
0.03231,0.040547,0.0,0.041016,0.0,0.047229,0.428235,respond_time_warm_cpu,4K
0.030259,0.035688,0.0,0.036028,0.0,0.044022,0.477595,respond_time_warm_cpu,4K
0.034963,0.040293,0.0,0.040647,0.0,0.047163,0.44452,respond_time_warm_cpu,4K
0.03661,0.046272,0.0,0.046734,0.0,0.052935,0.466399,respond_time_warm_cpu,4K
0.033206,0.039544,0.0,0.040012,0.0,0.046012,0.439562,respond_time_warm_cpu,4K
0.033318,0.040616,0.0,0.041093,0.0,0.046927,0.446873,respond_time_warm_cpu,4K
0.034998,0.041233,0.0,0.04167,0.0,0.047368,0.461721,respond_time_warm_cpu,4K
0.034754,0.041484,0.0,0.041753,0.0,0.047267,0.453502,respond_time_warm_cpu,4K
0.029768,0.036607,0.0,0.037047,0.0,0.04112,0.446765,respond_time_warm_cpu,4K
0.034769,0.040407,0.0,0.04071,0.0,0.045026,0.441338,respond_time_warm_cpu,4K
0.031994,0.038974,0.0,0.03932,0.0,0.044875,0.452768,respond_time_warm_cpu,4K
0.035392,0.041774,0.0,0.04209,0.0,0.046486,0.48932,respond_time_warm_cpu,4K
0.032128,0.0396,0.0,0.03997,0.0,0.047638,0.469373,respond_time_warm_cpu,4K
0.03577,0.041414,0.0,0.041789,0.0,0.047721,0.471176,respond_time_warm_cpu,4K
0.028326,0.035431,0.0,0.035846,0.0,0.042425,0.480843,respond_time_warm_cpu,4K
0.035744,0.042909,0.0,0.043208,0.0,0.050129,0.474272,respond_time_warm_cpu,4K
0.032833,0.040819,0.0,0.041262,0.0,0.051779,0.475356,respond_time_warm_cpu,4K
0.032134,0.037958,0.0,0.038272,0.0,0.044788,0.46118,respond_time_warm_cpu,4K
0.032273,0.03863,0.0,0.039158,0.0,0.046819,0.458805,respond_time_warm_cpu,4K
0.031653,0.037106,0.0,0.037392,0.0,0.044297,0.447321,respond_time_warm_cpu,4K
0.035912,0.042989,0.0,0.043473,0.0,0.050241,0.491578,respond_time_warm_cpu,4K
0.029594,0.03564,0.0,0.036194,0.0,0.04298,0.474139,respond_time_warm_cpu,4K
0.032565,0.038182,0.0,0.038498,0.0,0.04304,0.459271,respond_time_warm_cpu,4K
0.032796,0.038275,0.0,0.038561,0.0,0.044476,0.45286,respond_time_warm_cpu,4K
0.031104,0.038919,0.0,0.039307,0.0,0.04593,0.48035,respond_time_warm_cpu,4K
0.035556,0.043344,0.0,0.043679,0.0,0.049666,0.476819,respond_time_warm_cpu,4K
0.032062,0.038859,0.0,0.039191,0.0,0.045982,0.450474,respond_time_warm_cpu,4K
0.038947,0.045176,0.0,0.045493,0.0,0.050609,0.485195,respond_time_warm_cpu,4K
0.032839,0.03836,0.0,0.038762,0.0,0.044292,0.464946,respond_time_warm_cpu,4K
0.03306,0.04005,0.0,0.040455,0.0,0.046402,0.465837,respond_time_warm_cpu,4K
0.034463,0.041669,0.0,0.041961,0.0,0.047808,0.481322,respond_time_warm_cpu,4K
0.035272,0.04051,0.0,0.040834,0.0,0.046475,0.451466,respond_time_warm_cpu,4K
0.029582,0.038739,0.0,0.039071,0.0,0.044861,0.464112,respond_time_warm_cpu,4K
0.030344,0.037415,0.0,0.037767,0.0,0.043048,0.447456,respond_time_warm_cpu,4K
0.032858,0.039757,0.0,0.040092,0.0,0.046551,0.457949,respond_time_warm_cpu,4K
0.030256,0.035142,0.0,0.035742,0.0,0.042978,0.441852,respond_time_warm_cpu,4K
0.037172,0.044912,0.0,0.045324,0.0,0.050987,0.464735,respond_time_warm_cpu,4K
0.031198,0.036771,0.0,0.037124,0.0,0.041722,0.426961,respond_time_warm_cpu,4K
0.038013,0.044969,0.0,0.045435,0.0,0.052015,0.419037,respond_time_warm_cpu,4K
0.034233,0.040881,0.0,0.041143,0.0,0.046935,0.435051,respond_time_warm_cpu,4K
0.035498,0.053598,0.0,0.054144,0.0,0.059139,0.421796,respond_time_warm_cpu,4K
0.036121,0.041667,0.0,0.041977,0.0,0.048347,0.450042,respond_time_warm_cpu,4K
0.032116,0.037925,0.0,0.038241,0.0,0.044767,0.426864,respond_time_warm_cpu,4K
0.032812,0.036803,0.0,0.037075,0.0,0.043681,0.433166,respond_time_warm_cpu,4K
0.038733,0.044291,0.0,0.044612,0.0,0.050566,0.475712,respond_time_warm_cpu,4K
0.032704,0.039304,0.0,0.03965,0.0,0.04633,0.44033,respond_time_warm_cpu,4K
0.034079,0.041806,0.0,0.042148,0.0,0.049512,0.483009,respond_time_warm_cpu,4K
0.032214,0.038448,0.0,0.03899,0.0,0.046307,0.472873,respond_time_warm_cpu,4K
0.031751,0.039476,0.0,0.039823,0.0,0.045508,0.455857,respond_time_warm_cpu,4K
0.032999,0.04135,0.0,0.041615,0.0,0.046048,0.451581,respond_time_warm_cpu,4K
0.030267,0.036479,0.0,0.036915,0.0,0.042587,0.44171,respond_time_warm_cpu,4K
0.033456,0.038181,0.0,0.038511,0.0,0.047054,0.47584,respond_time_warm_cpu,4K
0.030813,0.037296,0.0,0.037733,0.0,0.041996,0.448147,respond_time_warm_cpu,4K
0.031756,0.038616,0.0,0.038924,0.0,0.046783,0.443461,respond_time_warm_cpu,4K
0.030601,0.037806,0.0,0.038225,0.0,0.044846,0.430032,respond_time_warm_cpu,4K
0.033847,0.040754,0.0,0.040977,0.0,0.047596,0.458919,respond_time_warm_cpu,4K
0.034781,0.044947,0.0,0.045394,0.0,0.051411,0.442458,respond_time_warm_cpu,4K
0.03207,0.037812,0.0,0.038148,0.0,0.04494,0.412537,respond_time_warm_cpu,4K
0.030806,0.040132,0.0,0.040535,0.0,0.047122,0.439922,respond_time_warm_cpu,4K
0.031896,0.037244,0.0,0.037916,0.0,0.044237,0.451654,respond_time_warm_cpu,4K
0.039782,0.047889,0.0,0.048393,0.0,0.055816,0.462713,respond_time_warm_cpu,4K
0.032605,0.039165,0.0,0.039843,0.0,0.044252,0.436242,respond_time_warm_cpu,4K
0.044302,0.05009,0.0,0.050469,0.0,0.064127,0.462737,respond_time_warm_cpu,4K
0.031331,0.039571,0.0,0.04,0.0,0.047688,0.472917,respond_time_warm_cpu,4K
0.03473,0.043704,0.0,0.044143,0.0,0.049298,0.483322,respond_time_warm_cpu,4K
0.03072,0.035503,0.0,0.035819,0.0,0.040674,0.466117,respond_time_warm_cpu,4K
0.029226,0.035709,0.0,0.036056,0.0,0.042143,0.462827,respond_time_warm_cpu,4K
0.029346,0.035791,0.0,0.036128,0.0,0.041892,0.488059,respond_time_warm_cpu,4K
0.032191,0.038739,0.0,0.03909,0.0,0.045352,0.474696,respond_time_warm_cpu,4K
0.033692,0.039682,0.0,0.039996,0.0,0.0471,0.461255,respond_time_warm_cpu,4K
0.038401,0.043955,0.0,0.044339,0.0,0.05073,0.469529,respond_time_warm_cpu,4K
0.030083,0.036766,0.0,0.037141,0.0,0.045112,0.434461,respond_time_warm_cpu,4K
0.029176,0.035952,0.0,0.036346,0.0,0.042867,0.436132,respond_time_warm_cpu,4K
0.03343,0.036967,0.0,0.03728,0.0,0.042859,0.434702,respond_time_warm_cpu,4K
0.034707,0.040894,0.0,0.041366,0.0,0.04569,0.430509,respond_time_warm_cpu,4K
0.029053,0.035974,0.0,0.036381,0.0,0.042257,0.451129,respond_time_warm_cpu,4K
0.029883,0.035529,0.0,0.035877,0.0,0.042171,0.466291,respond_time_warm_cpu,4K
0.031704,0.038511,0.0,0.038846,0.0,0.046636,0.475998,respond_time_warm_cpu,4K
0.030209,0.036957,0.0,0.037334,0.0,0.043925,0.43324,respond_time_warm_cpu,4K
0.033539,0.039074,0.0,0.039392,0.0,0.045248,0.435488,respond_time_warm_cpu,4K
0.027704,0.035467,0.0,0.035914,0.0,0.040809,0.433744,respond_time_warm_cpu,4K
0.034265,0.041098,0.0,0.041402,0.0,0.048032,0.453244,respond_time_warm_cpu,4K
0.045022,0.052552,0.0,0.052932,0.0,0.063645,0.517037,respond_time_warm_cpu,4K
0.032486,0.037653,0.0,0.038057,0.0,0.044048,0.430988,respond_time_warm_cpu,4K
0.038948,0.050498,0.0,0.051207,0.0,0.056308,0.437335,respond_time_warm_cpu,4K
0.03451,0.042561,0.0,0.042867,0.0,0.0485,0.453646,respond_time_warm_cpu,4K
0.033269,0.03981,0.0,0.040234,0.0,0.047954,0.462264,respond_time_warm_cpu,4K
0.030539,0.035754,0.0,0.036088,0.0,0.041705,0.458866,respond_time_warm_cpu,4K
0.029726,0.035562,0.0,0.035786,0.0,0.042231,0.481138,respond_time_warm_cpu,4K
0.035145,0.042434,0.0,0.042683,0.0,0.048884,0.473883,respond_time_warm_cpu,4K
