1697078865.044,2023-10-12 02:47:45.044,0,1000.0,0,12.799999999988358,0,34.845120131406496,849182485,null_state
1697078865.582,2023-10-12 02:47:45.582,0,1000.0,0,12.799999999988358,0,34.845120131406496,849578632,null_state
1697078866.095,2023-10-12 02:47:46.095,0,1000.0,0,12.799999999988358,0,34.845120131406496,849938795,null_state
1697078866.605,2023-10-12 02:47:46.605,0,1000.0,0,12.799999999988358,0,34.845120131406496,850288138,null_state
1697078867.114,2023-10-12 02:47:47.114,0,1000.0,0,12.799999999988358,0,34.845120131406496,850635122,null_state
1697078867.625,2023-10-12 02:47:47.625,0,1000.0,0,12.799999999988358,0,34.845120131406496,850964824,null_state
1697078868.136,2023-10-12 02:47:48.136,0,1000.0,0,10.600000000004002,0,35.029153798267224,851435302,null_state
1697078868.649,2023-10-12 02:47:48.649,0,1000.0,0,10.600000000004002,0,35.029153798267224,851784251,null_state
1697078869.163,2023-10-12 02:47:49.163,0,1000.0,0,10.600000000004002,0,35.029153798267224,852147966,null_state
1697078869.675,2023-10-12 02:47:49.675,0,1000.0,0,10.600000000004002,0,35.029153798267224,852522783,null_state
1697078870.185,2023-10-12 02:47:50.185,0,1000.0,0,10.600000000004002,0,35.029153798267224,852865523,null_state
1697078870.698,2023-10-12 02:47:50.698,0,1000.0,0,10.600000000004002,0,35.029153798267224,853237382,null_state
1697078871.21,2023-10-12 02:47:51.210,0,1000.0,0,10.600000000004002,0,35.029153798267224,853715780,null_state
1697078871.72,2023-10-12 02:47:51.720,0,1000.0,0,10.600000000004002,0,35.029153798267224,854104016,null_state
1697078872.233,2023-10-12 02:47:52.233,0,1000.0,0,10.600000000004002,0,35.029153798267224,854461237,null_state
1697078872.745,2023-10-12 02:47:52.745,0,1000.0,0,10.600000000004002,0,35.029153798267224,854878163,null_state
1697078873.255,2023-10-12 02:47:53.255,0,1000.0,0,12.5,0,34.965185955729005,855201644,null_state
1697078873.768,2023-10-12 02:47:53.768,0,1000.0,0,12.5,0,34.965185955729005,855543303,null_state
1697078874.28,2023-10-12 02:47:54.280,0,1000.0,0,12.5,0,34.965185955729005,855858056,null_state
1697078874.791,2023-10-12 02:47:54.791,0,1000.0,0,12.5,0,34.965185955729005,856266129,null_state
1697078875.302,2023-10-12 02:47:55.302,0,1000.0,0,12.5,0,34.965185955729005,856710777,null_state
1697078875.811,2023-10-12 02:47:55.811,0,1000.0,0,12.5,0,34.965185955729005,857059475,null_state
1697078876.321,2023-10-12 02:47:56.321,0,1000.0,0,12.5,0,34.965185955729005,857413227,null_state
1697078876.831,2023-10-12 02:47:56.831,0,1000.0,0,12.5,0,34.965185955729005,857748692,null_state
1697078877.342,2023-10-12 02:47:57.342,0,1000.0,0,12.5,0,34.965185955729005,858061469,null_state
1697078877.856,2023-10-12 02:47:57.856,0,1000.0,0,12.5,0,34.965185955729005,858450059,null_state
1697078878.367,2023-10-12 02:47:58.367,0,1000.0,0,11.400000000003274,0,34.839873557570556,858758457,null_state
1697078878.877,2023-10-12 02:47:58.877,0,1000.0,0,11.400000000003274,0,34.839873557570556,859084116,null_state
1697078879.39,2023-10-12 02:47:59.390,0,1000.0,0,11.400000000003274,0,34.839873557570556,859432200,null_state
1697078879.902,2023-10-12 02:47:59.902,0,1000.0,0,11.400000000003274,0,34.839873557570556,859767113,null_state
1697078880.413,2023-10-12 02:48:00.413,0,1000.0,0,11.400000000003274,0,34.839873557570556,860063996,null_state
1697078880.926,2023-10-12 02:48:00.926,0,1000.0,0,11.400000000003274,0,34.839873557570556,860419802,null_state
1697078881.438,2023-10-12 02:48:01.438,0,1000.0,0,11.400000000003274,0,34.839873557570556,860801530,null_state
1697078881.952,2023-10-12 02:48:01.952,0,1000.0,0,11.400000000003274,0,34.839873557570556,861138151,null_state
1697078882.463,2023-10-12 02:48:02.463,0,1000.0,0,11.400000000003274,0,34.839873557570556,861492316,null_state
1697078882.974,2023-10-12 02:48:02.974,0,1000.0,0,11.400000000003274,0,34.839873557570556,861841364,null_state
1697078883.488,2023-10-12 02:48:03.488,0,1000.0,0,13.499999999994543,0,34.86217149637331,862170670,null_state
1697078884.002,2023-10-12 02:48:04.002,0,1000.0,0,13.499999999994543,0,34.86217149637331,862495215,null_state
1697078884.514,2023-10-12 02:48:04.514,0,1000.0,0,13.499999999994543,0,34.86217149637331,862992167,null_state
1697078885.026,2023-10-12 02:48:05.026,0,1000.0,0,13.499999999994543,0,34.86217149637331,863400555,null_state
1697078885.535,2023-10-12 02:48:05.535,0,1000.0,0,13.499999999994543,0,34.86217149637331,863859883,null_state
1697078886.046,2023-10-12 02:48:06.046,0,1000.0,0,13.499999999994543,0,34.86217149637331,864404732,null_state
1697078886.555,2023-10-12 02:48:06.555,0,1000.0,0,13.499999999994543,0,34.86217149637331,864768200,null_state
1697078887.067,2023-10-12 02:48:07.067,0,1000.0,0,13.499999999994543,0,34.86217149637331,865126545,null_state
1697078887.579,2023-10-12 02:48:07.579,0,1000.0,0,13.499999999994543,0,34.86217149637331,865467473,null_state
1697078888.09,2023-10-12 02:48:08.090,0,1000.0,0,13.499999999994543,0,34.86217149637331,865899544,null_state
1697078888.602,2023-10-12 02:48:08.602,0,1000.0,0,10.900000000001455,0,34.97012984261288,866220800,null_state
1697078889.116,2023-10-12 02:48:09.116,0,1000.0,0,10.900000000001455,0,34.97012984261288,866538274,null_state
1697078889.628,2023-10-12 02:48:09.628,0,1000.0,0,10.900000000001455,0,34.97012984261288,866945796,null_state
1697078890.138,2023-10-12 02:48:10.138,0,1000.0,0,10.900000000001455,0,34.97012984261288,867299083,null_state
1697078890.65,2023-10-12 02:48:10.650,0,1000.0,0,10.900000000001455,0,34.97012984261288,867644161,null_state
1697078891.167,2023-10-12 02:48:11.167,0,1000.0,0,10.900000000001455,0,34.97012984261288,867949463,null_state
1697078891.679,2023-10-12 02:48:11.679,0,1000.0,0,10.900000000001455,0,34.97012984261288,868297895,null_state
1697078892.194,2023-10-12 02:48:12.194,0,1000.0,0,10.900000000001455,0,34.97012984261288,868649227,null_state
1697078892.706,2023-10-12 02:48:12.706,0,1000.0,0,10.900000000001455,0,34.97012984261288,869046299,null_state
1697078893.218,2023-10-12 02:48:13.218,0,1000.0,0,12.100000000000364,0,34.82393204476135,869381545,null_state
1697078893.747,2023-10-12 02:48:13.747,0,1000.0,0,12.100000000000364,0,34.82393204476135,869692390,null_state
1697078894.26,2023-10-12 02:48:14.260,0,1000.0,0,12.100000000000364,0,34.82393204476135,870009461,null_state
1697078894.772,2023-10-12 02:48:14.772,0,1000.0,0,12.100000000000364,0,34.82393204476135,870358347,null_state
1697078895.284,2023-10-12 02:48:15.284,0,1000.0,0,12.100000000000364,0,34.82393204476135,870718219,null_state
1697078895.802,2023-10-12 02:48:15.802,0,1000.0,0,12.100000000000364,0,34.82393204476135,871091498,null_state
1697078896.316,2023-10-12 02:48:16.316,0,1000.0,0,12.100000000000364,0,34.82393204476135,871391563,null_state
1697078896.831,2023-10-12 02:48:16.831,0,1000.0,0,12.100000000000364,0,34.82393204476135,871703013,null_state
1697078897.344,2023-10-12 02:48:17.344,0,1000.0,0,12.100000000000364,0,34.82393204476135,872039905,null_state
1697078897.855,2023-10-12 02:48:17.855,0,1000.0,0,12.100000000000364,0,34.82393204476135,872440840,null_state
1697078898.368,2023-10-12 02:48:18.368,0,1000.0,0,11.999999999998181,0,34.9698271556608,872810454,null_state
1697078898.881,2023-10-12 02:48:18.881,0,1000.0,0,11.999999999998181,0,34.9698271556608,873152106,null_state
1697078899.392,2023-10-12 02:48:19.392,0,1000.0,0,11.999999999998181,0,34.9698271556608,873467426,null_state
1697078899.906,2023-10-12 02:48:19.906,0,1000.0,0,11.999999999998181,0,34.9698271556608,873801042,null_state
1697078900.422,2023-10-12 02:48:20.422,0,1000.0,0,11.999999999998181,0,34.9698271556608,874092074,null_state
1697078900.937,2023-10-12 02:48:20.937,0,1000.0,0,11.999999999998181,0,34.9698271556608,874416550,null_state
1697078901.451,2023-10-12 02:48:21.451,0,1000.0,0,11.999999999998181,0,34.9698271556608,874896090,null_state
1697078901.963,2023-10-12 02:48:21.963,0,1000.0,0,11.999999999998181,0,34.9698271556608,875234640,null_state
1697078902.474,2023-10-12 02:48:22.474,0,1000.0,0,11.999999999998181,0,34.9698271556608,875608488,null_state
1697078902.984,2023-10-12 02:48:22.984,0,1000.0,0,11.999999999998181,0,34.9698271556608,875967539,null_state
1697078903.496,2023-10-12 02:48:23.496,0,1000.0,0,13.500000000003638,0,34.88134167000463,876295114,null_state
1697078904.009,2023-10-12 02:48:24.009,0,1000.0,0,13.500000000003638,0,34.88134167000463,876618419,null_state
1697078904.523,2023-10-12 02:48:24.523,0,1000.0,0,13.500000000003638,0,34.88134167000463,877013597,null_state
1697078905.036,2023-10-12 02:48:25.036,0,1000.0,0,13.500000000003638,0,34.88134167000463,877425842,null_state
1697078905.546,2023-10-12 02:48:25.546,0,1000.0,0,13.500000000003638,0,34.88134167000463,877792049,null_state
1697078906.059,2023-10-12 02:48:26.059,0,1000.0,0,13.500000000003638,0,34.88134167000463,878125196,null_state
1697078906.569,2023-10-12 02:48:26.569,0,1000.0,0,13.500000000003638,0,34.88134167000463,878475304,null_state
1697078907.079,2023-10-12 02:48:27.079,0,1000.0,0,13.500000000003638,0,34.88134167000463,878833314,null_state
1697078907.59,2023-10-12 02:48:27.590,0,1000.0,0,13.500000000003638,0,34.88134167000463,879166772,null_state
1697078908.101,2023-10-12 02:48:28.101,0,1000.0,0,11.39999999999418,0,34.84037803582401,879612937,null_state
1697078908.61,2023-10-12 02:48:28.610,0,1000.0,0,11.39999999999418,0,34.84037803582401,879933259,null_state
1697078909.123,2023-10-12 02:48:29.123,0,1000.0,0,11.39999999999418,0,34.84037803582401,880246299,null_state
1697078909.635,2023-10-12 02:48:29.635,0,1000.0,0,11.39999999999418,0,34.84037803582401,880566080,null_state
1697078910.15,2023-10-12 02:48:30.150,0,1000.0,0,11.39999999999418,0,34.84037803582401,880885769,null_state
1697078910.665,2023-10-12 02:48:30.665,0,1000.0,0,11.39999999999418,0,34.84037803582401,881218178,null_state
1697078911.175,2023-10-12 02:48:31.175,0,1000.0,0,11.39999999999418,0,34.84037803582401,881590197,null_state
1697078911.686,2023-10-12 02:48:31.686,0,1000.0,0,11.39999999999418,0,34.84037803582401,881963236,null_state
1697078912.199,2023-10-12 02:48:32.199,0,1000.0,0,11.39999999999418,0,34.84037803582401,882273985,null_state
1697078912.713,2023-10-12 02:48:32.713,0,1000.0,0,11.39999999999418,0,34.84037803582401,882653172,null_state
1697078913.233,2023-10-12 02:48:33.233,0,1000.0,0,14.600000000000364,0,34.860052687708794,882993164,null_state
1697078913.746,2023-10-12 02:48:33.746,0,1000.0,0,14.600000000000364,0,34.860052687708794,883262296,null_state
1697078914.257,2023-10-12 02:48:34.257,0,1000.0,0,14.600000000000364,0,34.860052687708794,883582766,null_state
1697078914.771,2023-10-12 02:48:34.771,0,1000.0,0,14.600000000000364,0,34.860052687708794,884071116,null_state
1697078915.282,2023-10-12 02:48:35.282,0,1000.0,0,14.600000000000364,0,34.860052687708794,884601154,null_state
1697078915.792,2023-10-12 02:48:35.792,0,1000.0,0,14.600000000000364,0,34.860052687708794,884942163,null_state
1697078916.304,2023-10-12 02:48:36.304,0,1000.0,0,14.600000000000364,0,34.860052687708794,885479918,null_state
1697078916.815,2023-10-12 02:48:36.815,0,1000.0,0,14.600000000000364,0,34.860052687708794,885800832,null_state
1697078917.325,2023-10-12 02:48:37.325,0,1000.0,0,14.600000000000364,0,34.860052687708794,886172582,null_state
1697078917.839,2023-10-12 02:48:37.839,0,1000.0,0,14.600000000000364,0,34.860052687708794,886544764,null_state
1697078918.349,2023-10-12 02:48:38.349,0,1000.0,0,12.30000000000473,0,34.86418940938713,886973506,null_state
1697078918.862,2023-10-12 02:48:38.862,0,1000.0,0,12.30000000000473,0,34.86418940938713,887329895,null_state
1697078919.373,2023-10-12 02:48:39.373,0,1000.0,0,12.30000000000473,0,34.86418940938713,887665058,null_state
1697078919.886,2023-10-12 02:48:39.886,0,1000.0,0,12.30000000000473,0,34.86418940938713,888035134,null_state
1697078920.398,2023-10-12 02:48:40.398,0,1000.0,0,12.30000000000473,0,34.86418940938713,888367346,null_state
1697078920.91,2023-10-12 02:48:40.910,0,1000.0,0,12.30000000000473,0,34.86418940938713,888718957,null_state
1697078921.422,2023-10-12 02:48:41.422,0,1000.0,0,12.30000000000473,0,34.86418940938713,889091841,null_state
1697078921.935,2023-10-12 02:48:41.935,0,1000.0,0,12.30000000000473,0,34.86418940938713,889412291,null_state
1697078922.445,2023-10-12 02:48:42.445,0,1000.0,0,12.30000000000473,0,34.86418940938713,889716889,null_state
1697078922.957,2023-10-12 02:48:42.957,0,1000.0,0,12.30000000000473,0,34.86418940938713,890122697,null_state
1697078923.472,2023-10-12 02:48:43.472,0,1000.0,0,12.200000000002547,0,34.81747472311711,890452473,null_state
1697078923.988,2023-10-12 02:48:43.988,0,1000.0,0,12.200000000002547,0,34.81747472311711,890738803,null_state
1697078924.5,2023-10-12 02:48:44.500,0,1000.0,0,12.200000000002547,0,34.81747472311711,891051245,null_state
1697078925.017,2023-10-12 02:48:45.017,0,1000.0,0,12.200000000002547,0,34.81747472311711,891478372,null_state
1697078925.529,2023-10-12 02:48:45.529,0,1000.0,0,12.200000000002547,0,34.81747472311711,891838758,null_state
1697078926.039,2023-10-12 02:48:46.039,0,1000.0,0,12.200000000002547,0,34.81747472311711,892167742,null_state
1697078926.562,2023-10-12 02:48:46.562,0,1000.0,0,12.200000000002547,0,34.81747472311711,892526287,null_to_cold_process
1697078926.786,2023-10-12 02:48:46.786,0,1000.0,0,12.200000000002547,0,34.81747472311711,892664897,null_to_cold_process
1697078927.004,2023-10-12 02:48:47.004,0,1000.0,0,12.200000000002547,0,34.81747472311711,892790742,null_to_cold_process
1697078927.221,2023-10-12 02:48:47.221,0,1000.0,0,12.200000000002547,0,34.81747472311711,892928189,null_to_cold_process
1697078927.435,2023-10-12 02:48:47.435,0,1000.0,0,12.200000000002547,0,34.81747472311711,893070378,null_to_cold_process
1697078927.652,2023-10-12 02:48:47.652,0,1000.0,0,12.200000000002547,0,34.81747472311711,893217971,null_to_cold_process
1697078927.87,2023-10-12 02:48:47.870,0,1000.0,0,12.200000000002547,0,34.81747472311711,893435488,null_to_cold_process
1697078928.093,2023-10-12 02:48:48.093,0,1000.0,0,12.200000000002547,0,34.81747472311711,893576862,null_to_cold_process
1697078928.312,2023-10-12 02:48:48.312,0,1000.0,0,11.299999999991996,0,34.81424606229499,893723105,null_to_cold_process
1697078928.53,2023-10-12 02:48:48.530,0,1000.0,0,11.299999999991996,0,34.81424606229499,893864042,null_to_cold_process
1697078928.749,2023-10-12 02:48:48.749,0,1000.0,0,11.299999999991996,0,34.81424606229499,894059243,null_to_cold_process
1697078928.967,2023-10-12 02:48:48.967,0,1000.0,0,11.299999999991996,0,34.81424606229499,894220183,null_to_cold_process
1697078929.183,2023-10-12 02:48:49.183,0,1000.0,0,11.299999999991996,0,34.81424606229499,894380028,null_to_cold_process
1697078929.398,2023-10-12 02:48:49.398,0,1000.0,0,11.299999999991996,0,34.81424606229499,894557058,null_to_cold_process
1697078929.611,2023-10-12 02:48:49.611,0,1000.0,0,11.299999999991996,0,34.81424606229499,894714400,null_to_cold_process
1697078929.828,2023-10-12 02:48:49.828,0,1000.0,0,11.299999999991996,0,34.81424606229499,894856986,null_to_cold_process
1697078930.047,2023-10-12 02:48:50.047,0,1000.0,0,11.299999999991996,0,34.81424606229499,895025034,null_to_cold_process
1697078930.264,2023-10-12 02:48:50.264,0,1000.0,0,11.299999999991996,0,34.81424606229499,895197420,null_to_cold_process
1697078930.478,2023-10-12 02:48:50.478,0,1000.0,0,11.299999999991996,0,34.81424606229499,895355644,null_to_cold_process
1697078930.697,2023-10-12 02:48:50.697,0,1000.0,0,11.299999999991996,0,34.81424606229499,895500557,null_to_cold_process
1697078930.912,2023-10-12 02:48:50.912,0,1000.0,0,11.299999999991996,0,34.81424606229499,895681841,null_to_cold_process
1697078931.133,2023-10-12 02:48:51.133,0,1000.0,0,11.299999999991996,0,34.81424606229499,895959731,null_to_cold_process
1697078931.348,2023-10-12 02:48:51.348,0,1000.0,0,11.299999999991996,0,34.81424606229499,896119565,null_to_cold_process
1697078931.564,2023-10-12 02:48:51.564,0,1000.0,0,11.299999999991996,0,34.81424606229499,896314495,null_to_cold_process
1697078931.779,2023-10-12 02:48:51.779,0,1000.0,0,11.299999999991996,0,34.81424606229499,896460531,null_to_cold_process
1697078931.996,2023-10-12 02:48:51.996,0,1000.0,0,11.299999999991996,0,34.81424606229499,896613549,null_to_cold_process
1697078932.211,2023-10-12 02:48:52.211,0,1000.0,0,11.299999999991996,0,34.81424606229499,896791187,null_to_cold_process
1697078932.428,2023-10-12 02:48:52.428,0,1000.0,0,11.299999999991996,0,34.81424606229499,896940336,null_to_cold_process
1697078932.644,2023-10-12 02:48:52.644,0,1000.0,0,11.299999999991996,0,34.81424606229499,897127906,null_to_cold_process
1697078932.862,2023-10-12 02:48:52.862,0,1000.0,0,11.299999999991996,0,34.81424606229499,897296295,null_to_cold_process
1697078933.077,2023-10-12 02:48:53.077,0,1000.0,0,11.299999999991996,0,34.81424606229499,897453990,null_to_cold_process
1697078933.292,2023-10-12 02:48:53.292,0,1000.0,0,13.000000000001819,0,34.87286643534657,897622823,null_to_cold_process
1697078933.511,2023-10-12 02:48:53.511,0,1000.0,0,13.000000000001819,0,34.87286643534657,897762328,null_to_cold_process
1697078933.728,2023-10-12 02:48:53.728,0,1000.0,0,13.000000000001819,0,34.87286643534657,897891286,null_to_cold_process
1697078933.944,2023-10-12 02:48:53.944,0,1000.0,0,13.000000000001819,0,34.87286643534657,898026174,null_to_cold_process
1697078934.162,2023-10-12 02:48:54.162,0,1000.0,0,13.000000000001819,0,34.87286643534657,898193712,null_to_cold_process
1697078934.381,2023-10-12 02:48:54.381,0,1000.0,0,13.000000000001819,0,34.87286643534657,898351344,null_to_cold_process
1697078934.598,2023-10-12 02:48:54.598,0,1000.0,0,13.000000000001819,0,34.87286643534657,898538292,null_to_cold_process
1697078934.812,2023-10-12 02:48:54.812,0,1000.0,0,13.000000000001819,0,34.87286643534657,898687482,null_to_cold_process
1697078935.027,2023-10-12 02:48:55.027,0,1000.0,0,13.000000000001819,0,34.87286643534657,898903130,null_to_cold_process
1697078935.242,2023-10-12 02:48:55.242,0,1000.0,0,13.000000000001819,0,34.87286643534657,899097670,null_to_cold_process
1697078935.456,2023-10-12 02:48:55.456,0,1000.0,0,13.000000000001819,0,34.87286643534657,899249418,null_to_cold_process
1697078935.676,2023-10-12 02:48:55.676,0,1000.0,0,13.000000000001819,0,34.87286643534657,899409820,null_to_cold_process
1697078935.893,2023-10-12 02:48:55.893,0,1000.0,0,13.000000000001819,0,34.87286643534657,899559138,null_to_cold_process
1697078936.109,2023-10-12 02:48:56.109,0,1000.0,0,13.000000000001819,0,34.87286643534657,899713245,null_to_cold_process
1697078936.325,2023-10-12 02:48:56.325,0,1000.0,0,13.000000000001819,0,34.87286643534657,899886276,null_to_cold_process
1697078936.538,2023-10-12 02:48:56.538,0,1000.0,0,13.000000000001819,0,34.87286643534657,900032768,null_to_cold_process
1697078936.753,2023-10-12 02:48:56.753,0,1000.0,0,13.000000000001819,0,34.87286643534657,900181132,null_to_cold_process
1697078936.967,2023-10-12 02:48:56.967,0,1000.0,0,13.000000000001819,0,34.87286643534657,900341879,null_to_cold_process
1697078937.181,2023-10-12 02:48:57.181,0,1000.0,0,13.000000000001819,0,34.87286643534657,900496472,null_to_cold_process
1697078937.396,2023-10-12 02:48:57.396,0,1000.0,0,13.000000000001819,0,34.87286643534657,900666376,null_to_cold_process
1697078937.611,2023-10-12 02:48:57.611,0,1000.0,0,13.000000000001819,0,34.87286643534657,900813272,null_to_cold_process
1697078937.831,2023-10-12 02:48:57.831,0,1000.0,0,13.000000000001819,0,34.87286643534657,900993741,null_to_cold_process
1697078938.052,2023-10-12 02:48:58.052,0,1000.0,0,13.000000000001819,0,34.87286643534657,901199976,null_to_cold_process
1697078938.27,2023-10-12 02:48:58.270,0,1000.0,0,10.400000000008731,0,35.006048694258936,901348291,null_to_cold_process
1697078938.488,2023-10-12 02:48:58.488,0,1000.0,0,10.400000000008731,0,35.006048694258936,901505124,null_to_cold_process
1697078938.705,2023-10-12 02:48:58.705,0,1000.0,0,10.400000000008731,0,35.006048694258936,901626022,null_to_cold_process
1697078938.918,2023-10-12 02:48:58.918,0,1000.0,0,10.400000000008731,0,35.006048694258936,901805249,null_to_cold_process
1697078939.137,2023-10-12 02:48:59.137,0,1000.0,0,10.400000000008731,0,35.006048694258936,901964106,null_to_cold_process
1697078939.354,2023-10-12 02:48:59.354,0,1000.0,0,10.400000000008731,0,35.006048694258936,902127830,null_to_cold_process
1697078939.57,2023-10-12 02:48:59.570,0,1000.0,0,10.400000000008731,0,35.006048694258936,902323580,null_to_cold_process
1697078939.782,2023-10-12 02:48:59.782,0,1000.0,0,10.400000000008731,0,35.006048694258936,902466346,null_to_cold_process
1697078939.997,2023-10-12 02:48:59.997,0,1000.0,0,10.400000000008731,0,35.006048694258936,902638069,null_to_cold_process
1697078940.215,2023-10-12 02:49:00.215,0,1000.0,0,10.400000000008731,0,35.006048694258936,902790065,null_to_cold_process
1697078940.429,2023-10-12 02:49:00.429,0,1000.0,0,10.400000000008731,0,35.006048694258936,902944671,null_to_cold_process
1697078940.644,2023-10-12 02:49:00.644,0,1000.0,0,10.400000000008731,0,35.006048694258936,903083060,null_to_cold_process
1697078940.866,2023-10-12 02:49:00.866,0,1000.0,0,10.400000000008731,0,35.006048694258936,903252208,null_to_cold_process
1697078941.082,2023-10-12 02:49:01.082,0,1000.0,0,10.400000000008731,0,35.006048694258936,903410779,null_to_cold_process
1697078941.301,2023-10-12 02:49:01.301,0,1000.0,0,10.400000000008731,0,35.006048694258936,903588717,null_to_cold_process
1697078941.518,2023-10-12 02:49:01.518,0,1000.0,0,10.400000000008731,0,35.006048694258936,903762696,null_to_cold_process
1697078941.733,2023-10-12 02:49:01.733,0,1000.0,0,10.400000000008731,0,35.006048694258936,903928940,null_to_cold_process
1697078941.95,2023-10-12 02:49:01.950,0,1000.0,0,10.400000000008731,0,35.006048694258936,904085306,null_to_cold_process
1697078942.168,2023-10-12 02:49:02.168,0,1000.0,0,10.400000000008731,0,35.006048694258936,904227201,null_to_cold_process
1697078942.386,2023-10-12 02:49:02.386,0,1000.0,0,10.400000000008731,0,35.006048694258936,904410910,null_to_cold_process
1697078942.604,2023-10-12 02:49:02.604,0,1000.0,0,10.400000000008731,0,35.006048694258936,904588504,null_to_cold_process
1697078942.822,2023-10-12 02:49:02.822,0,1000.0,0,10.400000000008731,0,35.006048694258936,904758648,null_to_cold_process
1697078943.041,2023-10-12 02:49:03.041,0,1000.0,0,10.400000000008731,0,35.006048694258936,904913332,null_to_cold_process
1697078943.263,2023-10-12 02:49:03.263,0,1000.0,0,13.299999999999272,0,35.14568827481554,905057206,null_to_cold_process
1697078943.488,2023-10-12 02:49:03.488,0,1000.0,0,13.299999999999272,0,35.14568827481554,905196888,null_to_cold_process
1697078943.706,2023-10-12 02:49:03.706,0,1000.0,0,13.299999999999272,0,35.14568827481554,905324077,null_to_cold_process
1697078943.924,2023-10-12 02:49:03.924,0,1000.0,0,13.299999999999272,0,35.14568827481554,905447982,null_to_cold_process
1697078944.141,2023-10-12 02:49:04.141,0,1000.0,0,13.299999999999272,0,35.14568827481554,905573022,null_to_cold_process
1697078944.356,2023-10-12 02:49:04.356,0,1000.0,0,13.299999999999272,0,35.14568827481554,905747520,null_to_cold_process
1697078944.573,2023-10-12 02:49:04.573,0,1000.0,0,13.299999999999272,0,35.14568827481554,906049040,null_to_cold_process
1697078944.789,2023-10-12 02:49:04.789,0,1000.0,0,13.299999999999272,0,35.14568827481554,906184703,null_to_cold_process
1697078945.005,2023-10-12 02:49:05.005,0,1000.0,0,13.299999999999272,0,35.14568827481554,906393963,null_to_cold_process
1697078945.224,2023-10-12 02:49:05.224,0,1000.0,0,13.299999999999272,0,35.14568827481554,906696072,null_to_cold_process
1697078945.442,2023-10-12 02:49:05.442,0,1000.0,0,13.299999999999272,0,35.14568827481554,906826768,null_to_cold_process
1697078945.662,2023-10-12 02:49:05.662,0,1000.0,0,13.299999999999272,0,35.14568827481554,906965293,null_to_cold_process
1697078945.88,2023-10-12 02:49:05.880,0,1000.0,0,13.299999999999272,0,35.14568827481554,907129252,null_to_cold_process
1697078946.096,2023-10-12 02:49:06.096,0,1000.0,0,13.299999999999272,0,35.14568827481554,907468422,null_to_cold_process
1697078946.31,2023-10-12 02:49:06.310,0,1000.0,0,13.299999999999272,0,35.14568827481554,907634934,null_to_cold_process
1697078946.531,2023-10-12 02:49:06.531,0,1000.0,0,13.299999999999272,0,35.14568827481554,907797491,null_to_cold_process
1697078946.748,2023-10-12 02:49:06.748,0,1000.0,0,13.299999999999272,0,35.14568827481554,907953823,null_to_cold_process
1697078946.964,2023-10-12 02:49:06.964,0,1000.0,0,13.299999999999272,0,35.14568827481554,908128780,null_to_cold_process
1697078947.179,2023-10-12 02:49:07.179,0,1000.0,0,13.299999999999272,0,35.14568827481554,908289780,null_to_cold_process
1697078947.392,2023-10-12 02:49:07.392,0,1000.0,0,13.299999999999272,0,35.14568827481554,908454525,null_to_cold_process
1697078947.611,2023-10-12 02:49:07.611,0,1000.0,0,13.299999999999272,0,35.14568827481554,908604688,null_to_cold_process
1697078947.831,2023-10-12 02:49:07.831,0,1000.0,0,13.299999999999272,0,35.14568827481554,908768783,null_to_cold_process
1697078948.049,2023-10-12 02:49:08.049,0,1000.0,0,13.299999999999272,0,35.14568827481554,908998033,null_to_cold_process
1697078948.262,2023-10-12 02:49:08.262,0,1000.0,0,11.499999999996362,0,34.78296841058072,909150439,null_to_cold_process
1697078948.477,2023-10-12 02:49:08.477,0,1000.0,0,11.499999999996362,0,34.78296841058072,909323611,null_to_cold_process
1697078948.694,2023-10-12 02:49:08.694,0,1000.0,0,11.499999999996362,0,34.78296841058072,909450703,null_to_cold_process
1697078948.908,2023-10-12 02:49:08.908,0,1000.0,0,11.499999999996362,0,34.78296841058072,909619269,null_to_cold_process
1697078949.121,2023-10-12 02:49:09.121,0,1000.0,0,11.499999999996362,0,34.78296841058072,909784326,null_to_cold_process
1697078949.338,2023-10-12 02:49:09.338,0,1000.0,0,11.499999999996362,0,34.78296841058072,909949184,null_to_cold_process
1697078949.555,2023-10-12 02:49:09.555,0,1000.0,0,11.499999999996362,0,34.78296841058072,910123769,null_to_cold_process
1697078949.771,2023-10-12 02:49:09.771,0,1000.0,0,11.499999999996362,0,34.78296841058072,910293394,null_to_cold_process
1697078949.989,2023-10-12 02:49:09.989,0,1000.0,0,11.499999999996362,0,34.78296841058072,910453559,null_to_cold_process
1697078950.207,2023-10-12 02:49:10.207,0,1000.0,0,11.499999999996362,0,34.78296841058072,910596271,null_to_cold_process
1697078950.422,2023-10-12 02:49:10.422,0,1000.0,0,11.499999999996362,0,34.78296841058072,910766413,null_to_cold_process
1697078950.639,2023-10-12 02:49:10.639,0,1000.0,0,11.499999999996362,0,34.78296841058072,910903035,null_to_cold_process
1697078950.857,2023-10-12 02:49:10.857,0,1000.0,0,11.499999999996362,0,34.78296841058072,911069227,null_to_cold_process
1697078951.073,2023-10-12 02:49:11.073,0,1000.0,0,11.499999999996362,0,34.78296841058072,911227176,null_to_cold_process
1697078951.287,2023-10-12 02:49:11.287,0,1000.0,0,11.499999999996362,0,34.78296841058072,911426746,null_to_cold_process
1697078951.501,2023-10-12 02:49:11.501,0,1000.0,0,11.499999999996362,0,34.78296841058072,911604814,null_to_cold_process
1697078951.718,2023-10-12 02:49:11.718,0,1000.0,0,11.499999999996362,0,34.78296841058072,911764789,null_to_cold_process
1697078951.934,2023-10-12 02:49:11.934,0,1000.0,0,11.499999999996362,0,34.78296841058072,911920498,null_to_cold_process
1697078952.151,2023-10-12 02:49:12.151,0,1000.0,0,11.499999999996362,0,34.78296841058072,912046840,null_to_cold_process
1697078952.364,2023-10-12 02:49:12.364,0,1000.0,0,11.499999999996362,0,34.78296841058072,912227261,null_to_cold_process
1697078952.578,2023-10-12 02:49:12.578,0,1000.0,0,11.499999999996362,0,34.78296841058072,912407735,null_to_cold_process
1697078952.799,2023-10-12 02:49:12.799,0,1000.0,0,11.499999999996362,0,34.78296841058072,913315089,null_to_cold_process
1697078953.016,2023-10-12 02:49:13.016,0,1000.0,0,11.499999999996362,0,34.78296841058072,913456242,null_to_cold_process
1697078953.24,2023-10-12 02:49:13.240,0,1000.0,0,12.799999999997453,0,34.89909930452628,913589125,null_to_cold_process
1697078953.456,2023-10-12 02:49:13.456,0,1000.0,0,12.799999999997453,0,34.89909930452628,913720487,null_to_cold_process
1697078953.673,2023-10-12 02:49:13.673,0,1000.0,0,12.799999999997453,0,34.89909930452628,913859490,null_to_cold_process
1697078953.893,2023-10-12 02:49:13.893,0,1000.0,0,12.799999999997453,0,34.89909930452628,913997658,null_to_cold_process
1697078954.111,2023-10-12 02:49:14.111,0,1000.0,0,12.799999999997453,0,34.89909930452628,914146419,null_to_cold_process
1697078954.326,2023-10-12 02:49:14.326,0,1000.0,0,12.799999999997453,0,34.89909930452628,914303417,null_to_cold_process
1697078954.545,2023-10-12 02:49:14.545,0,1000.0,0,12.799999999997453,0,34.89909930452628,914479954,null_to_cold_process
1697078954.762,2023-10-12 02:49:14.762,0,1000.0,0,12.799999999997453,0,34.89909930452628,914654477,null_to_cold_process
1697078954.977,2023-10-12 02:49:14.977,0,1000.0,0,12.799999999997453,0,34.89909930452628,914842776,null_to_cold_process
1697078955.198,2023-10-12 02:49:15.198,0,1000.0,0,12.799999999997453,0,34.89909930452628,915037602,null_to_cold_process
1697078955.414,2023-10-12 02:49:15.414,0,1000.0,0,12.799999999997453,0,34.89909930452628,915220070,null_to_cold_process
1697078955.628,2023-10-12 02:49:15.628,0,1000.0,0,12.799999999997453,0,34.89909930452628,915386497,null_to_cold_process
1697078955.843,2023-10-12 02:49:15.843,0,1000.0,0,12.799999999997453,0,34.89909930452628,915556514,null_to_cold_process
1697078956.059,2023-10-12 02:49:16.059,0,1000.0,0,12.799999999997453,0,34.89909930452628,915700113,null_to_cold_process
1697078956.276,2023-10-12 02:49:16.276,0,1000.0,0,12.799999999997453,0,34.89909930452628,915836301,null_to_cold_process
1697078956.491,2023-10-12 02:49:16.491,0,1000.0,0,12.799999999997453,0,34.89909930452628,915989180,null_to_cold_process
1697078956.706,2023-10-12 02:49:16.706,0,1000.0,0,12.799999999997453,0,34.89909930452628,916135925,null_to_cold_process
1697078956.923,2023-10-12 02:49:16.923,0,1000.0,0,12.799999999997453,0,34.89909930452628,916310057,null_to_cold_process
1697078957.139,2023-10-12 02:49:17.139,0,1000.0,0,12.799999999997453,0,34.89909930452628,916488949,null_to_cold_process
1697078957.358,2023-10-12 02:49:17.358,0,1000.0,0,12.799999999997453,0,34.89909930452628,916640930,null_to_cold_process
1697078957.577,2023-10-12 02:49:17.577,0,1000.0,0,12.799999999997453,0,34.89909930452628,916814418,null_to_cold_process
1697078957.793,2023-10-12 02:49:17.793,0,1000.0,0,12.799999999997453,0,34.89909930452628,916966503,null_to_cold_process
1697078958.006,2023-10-12 02:49:18.006,0,1000.0,0,12.799999999997453,0,34.89909930452628,917220250,null_to_cold_process
1697078958.219,2023-10-12 02:49:18.219,0,1000.0,0,11.499999999996362,0,34.8370484793512,917377624,null_to_cold_process
1697078958.435,2023-10-12 02:49:18.435,0,1000.0,0,11.499999999996362,0,34.8370484793512,917544006,null_to_cold_process
1697078958.651,2023-10-12 02:49:18.651,0,1000.0,0,11.499999999996362,0,34.8370484793512,917652924,null_to_cold_process
1697078958.874,2023-10-12 02:49:18.874,0,1000.0,0,11.499999999996362,0,34.8370484793512,917791501,null_to_cold_process
1697078959.093,2023-10-12 02:49:19.093,0,1000.0,0,11.499999999996362,0,34.8370484793512,917945868,null_to_cold_process
1697078959.309,2023-10-12 02:49:19.309,0,1000.0,0,11.499999999996362,0,34.8370484793512,918099785,null_to_cold_process
1697078959.526,2023-10-12 02:49:19.526,0,1000.0,0,11.499999999996362,0,34.8370484793512,918253075,null_to_cold_process
1697078959.743,2023-10-12 02:49:19.743,0,1000.0,0,11.499999999996362,0,34.8370484793512,918414966,null_to_cold_process
1697078959.961,2023-10-12 02:49:19.961,0,1000.0,0,11.499999999996362,0,34.8370484793512,918614907,null_to_cold_process
1697078960.178,2023-10-12 02:49:20.178,0,1000.0,0,11.499999999996362,0,34.8370484793512,918742855,null_to_cold_process
1697078960.395,2023-10-12 02:49:20.395,0,1000.0,0,11.499999999996362,0,34.8370484793512,918895521,null_to_cold_process
1697078960.617,2023-10-12 02:49:20.617,0,1000.0,0,11.499999999996362,0,34.8370484793512,919025139,null_to_cold_process
1697078960.839,2023-10-12 02:49:20.839,0,1000.0,0,11.499999999996362,0,34.8370484793512,919180814,null_to_cold_process
1697078961.054,2023-10-12 02:49:21.054,0,1000.0,0,11.499999999996362,0,34.8370484793512,919345212,null_to_cold_process
1697078961.271,2023-10-12 02:49:21.271,0,1000.0,0,11.499999999996362,0,34.8370484793512,919642615,null_to_cold_process
1697078961.488,2023-10-12 02:49:21.488,0,1000.0,0,11.499999999996362,0,34.8370484793512,919830489,null_to_cold_process
1697078961.702,2023-10-12 02:49:21.702,0,1000.0,0,11.499999999996362,0,34.8370484793512,919990879,null_to_cold_process
1697078961.917,2023-10-12 02:49:21.917,0,1000.0,0,11.499999999996362,0,34.8370484793512,920161013,null_to_cold_process
1697078962.133,2023-10-12 02:49:22.133,0,1000.0,0,11.499999999996362,0,34.8370484793512,920287132,null_to_cold_process
1697078962.348,2023-10-12 02:49:22.348,0,1000.0,0,11.499999999996362,0,34.8370484793512,920466039,null_to_cold_process
1697078962.566,2023-10-12 02:49:22.566,0,1000.0,0,11.499999999996362,0,34.8370484793512,920640623,null_to_cold_process
1697078962.787,2023-10-12 02:49:22.787,0,1000.0,0,11.499999999996362,0,34.8370484793512,920790441,null_to_cold_process
1697078963.007,2023-10-12 02:49:23.007,0,1000.0,0,11.499999999996362,0,34.8370484793512,920930453,null_to_cold_process
1697078963.231,2023-10-12 02:49:23.231,0,1000.0,0,12.799999999997453,0,35.17282920485147,921093675,null_to_cold_process
1697078963.449,2023-10-12 02:49:23.449,0,1000.0,0,12.799999999997453,0,35.17282920485147,921220430,null_to_cold_process
1697078963.666,2023-10-12 02:49:23.666,0,1000.0,0,12.799999999997453,0,35.17282920485147,921359572,null_to_cold_process
1697078963.887,2023-10-12 02:49:23.887,0,1000.0,0,12.799999999997453,0,35.17282920485147,921490753,null_to_cold_process
1697078964.103,2023-10-12 02:49:24.103,0,1000.0,0,12.799999999997453,0,35.17282920485147,921649094,null_to_cold_process
1697078964.318,2023-10-12 02:49:24.318,0,1000.0,0,12.799999999997453,0,35.17282920485147,921820567,null_to_cold_process
1697078964.534,2023-10-12 02:49:24.534,0,1000.0,0,12.799999999997453,0,35.17282920485147,922010367,null_to_cold_process
1697078964.754,2023-10-12 02:49:24.754,0,1000.0,0,12.799999999997453,0,35.17282920485147,922162226,null_to_cold_process
1697078964.973,2023-10-12 02:49:24.973,0,1000.0,0,12.799999999997453,0,35.17282920485147,922310261,null_to_cold_process
1697078965.19,2023-10-12 02:49:25.190,0,1000.0,0,12.799999999997453,0,35.17282920485147,922522861,null_to_cold_process
1697078965.404,2023-10-12 02:49:25.404,0,1000.0,0,12.799999999997453,0,35.17282920485147,922683475,null_to_cold_process
1697078965.623,2023-10-12 02:49:25.623,0,1000.0,0,12.799999999997453,0,35.17282920485147,922835481,null_to_cold_process
1697078965.839,2023-10-12 02:49:25.839,0,1000.0,0,12.799999999997453,0,35.17282920485147,923001405,null_to_cold_process
1697078966.058,2023-10-12 02:49:26.058,0,1000.0,0,12.799999999997453,0,35.17282920485147,923130131,null_to_cold_process
1697078966.276,2023-10-12 02:49:26.276,0,1000.0,0,12.799999999997453,0,35.17282920485147,923284826,null_to_cold_process
1697078966.491,2023-10-12 02:49:26.491,0,1000.0,0,12.799999999997453,0,35.17282920485147,923444485,null_to_cold_process
1697078966.709,2023-10-12 02:49:26.709,0,1000.0,0,12.799999999997453,0,35.17282920485147,923579617,null_to_cold_process
1697078966.927,2023-10-12 02:49:26.927,0,1000.0,0,12.799999999997453,0,35.17282920485147,923732667,null_to_cold_process
1697078967.141,2023-10-12 02:49:27.141,0,1000.0,0,12.799999999997453,0,35.17282920485147,923908018,null_to_cold_process
1697078967.361,2023-10-12 02:49:27.361,0,1000.0,0,12.799999999997453,0,35.17282920485147,924071730,null_to_cold_process
1697078967.575,2023-10-12 02:49:27.575,0,1000.0,0,12.799999999997453,0,35.17282920485147,924234620,null_to_cold_process
1697078967.791,2023-10-12 02:49:27.791,0,1000.0,0,12.799999999997453,0,35.17282920485147,924382622,null_to_cold_process
1697078968.009,2023-10-12 02:49:28.009,0,1000.0,0,12.799999999997453,0,35.17282920485147,924617364,null_to_cold_process
1697078968.224,2023-10-12 02:49:28.224,0,1000.0,0,12.000000000007276,0,34.85087118349589,924769178,null_to_cold_process
1697078968.439,2023-10-12 02:49:28.439,0,1000.0,0,12.000000000007276,0,34.85087118349589,924945225,null_to_cold_process
1697078968.667,2023-10-12 02:49:28.667,0,1000.0,0,12.000000000007276,0,34.85087118349589,925050702,null_to_cold_process
1697078968.885,2023-10-12 02:49:28.885,0,1000.0,0,12.000000000007276,0,34.85087118349589,925193240,null_to_cold_process
1697078969.102,2023-10-12 02:49:29.102,0,1000.0,0,12.000000000007276,0,34.85087118349589,925375944,null_to_cold_process
1697078969.317,2023-10-12 02:49:29.317,0,1000.0,0,12.000000000007276,0,34.85087118349589,925549810,null_to_cold_process
1697078969.533,2023-10-12 02:49:29.533,0,1000.0,0,12.000000000007276,0,34.85087118349589,925725624,null_to_cold_process
1697078969.748,2023-10-12 02:49:29.748,0,1000.0,0,12.000000000007276,0,34.85087118349589,925885979,null_to_cold_process
1697078969.967,2023-10-12 02:49:29.967,0,1000.0,0,12.000000000007276,0,34.85087118349589,926079480,null_to_cold_process
1697078970.186,2023-10-12 02:49:30.186,0,1000.0,0,12.000000000007276,0,34.85087118349589,926230698,null_to_cold_process
1697078970.404,2023-10-12 02:49:30.404,0,1000.0,0,12.000000000007276,0,34.85087118349589,926412051,null_to_cold_process
1697078970.623,2023-10-12 02:49:30.623,0,1000.0,0,12.000000000007276,0,34.85087118349589,926546456,null_to_cold_process
1697078970.844,2023-10-12 02:49:30.844,0,1000.0,0,12.000000000007276,0,34.85087118349589,926695961,null_to_cold_process
1697078971.064,2023-10-12 02:49:31.064,0,1000.0,0,12.000000000007276,0,34.85087118349589,926846822,null_to_cold_process
