0.080014,0.108291,0.0,0.108769,0.0,0.131224,0.131472,warm_cpu_to_active_process,NONE
0.07911,0.08956,0.0,0.089889,0.0,0.110515,0.110706,warm_cpu_to_active_process,NONE
0.086187,0.103307,0.0,0.103616,0.0,0.123893,0.124107,warm_cpu_to_active_process,NONE
0.091828,0.111356,0.0,0.111742,0.0,0.128379,0.128576,warm_cpu_to_active_process,NONE
0.078471,0.0925,0.0,0.092828,0.0,0.107795,0.107987,warm_cpu_to_active_process,NONE
0.071732,0.089126,0.0,0.089445,0.0,0.111531,0.111737,warm_cpu_to_active_process,NONE
0.072096,0.088837,0.0,0.089185,0.0,0.100629,0.100806,warm_cpu_to_active_process,NONE
0.086599,0.102439,0.0,0.10274,0.0,0.119639,0.119841,warm_cpu_to_active_process,NONE
0.078228,0.094997,0.0,0.095363,0.0,0.107823,0.108023,warm_cpu_to_active_process,NONE
0.07964,0.092024,0.0,0.092318,0.0,0.112988,0.11327,warm_cpu_to_active_process,NONE
0.09064,0.109342,0.0,0.109551,0.0,0.123086,0.123262,warm_cpu_to_active_process,NONE
0.072486,0.09401,0.0,0.094337,0.0,0.109325,0.109503,warm_cpu_to_active_process,NONE
0.067324,0.085094,0.0,0.085425,0.0,0.108052,0.108242,warm_cpu_to_active_process,NONE
0.094676,0.11016,0.0,0.110415,0.0,0.130068,0.130246,warm_cpu_to_active_process,NONE
0.080129,0.097042,0.0,0.097373,0.0,0.108553,0.108727,warm_cpu_to_active_process,NONE
0.078462,0.095771,0.0,0.096104,0.0,0.110302,0.110855,warm_cpu_to_active_process,NONE
0.081661,0.093095,0.0,0.093364,0.0,0.114384,0.114605,warm_cpu_to_active_process,NONE
0.07607,0.095931,0.0,0.096236,0.0,0.117446,0.117625,warm_cpu_to_active_process,NONE
0.073829,0.086176,0.0,0.08648,0.0,0.110632,0.110818,warm_cpu_to_active_process,NONE
0.087323,0.103711,0.0,0.104088,0.0,0.117678,0.117846,warm_cpu_to_active_process,NONE
0.075626,0.094177,0.0,0.09452,0.0,0.11811,0.118324,warm_cpu_to_active_process,NONE
0.071503,0.086969,0.0,0.087216,0.0,0.09813,0.098295,warm_cpu_to_active_process,NONE
0.085854,0.09074,0.0,0.091072,0.0,0.108771,0.108964,warm_cpu_to_active_process,NONE
0.077872,0.093244,0.0,0.093532,0.0,0.117115,0.117298,warm_cpu_to_active_process,NONE
0.076468,0.088134,0.0,0.088506,0.0,0.104287,0.104479,warm_cpu_to_active_process,NONE
0.087113,0.104427,0.0,0.104744,0.0,0.129157,0.129616,warm_cpu_to_active_process,NONE
0.078501,0.087053,0.0,0.087326,0.0,0.099324,0.099504,warm_cpu_to_active_process,NONE
0.072564,0.091364,0.0,0.0916,0.0,0.110424,0.110573,warm_cpu_to_active_process,NONE
0.076605,0.097708,0.0,0.098099,0.0,0.12214,0.122325,warm_cpu_to_active_process,NONE
0.082823,0.101812,0.0,0.102123,0.0,0.121815,0.122019,warm_cpu_to_active_process,NONE
0.087187,0.108904,0.0,0.10919,0.0,0.126525,0.126709,warm_cpu_to_active_process,NONE
0.077302,0.089122,0.0,0.089386,0.0,0.10356,0.103739,warm_cpu_to_active_process,NONE
0.085326,0.099744,0.0,0.100059,0.0,0.122388,0.12257,warm_cpu_to_active_process,NONE
0.085534,0.103782,0.0,0.104142,0.0,0.120489,0.120649,warm_cpu_to_active_process,NONE
0.06862,0.086057,0.0,0.086349,0.0,0.106183,0.106339,warm_cpu_to_active_process,NONE
0.074768,0.092718,0.0,0.093076,0.0,0.112927,0.113159,warm_cpu_to_active_process,NONE
0.073825,0.086986,0.0,0.087275,0.0,0.107471,0.107662,warm_cpu_to_active_process,NONE
0.067599,0.086199,0.0,0.086523,0.0,0.105169,0.105359,warm_cpu_to_active_process,NONE
0.077209,0.094345,0.0,0.094657,0.0,0.114829,0.115032,warm_cpu_to_active_process,NONE
0.079108,0.096239,0.0,0.096485,0.0,0.116225,0.116426,warm_cpu_to_active_process,NONE
0.073293,0.093539,0.0,0.093855,0.0,0.114746,0.11495,warm_cpu_to_active_process,NONE
0.059345,0.078407,0.0,0.078743,0.0,0.093778,0.093978,warm_cpu_to_active_process,NONE
0.072256,0.083476,0.0,0.083837,0.0,0.101548,0.101759,warm_cpu_to_active_process,NONE
0.070591,0.092746,0.0,0.093065,0.0,0.113024,0.113235,warm_cpu_to_active_process,NONE
0.073807,0.094983,0.0,0.095367,0.0,0.110497,0.110648,warm_cpu_to_active_process,NONE
0.076754,0.090335,0.0,0.09065,0.0,0.101947,0.102127,warm_cpu_to_active_process,NONE
0.078106,0.09737,0.0,0.097784,0.0,0.113795,0.114002,warm_cpu_to_active_process,NONE
0.07564,0.094852,0.0,0.095073,0.0,0.112779,0.112947,warm_cpu_to_active_process,NONE
0.08393,0.104286,0.0,0.10456,0.0,0.125391,0.125543,warm_cpu_to_active_process,NONE
0.079234,0.09038,0.0,0.090737,0.0,0.097872,0.098048,warm_cpu_to_active_process,NONE
0.070895,0.084269,0.0,0.084606,0.0,0.106792,0.107112,warm_cpu_to_active_process,NONE
0.079604,0.0984,0.0,0.098691,0.0,0.119088,0.11928,warm_cpu_to_active_process,NONE
0.076228,0.087282,0.0,0.08758,0.0,0.109353,0.109551,warm_cpu_to_active_process,NONE
0.066027,0.078926,0.0,0.079305,0.0,0.096936,0.097149,warm_cpu_to_active_process,NONE
0.084051,0.095343,0.0,0.095636,0.0,0.113391,0.11358,warm_cpu_to_active_process,NONE
0.074185,0.086179,0.0,0.086468,0.0,0.105285,0.105478,warm_cpu_to_active_process,NONE
0.066115,0.082837,0.0,0.083097,0.0,0.100967,0.101178,warm_cpu_to_active_process,NONE
0.072255,0.093802,0.0,0.094121,0.0,0.112142,0.112327,warm_cpu_to_active_process,NONE
0.079327,0.092869,0.0,0.093177,0.0,0.114527,0.11472,warm_cpu_to_active_process,NONE
0.067422,0.086344,0.0,0.086663,0.0,0.106622,0.106826,warm_cpu_to_active_process,NONE
0.084172,0.097932,0.0,0.098225,0.0,0.11498,0.115171,warm_cpu_to_active_process,NONE
0.086216,0.112949,0.0,0.113348,0.0,0.135096,0.135281,warm_cpu_to_active_process,NONE
0.070819,0.083762,0.0,0.084063,0.0,0.105211,0.105389,warm_cpu_to_active_process,NONE
0.08313,0.108912,0.0,0.109131,0.0,0.12841,0.128575,warm_cpu_to_active_process,NONE
0.082004,0.092363,0.0,0.092679,0.0,0.104813,0.10499,warm_cpu_to_active_process,NONE
0.078221,0.097401,0.0,0.097712,0.0,0.117915,0.118111,warm_cpu_to_active_process,NONE
0.077084,0.096876,0.0,0.097257,0.0,0.111866,0.11205,warm_cpu_to_active_process,NONE
0.070466,0.086726,0.0,0.087031,0.0,0.10499,0.105165,warm_cpu_to_active_process,NONE
0.082228,0.103602,0.0,0.103977,0.0,0.118258,0.118448,warm_cpu_to_active_process,NONE
0.071073,0.089305,0.0,0.089658,0.0,0.110279,0.110471,warm_cpu_to_active_process,NONE
0.074876,0.088005,0.0,0.088369,0.0,0.105315,0.105505,warm_cpu_to_active_process,NONE
0.077951,0.091241,0.0,0.09161,0.0,0.106104,0.106262,warm_cpu_to_active_process,NONE
0.086958,0.104435,0.0,0.104749,0.0,0.129297,0.129472,warm_cpu_to_active_process,NONE
0.077096,0.093315,0.0,0.093543,0.0,0.107852,0.108034,warm_cpu_to_active_process,NONE
0.075482,0.094057,0.0,0.094397,0.0,0.10956,0.109739,warm_cpu_to_active_process,NONE
0.08424,0.099303,0.0,0.099581,0.0,0.121477,0.121624,warm_cpu_to_active_process,NONE
0.08058,0.108121,0.0,0.108355,0.0,0.12971,0.129928,warm_cpu_to_active_process,NONE
0.082331,0.104446,0.0,0.10476,0.0,0.125305,0.125485,warm_cpu_to_active_process,NONE
0.073501,0.087128,0.0,0.087453,0.0,0.103949,0.104186,warm_cpu_to_active_process,NONE
0.082791,0.097428,0.0,0.097692,0.0,0.120335,0.120543,warm_cpu_to_active_process,NONE
0.077677,0.093126,0.0,0.093442,0.0,0.107571,0.107766,warm_cpu_to_active_process,NONE
0.070523,0.083303,0.0,0.083603,0.0,0.099182,0.099383,warm_cpu_to_active_process,NONE
0.081579,0.095581,0.0,0.095848,0.0,0.11318,0.113377,warm_cpu_to_active_process,NONE
0.083308,0.101295,0.0,0.101623,0.0,0.117916,0.118168,warm_cpu_to_active_process,NONE
0.077556,0.090262,0.0,0.090564,0.0,0.109741,0.109906,warm_cpu_to_active_process,NONE
0.086308,0.107632,0.0,0.108073,0.0,0.125803,0.125975,warm_cpu_to_active_process,NONE
0.09335,0.108828,0.0,0.109107,0.0,0.130392,0.130576,warm_cpu_to_active_process,NONE
0.082558,0.101502,0.0,0.101815,0.0,0.118214,0.11841,warm_cpu_to_active_process,NONE
0.071488,0.085292,0.0,0.085531,0.0,0.104892,0.105047,warm_cpu_to_active_process,NONE
0.077808,0.094061,0.0,0.094364,0.0,0.113701,0.113878,warm_cpu_to_active_process,NONE
0.081882,0.101223,0.0,0.101579,0.0,0.117618,0.117794,warm_cpu_to_active_process,NONE
0.078978,0.098502,0.0,0.098814,0.0,0.113316,0.113504,warm_cpu_to_active_process,NONE
0.078881,0.0974,0.0,0.097772,0.0,0.107455,0.10764,warm_cpu_to_active_process,NONE
0.077906,0.098073,0.0,0.098429,0.0,0.110326,0.110513,warm_cpu_to_active_process,NONE
0.078941,0.095526,0.0,0.095846,0.0,0.111951,0.112147,warm_cpu_to_active_process,NONE
0.084177,0.10015,0.0,0.10043,0.0,0.120898,0.121112,warm_cpu_to_active_process,NONE
0.076489,0.09106,0.0,0.091309,0.0,0.106397,0.106567,warm_cpu_to_active_process,NONE
0.061512,0.077362,0.0,0.077693,0.0,0.095495,0.095688,warm_cpu_to_active_process,NONE
0.071935,0.094088,0.0,0.094515,0.0,0.117267,0.117458,warm_cpu_to_active_process,NONE
0.087146,0.098626,0.0,0.098935,0.0,0.114213,0.114389,warm_cpu_to_active_process,NONE
0.077717,0.093885,0.0,0.09427,0.0,0.094295,0.179072,respond_time_warm_cpu,360P
0.081165,0.10153,0.0,0.10196,0.0,0.101989,0.195303,respond_time_warm_cpu,360P
0.086906,0.112701,0.0,0.113133,0.0,0.113161,0.204652,respond_time_warm_cpu,360P
0.076704,0.098382,0.0,0.098769,0.0,0.098793,0.188264,respond_time_warm_cpu,360P
0.076747,0.09097,0.0,0.091506,0.0,0.091533,0.180723,respond_time_warm_cpu,360P
0.08542,0.092887,0.0,0.093239,0.0,0.093263,0.186226,respond_time_warm_cpu,360P
0.076703,0.090356,0.0,0.090713,0.0,0.090735,0.187603,respond_time_warm_cpu,360P
0.083338,0.088693,0.0,0.089036,0.0,0.089059,0.192261,respond_time_warm_cpu,360P
0.079901,0.092982,0.0,0.093362,0.0,0.093388,0.187182,respond_time_warm_cpu,360P
0.072904,0.092201,0.0,0.092545,0.0,0.092566,0.192165,respond_time_warm_cpu,360P
0.086177,0.10642,0.0,0.10686,0.0,0.106889,0.201517,respond_time_warm_cpu,360P
0.070367,0.085113,0.0,0.085441,0.0,0.085461,0.188046,respond_time_warm_cpu,360P
0.073708,0.096194,0.0,0.096623,0.0,0.096652,0.203684,respond_time_warm_cpu,360P
0.084287,0.097852,0.0,0.098235,0.0,0.09826,0.21727,respond_time_warm_cpu,360P
0.080937,0.093057,0.0,0.093456,0.0,0.093482,0.225018,respond_time_warm_cpu,360P
0.085393,0.100604,0.0,0.100987,0.0,0.101013,0.212983,respond_time_warm_cpu,360P
0.073894,0.088124,0.0,0.088562,0.0,0.088587,0.211245,respond_time_warm_cpu,360P
0.07022,0.084782,0.0,0.085163,0.0,0.085189,0.2045,respond_time_warm_cpu,360P
0.088657,0.107389,0.0,0.10777,0.0,0.107795,0.227431,respond_time_warm_cpu,360P
0.077784,0.088897,0.0,0.089398,0.0,0.089425,0.207018,respond_time_warm_cpu,360P
0.079481,0.095057,0.0,0.095494,0.0,0.095525,0.215307,respond_time_warm_cpu,360P
0.080303,0.09748,0.0,0.0979,0.0,0.097921,0.229888,respond_time_warm_cpu,360P
0.064851,0.076059,0.0,0.076451,0.0,0.076476,0.198685,respond_time_warm_cpu,360P
0.077502,0.08893,0.0,0.089307,0.0,0.089332,0.217259,respond_time_warm_cpu,360P
0.078187,0.098403,0.0,0.09878,0.0,0.098806,0.221092,respond_time_warm_cpu,360P
0.080567,0.099301,0.0,0.099677,0.0,0.099703,0.212826,respond_time_warm_cpu,360P
0.079091,0.099301,0.0,0.099574,0.0,0.09959,0.219152,respond_time_warm_cpu,360P
0.06931,0.0874,0.0,0.08779,0.0,0.087816,0.216727,respond_time_warm_cpu,360P
0.068266,0.082508,0.0,0.082797,0.0,0.082816,0.247861,respond_time_warm_cpu,360P
0.082127,0.094648,0.0,0.095111,0.0,0.095138,0.219048,respond_time_warm_cpu,360P
0.07726,0.094655,0.0,0.095038,0.0,0.095064,0.21975,respond_time_warm_cpu,360P
0.077388,0.092769,0.0,0.093151,0.0,0.093177,0.209139,respond_time_warm_cpu,360P
0.063492,0.088362,0.0,0.088824,0.0,0.088854,0.210929,respond_time_warm_cpu,360P
0.080227,0.107955,0.0,0.108254,0.0,0.108273,0.2308,respond_time_warm_cpu,360P
0.070115,0.088156,0.0,0.088548,0.0,0.088574,0.205289,respond_time_warm_cpu,360P
0.077746,0.091839,0.0,0.092221,0.0,0.092247,0.209301,respond_time_warm_cpu,360P
0.077183,0.102357,0.0,0.102766,0.0,0.102792,0.229674,respond_time_warm_cpu,360P
0.065369,0.086615,0.0,0.087114,0.0,0.087144,0.211618,respond_time_warm_cpu,360P
0.08064,0.097376,0.0,0.097662,0.0,0.09768,0.217735,respond_time_warm_cpu,360P
0.071724,0.090806,0.0,0.091214,0.0,0.091243,0.211893,respond_time_warm_cpu,360P
0.079317,0.10026,0.0,0.100686,0.0,0.100717,0.220646,respond_time_warm_cpu,360P
0.083867,0.094179,0.0,0.094517,0.0,0.09454,0.217981,respond_time_warm_cpu,360P
0.078013,0.094247,0.0,0.094626,0.0,0.094651,0.212924,respond_time_warm_cpu,360P
0.077465,0.089824,0.0,0.090199,0.0,0.090225,0.24443,respond_time_warm_cpu,360P
0.078366,0.10234,0.0,0.102781,0.0,0.102811,0.230407,respond_time_warm_cpu,360P
0.081034,0.097878,0.0,0.098262,0.0,0.098289,0.221025,respond_time_warm_cpu,360P
0.085214,0.107205,0.0,0.107494,0.0,0.107513,0.231452,respond_time_warm_cpu,360P
0.077385,0.087859,0.0,0.088219,0.0,0.088238,0.214017,respond_time_warm_cpu,360P
0.084905,0.103178,0.0,0.103577,0.0,0.103603,0.219511,respond_time_warm_cpu,360P
0.068717,0.085292,0.0,0.085699,0.0,0.085725,0.20158,respond_time_warm_cpu,360P
0.085881,0.103813,0.0,0.104206,0.0,0.104232,0.225527,respond_time_warm_cpu,360P
0.068108,0.081392,0.0,0.081772,0.0,0.081798,0.204876,respond_time_warm_cpu,360P
0.077563,0.090949,0.0,0.09133,0.0,0.091356,0.208625,respond_time_warm_cpu,360P
0.082102,0.100424,0.0,0.100814,0.0,0.10084,0.222977,respond_time_warm_cpu,360P
0.077221,0.094821,0.0,0.095252,0.0,0.095281,0.224193,respond_time_warm_cpu,360P
0.084667,0.107107,0.0,0.107769,0.0,0.107811,0.2363,respond_time_warm_cpu,360P
0.076229,0.102186,0.0,0.102645,0.0,0.102675,0.246596,respond_time_warm_cpu,360P
0.080133,0.089066,0.0,0.089461,0.0,0.089487,0.212478,respond_time_warm_cpu,360P
0.082753,0.095531,0.0,0.095817,0.0,0.095835,0.214154,respond_time_warm_cpu,360P
0.073305,0.091623,0.0,0.092008,0.0,0.092034,0.2114,respond_time_warm_cpu,360P
0.074351,0.085924,0.0,0.086304,0.0,0.086329,0.209699,respond_time_warm_cpu,360P
0.063098,0.074321,0.0,0.074695,0.0,0.074718,0.202122,respond_time_warm_cpu,360P
0.074875,0.096064,0.0,0.096518,0.0,0.096549,0.224183,respond_time_warm_cpu,360P
0.080238,0.096242,0.0,0.0966,0.0,0.096622,0.213354,respond_time_warm_cpu,360P
0.077501,0.090678,0.0,0.091028,0.0,0.09105,0.207288,respond_time_warm_cpu,360P
0.078984,0.09754,0.0,0.097951,0.0,0.097973,0.217073,respond_time_warm_cpu,360P
0.077596,0.102671,0.0,0.10311,0.0,0.10314,0.220487,respond_time_warm_cpu,360P
0.080732,0.103238,0.0,0.103622,0.0,0.103648,0.221228,respond_time_warm_cpu,360P
0.075593,0.092321,0.0,0.092708,0.0,0.092734,0.215814,respond_time_warm_cpu,360P
0.081465,0.102479,0.0,0.102873,0.0,0.1029,0.227975,respond_time_warm_cpu,360P
0.087438,0.110014,0.0,0.110447,0.0,0.110488,0.234738,respond_time_warm_cpu,360P
0.079855,0.101688,0.0,0.102088,0.0,0.102115,0.233834,respond_time_warm_cpu,360P
0.084439,0.104242,0.0,0.104641,0.0,0.104667,0.228399,respond_time_warm_cpu,360P
0.074853,0.092152,0.0,0.092546,0.0,0.092573,0.21752,respond_time_warm_cpu,360P
0.075865,0.085147,0.0,0.08559,0.0,0.085616,0.211315,respond_time_warm_cpu,360P
0.080503,0.097931,0.0,0.09837,0.0,0.0984,0.216024,respond_time_warm_cpu,360P
0.080242,0.098563,0.0,0.098966,0.0,0.098993,0.228591,respond_time_warm_cpu,360P
0.091915,0.111691,0.0,0.112063,0.0,0.11209,0.241587,respond_time_warm_cpu,360P
0.090369,0.107662,0.0,0.107987,0.0,0.108007,0.231602,respond_time_warm_cpu,360P
0.082193,0.097584,0.0,0.097971,0.0,0.097996,0.213039,respond_time_warm_cpu,360P
0.083934,0.10332,0.0,0.103762,0.0,0.103792,0.240091,respond_time_warm_cpu,360P
0.074209,0.095832,0.0,0.096315,0.0,0.096346,0.220801,respond_time_warm_cpu,360P
0.069572,0.09084,0.0,0.09127,0.0,0.0913,0.215251,respond_time_warm_cpu,360P
0.081834,0.097364,0.0,0.097746,0.0,0.097772,0.221763,respond_time_warm_cpu,360P
0.091617,0.113578,0.0,0.113979,0.0,0.114005,0.239389,respond_time_warm_cpu,360P
0.079254,0.106106,0.0,0.106556,0.0,0.106586,0.222723,respond_time_warm_cpu,360P
0.08231,0.098521,0.0,0.098927,0.0,0.09895,0.226457,respond_time_warm_cpu,360P
0.06496,0.073308,0.0,0.073834,0.0,0.073862,0.188894,respond_time_warm_cpu,360P
0.086534,0.102025,0.0,0.102421,0.0,0.102448,0.224714,respond_time_warm_cpu,360P
0.069677,0.092617,0.0,0.093,0.0,0.093026,0.217494,respond_time_warm_cpu,360P
0.06356,0.077646,0.0,0.077957,0.0,0.077973,0.192181,respond_time_warm_cpu,360P
0.072448,0.089249,0.0,0.089623,0.0,0.089648,0.216007,respond_time_warm_cpu,360P
0.079971,0.100831,0.0,0.101285,0.0,0.101312,0.228497,respond_time_warm_cpu,360P
0.076718,0.089334,0.0,0.089722,0.0,0.089748,0.206887,respond_time_warm_cpu,360P
0.067404,0.079608,0.0,0.080064,0.0,0.080092,0.19739,respond_time_warm_cpu,360P
0.082724,0.097797,0.0,0.098171,0.0,0.098195,0.219018,respond_time_warm_cpu,360P
0.072053,0.089344,0.0,0.089846,0.0,0.089873,0.21209,respond_time_warm_cpu,360P
0.081436,0.099118,0.0,0.099623,0.0,0.099649,0.217766,respond_time_warm_cpu,360P
0.076487,0.096971,0.0,0.09735,0.0,0.097376,0.212023,respond_time_warm_cpu,360P
0.073902,0.085524,0.0,0.086041,0.0,0.086069,0.263528,respond_time_warm_cpu,480P
0.081415,0.100992,0.0,0.101386,0.0,0.101413,0.262533,respond_time_warm_cpu,480P
0.066022,0.086452,0.0,0.086884,0.0,0.086907,0.247529,respond_time_warm_cpu,480P
0.073802,0.091584,0.0,0.092012,0.0,0.092038,0.252015,respond_time_warm_cpu,480P
0.097495,0.119392,0.0,0.119921,0.0,0.119947,0.285617,respond_time_warm_cpu,480P
0.073611,0.091945,0.0,0.092337,0.0,0.092363,0.262616,respond_time_warm_cpu,480P
0.073137,0.088771,0.0,0.089104,0.0,0.089126,0.246903,respond_time_warm_cpu,480P
0.068986,0.092384,0.0,0.092825,0.0,0.092855,0.26056,respond_time_warm_cpu,480P
0.076206,0.093843,0.0,0.094178,0.0,0.094209,0.252072,respond_time_warm_cpu,480P
0.080741,0.098327,0.0,0.09878,0.0,0.098807,0.261681,respond_time_warm_cpu,480P
0.08241,0.100195,0.0,0.10059,0.0,0.100617,0.267311,respond_time_warm_cpu,480P
0.09033,0.108637,0.0,0.10897,0.0,0.10899,0.26899,respond_time_warm_cpu,480P
0.082085,0.096787,0.0,0.09717,0.0,0.097195,0.253583,respond_time_warm_cpu,480P
0.075269,0.093217,0.0,0.093658,0.0,0.093684,0.247771,respond_time_warm_cpu,480P
0.085881,0.108352,0.0,0.108739,0.0,0.108766,0.274786,respond_time_warm_cpu,480P
0.072181,0.088924,0.0,0.089225,0.0,0.089242,0.252213,respond_time_warm_cpu,480P
0.075255,0.087151,0.0,0.087529,0.0,0.087555,0.253999,respond_time_warm_cpu,480P
0.085364,0.10417,0.0,0.104568,0.0,0.104595,0.262064,respond_time_warm_cpu,480P
0.079503,0.095295,0.0,0.095678,0.0,0.095704,0.253741,respond_time_warm_cpu,480P
0.082294,0.097326,0.0,0.097717,0.0,0.097743,0.252473,respond_time_warm_cpu,480P
0.074319,0.091572,0.0,0.091959,0.0,0.091985,0.265145,respond_time_warm_cpu,480P
0.082477,0.100907,0.0,0.101348,0.0,0.10139,0.271781,respond_time_warm_cpu,480P
0.072638,0.086037,0.0,0.086366,0.0,0.086389,0.275447,respond_time_warm_cpu,480P
0.077312,0.09487,0.0,0.095229,0.0,0.095251,0.249702,respond_time_warm_cpu,480P
0.090641,0.111654,0.0,0.112043,0.0,0.112068,0.286111,respond_time_warm_cpu,480P
0.087976,0.109203,0.0,0.109639,0.0,0.109682,0.274763,respond_time_warm_cpu,480P
0.080257,0.095812,0.0,0.096196,0.0,0.096222,0.254847,respond_time_warm_cpu,480P
0.077935,0.09155,0.0,0.091943,0.0,0.091968,0.251483,respond_time_warm_cpu,480P
0.07484,0.083459,0.0,0.083879,0.0,0.083905,0.260663,respond_time_warm_cpu,480P
0.073459,0.093967,0.0,0.094401,0.0,0.09443,0.257502,respond_time_warm_cpu,480P
0.076841,0.099075,0.0,0.099499,0.0,0.099525,0.257029,respond_time_warm_cpu,480P
0.082631,0.098236,0.0,0.098626,0.0,0.098651,0.261105,respond_time_warm_cpu,480P
0.089934,0.106827,0.0,0.107224,0.0,0.10725,0.261829,respond_time_warm_cpu,480P
0.064923,0.075794,0.0,0.076167,0.0,0.076193,0.240208,respond_time_warm_cpu,480P
0.068261,0.094749,0.0,0.095212,0.0,0.095244,0.262407,respond_time_warm_cpu,480P
0.078434,0.092279,0.0,0.092649,0.0,0.092674,0.257774,respond_time_warm_cpu,480P
0.076612,0.093045,0.0,0.093445,0.0,0.093471,0.251668,respond_time_warm_cpu,480P
0.087072,0.102017,0.0,0.102553,0.0,0.102582,0.268492,respond_time_warm_cpu,480P
0.076923,0.094542,0.0,0.094894,0.0,0.094918,0.260411,respond_time_warm_cpu,480P
0.065735,0.077285,0.0,0.077638,0.0,0.077661,0.236138,respond_time_warm_cpu,480P
0.083521,0.102989,0.0,0.103384,0.0,0.10341,0.278607,respond_time_warm_cpu,480P
0.081781,0.093662,0.0,0.094015,0.0,0.094037,0.260786,respond_time_warm_cpu,480P
0.074791,0.089002,0.0,0.089401,0.0,0.089425,0.25767,respond_time_warm_cpu,480P
0.072748,0.092193,0.0,0.092597,0.0,0.092624,0.251815,respond_time_warm_cpu,480P
0.06631,0.080519,0.0,0.0809,0.0,0.080924,0.237422,respond_time_warm_cpu,480P
0.071239,0.089276,0.0,0.089575,0.0,0.089593,0.240517,respond_time_warm_cpu,480P
0.076983,0.097622,0.0,0.097968,0.0,0.097991,0.25475,respond_time_warm_cpu,480P
0.078061,0.10699,0.0,0.107377,0.0,0.107403,0.275201,respond_time_warm_cpu,480P
0.075284,0.093348,0.0,0.093769,0.0,0.093795,0.255206,respond_time_warm_cpu,480P
0.076381,0.092963,0.0,0.09339,0.0,0.093416,0.266371,respond_time_warm_cpu,480P
0.062038,0.081932,0.0,0.082318,0.0,0.082405,0.242785,respond_time_warm_cpu,480P
0.079887,0.098148,0.0,0.098568,0.0,0.098598,0.248903,respond_time_warm_cpu,480P
0.079446,0.097264,0.0,0.097615,0.0,0.09764,0.270453,respond_time_warm_cpu,480P
0.070149,0.087036,0.0,0.087341,0.0,0.087373,0.252776,respond_time_warm_cpu,480P
0.070689,0.085461,0.0,0.085846,0.0,0.085873,0.254122,respond_time_warm_cpu,480P
0.079145,0.092485,0.0,0.092876,0.0,0.092911,0.238319,respond_time_warm_cpu,480P
0.079949,0.096494,0.0,0.096881,0.0,0.096906,0.28884,respond_time_warm_cpu,480P
0.072447,0.090989,0.0,0.091385,0.0,0.091411,0.248616,respond_time_warm_cpu,480P
0.081466,0.106649,0.0,0.107094,0.0,0.107124,0.267059,respond_time_warm_cpu,480P
0.084952,0.104858,0.0,0.10525,0.0,0.105275,0.263243,respond_time_warm_cpu,480P
0.075108,0.098809,0.0,0.099213,0.0,0.099242,0.260566,respond_time_warm_cpu,480P
0.083168,0.102813,0.0,0.103373,0.0,0.103401,0.277743,respond_time_warm_cpu,480P
0.073503,0.090105,0.0,0.090485,0.0,0.090511,0.247993,respond_time_warm_cpu,480P
0.080791,0.104764,0.0,0.105209,0.0,0.10525,0.271501,respond_time_warm_cpu,480P
0.073531,0.088621,0.0,0.089014,0.0,0.089039,0.25559,respond_time_warm_cpu,480P
0.068597,0.083467,0.0,0.08393,0.0,0.083956,0.242539,respond_time_warm_cpu,480P
0.07383,0.09217,0.0,0.092544,0.0,0.092569,0.242071,respond_time_warm_cpu,480P
0.079659,0.092649,0.0,0.092905,0.0,0.092921,0.254092,respond_time_warm_cpu,480P
0.083121,0.102977,0.0,0.103449,0.0,0.103475,0.265827,respond_time_warm_cpu,480P
0.068486,0.093578,0.0,0.094012,0.0,0.094042,0.257344,respond_time_warm_cpu,480P
0.075745,0.091352,0.0,0.091743,0.0,0.091769,0.254012,respond_time_warm_cpu,480P
0.077656,0.087989,0.0,0.088365,0.0,0.088391,0.377143,respond_time_warm_cpu,480P
0.074501,0.094619,0.0,0.095007,0.0,0.095032,0.25366,respond_time_warm_cpu,480P
0.07186,0.086261,0.0,0.086643,0.0,0.086669,0.249822,respond_time_warm_cpu,480P
0.078895,0.100289,0.0,0.100805,0.0,0.100835,0.26294,respond_time_warm_cpu,480P
0.081543,0.100185,0.0,0.10058,0.0,0.100607,0.263509,respond_time_warm_cpu,480P
0.079714,0.095495,0.0,0.095813,0.0,0.095829,0.256706,respond_time_warm_cpu,480P
0.082224,0.098468,0.0,0.098858,0.0,0.098885,0.271848,respond_time_warm_cpu,480P
0.07957,0.098464,0.0,0.098838,0.0,0.098865,0.25573,respond_time_warm_cpu,480P
0.081248,0.099276,0.0,0.099679,0.0,0.099705,0.278658,respond_time_warm_cpu,480P
0.078458,0.095431,0.0,0.09569,0.0,0.095706,0.254838,respond_time_warm_cpu,480P
0.074354,0.089454,0.0,0.089843,0.0,0.089869,0.24685,respond_time_warm_cpu,480P
0.081746,0.097423,0.0,0.097919,0.0,0.097962,0.258464,respond_time_warm_cpu,480P
0.086061,0.106992,0.0,0.107562,0.0,0.107595,0.272483,respond_time_warm_cpu,480P
0.074098,0.093436,0.0,0.093893,0.0,0.093922,0.262617,respond_time_warm_cpu,480P
0.075855,0.092999,0.0,0.093391,0.0,0.093418,0.297183,respond_time_warm_cpu,480P
0.079238,0.090336,0.0,0.090673,0.0,0.090693,0.255903,respond_time_warm_cpu,480P
0.068512,0.083462,0.0,0.083918,0.0,0.083947,0.241296,respond_time_warm_cpu,480P
0.073021,0.090761,0.0,0.091141,0.0,0.091166,0.243022,respond_time_warm_cpu,480P
0.086442,0.107932,0.0,0.108366,0.0,0.108396,0.270081,respond_time_warm_cpu,480P
0.08018,0.0928,0.0,0.093214,0.0,0.09324,0.24866,respond_time_warm_cpu,480P
0.082825,0.10182,0.0,0.102217,0.0,0.102244,0.270998,respond_time_warm_cpu,480P
0.07302,0.082714,0.0,0.08315,0.0,0.08318,0.250777,respond_time_warm_cpu,480P
0.086153,0.104793,0.0,0.105172,0.0,0.105198,0.263101,respond_time_warm_cpu,480P
0.07994,0.094316,0.0,0.094802,0.0,0.094838,0.254513,respond_time_warm_cpu,480P
0.072425,0.094421,0.0,0.094796,0.0,0.094821,0.249885,respond_time_warm_cpu,480P
0.081454,0.103337,0.0,0.103785,0.0,0.103814,0.264986,respond_time_warm_cpu,480P
0.081381,0.107402,0.0,0.108047,0.0,0.108083,0.267059,respond_time_warm_cpu,480P
0.086216,0.114931,0.0,0.115372,0.0,0.115403,0.281802,respond_time_warm_cpu,480P
0.077917,0.092701,0.0,0.093145,0.0,0.093175,0.259233,respond_time_warm_cpu,480P
0.07997,0.098478,0.0,0.098865,0.0,0.09889,0.396214,respond_time_warm_cpu,HD
0.081355,0.093346,0.0,0.093801,0.0,0.093841,0.401212,respond_time_warm_cpu,HD
0.089225,0.101323,0.0,0.101724,0.0,0.101747,0.414598,respond_time_warm_cpu,HD
0.082413,0.092881,0.0,0.09327,0.0,0.093297,0.400088,respond_time_warm_cpu,HD
0.09101,0.109061,0.0,0.109407,0.0,0.109428,0.393062,respond_time_warm_cpu,HD
0.079086,0.099187,0.0,0.099579,0.0,0.099605,0.39756,respond_time_warm_cpu,HD
0.08391,0.105515,0.0,0.105975,0.0,0.106004,0.418982,respond_time_warm_cpu,HD
0.081298,0.099392,0.0,0.099768,0.0,0.099794,0.379874,respond_time_warm_cpu,HD
0.080758,0.101215,0.0,0.101566,0.0,0.101588,0.393413,respond_time_warm_cpu,HD
0.073156,0.089868,0.0,0.090176,0.0,0.090196,0.396135,respond_time_warm_cpu,HD
0.084465,0.094534,0.0,0.094908,0.0,0.094934,0.387916,respond_time_warm_cpu,HD
0.081752,0.100133,0.0,0.100447,0.0,0.100466,0.394123,respond_time_warm_cpu,HD
0.072182,0.083596,0.0,0.083992,0.0,0.084019,0.385967,respond_time_warm_cpu,HD
0.081546,0.093207,0.0,0.093593,0.0,0.093619,0.480166,respond_time_warm_cpu,HD
0.080818,0.094181,0.0,0.094559,0.0,0.094586,0.402688,respond_time_warm_cpu,HD
0.082568,0.099366,0.0,0.099825,0.0,0.099852,0.397419,respond_time_warm_cpu,HD
0.08283,0.104311,0.0,0.104699,0.0,0.104726,0.384828,respond_time_warm_cpu,HD
0.079947,0.099858,0.0,0.100342,0.0,0.100372,0.44989,respond_time_warm_cpu,HD
0.07965,0.09034,0.0,0.090745,0.0,0.090771,0.403422,respond_time_warm_cpu,HD
0.09019,0.109944,0.0,0.110318,0.0,0.110343,0.413459,respond_time_warm_cpu,HD
0.084946,0.103898,0.0,0.1043,0.0,0.104326,0.412455,respond_time_warm_cpu,HD
0.078701,0.10169,0.0,0.10211,0.0,0.10214,0.400326,respond_time_warm_cpu,HD
0.076066,0.090368,0.0,0.090836,0.0,0.090867,0.388745,respond_time_warm_cpu,HD
0.08609,0.104384,0.0,0.104902,0.0,0.104928,0.398036,respond_time_warm_cpu,HD
0.069657,0.086359,0.0,0.086736,0.0,0.086762,0.394605,respond_time_warm_cpu,HD
0.085642,0.111684,0.0,0.112011,0.0,0.112033,0.397928,respond_time_warm_cpu,HD
0.083677,0.105179,0.0,0.105616,0.0,0.105646,0.402268,respond_time_warm_cpu,HD
0.062031,0.076767,0.0,0.077156,0.0,0.077181,0.381452,respond_time_warm_cpu,HD
0.074996,0.091018,0.0,0.091404,0.0,0.091429,0.395737,respond_time_warm_cpu,HD
0.072832,0.087915,0.0,0.088244,0.0,0.088264,0.369787,respond_time_warm_cpu,HD
0.077906,0.093103,0.0,0.093466,0.0,0.093489,0.395721,respond_time_warm_cpu,HD
0.076031,0.093065,0.0,0.093457,0.0,0.093483,0.387786,respond_time_warm_cpu,HD
0.069804,0.090091,0.0,0.090364,0.0,0.090381,0.37859,respond_time_warm_cpu,HD
0.066336,0.085359,0.0,0.085926,0.0,0.085956,0.397055,respond_time_warm_cpu,HD
0.080536,0.093403,0.0,0.093893,0.0,0.093922,0.424094,respond_time_warm_cpu,HD
0.085458,0.10055,0.0,0.100936,0.0,0.100962,0.410013,respond_time_warm_cpu,HD
0.087704,0.096199,0.0,0.096696,0.0,0.096724,0.414032,respond_time_warm_cpu,HD
0.073643,0.082066,0.0,0.0825,0.0,0.08253,0.39811,respond_time_warm_cpu,HD
0.076932,0.105188,0.0,0.105595,0.0,0.105619,0.402027,respond_time_warm_cpu,HD
0.078314,0.089979,0.0,0.090361,0.0,0.090387,0.38694,respond_time_warm_cpu,HD
0.083567,0.098821,0.0,0.099214,0.0,0.099239,0.418427,respond_time_warm_cpu,HD
0.080484,0.099868,0.0,0.100314,0.0,0.10034,0.397603,respond_time_warm_cpu,HD
0.081641,0.092402,0.0,0.092782,0.0,0.092808,0.403202,respond_time_warm_cpu,HD
0.059469,0.081862,0.0,0.082345,0.0,0.082374,0.385326,respond_time_warm_cpu,HD
0.074268,0.100613,0.0,0.101084,0.0,0.101114,0.408701,respond_time_warm_cpu,HD
0.085145,0.100951,0.0,0.101386,0.0,0.101411,0.40363,respond_time_warm_cpu,HD
0.080943,0.093615,0.0,0.093994,0.0,0.09402,0.398728,respond_time_warm_cpu,HD
0.086215,0.100454,0.0,0.10086,0.0,0.100886,0.391654,respond_time_warm_cpu,HD
0.086893,0.096523,0.0,0.096957,0.0,0.096987,0.396672,respond_time_warm_cpu,HD
0.086988,0.111401,0.0,0.11173,0.0,0.111749,0.394761,respond_time_warm_cpu,HD
0.076539,0.08834,0.0,0.088716,0.0,0.088738,0.365768,respond_time_warm_cpu,HD
0.076335,0.088525,0.0,0.088899,0.0,0.088925,0.38534,respond_time_warm_cpu,HD
0.080685,0.091119,0.0,0.091504,0.0,0.091531,0.406804,respond_time_warm_cpu,HD
0.082972,0.096162,0.0,0.096523,0.0,0.096547,0.384335,respond_time_warm_cpu,HD
0.081868,0.096268,0.0,0.096561,0.0,0.09658,0.39392,respond_time_warm_cpu,HD
0.088263,0.108696,0.0,0.109133,0.0,0.109163,0.419075,respond_time_warm_cpu,HD
0.076133,0.09596,0.0,0.096344,0.0,0.09637,0.391739,respond_time_warm_cpu,HD
0.091034,0.110803,0.0,0.111331,0.0,0.111359,0.42151,respond_time_warm_cpu,HD
0.092732,0.110599,0.0,0.110995,0.0,0.111021,0.412009,respond_time_warm_cpu,HD
0.08593,0.104863,0.0,0.105277,0.0,0.105302,0.397521,respond_time_warm_cpu,HD
0.075202,0.090053,0.0,0.090425,0.0,0.090451,0.394267,respond_time_warm_cpu,HD
0.068602,0.088488,0.0,0.088922,0.0,0.088952,0.388837,respond_time_warm_cpu,HD
0.084171,0.096719,0.0,0.09707,0.0,0.097088,0.390932,respond_time_warm_cpu,HD
0.075628,0.092562,0.0,0.092993,0.0,0.09302,0.378591,respond_time_warm_cpu,HD
0.081106,0.101162,0.0,0.101543,0.0,0.101568,0.393978,respond_time_warm_cpu,HD
0.066441,0.079794,0.0,0.080323,0.0,0.08035,0.402723,respond_time_warm_cpu,HD
0.085683,0.102685,0.0,0.103068,0.0,0.103094,0.408629,respond_time_warm_cpu,HD
0.101606,0.115819,0.0,0.116199,0.0,0.116224,0.433799,respond_time_warm_cpu,HD
0.077491,0.094199,0.0,0.094578,0.0,0.094603,0.385989,respond_time_warm_cpu,HD
0.081839,0.098172,0.0,0.098571,0.0,0.098597,0.382595,respond_time_warm_cpu,HD
0.066685,0.084436,0.0,0.084863,0.0,0.084891,0.380758,respond_time_warm_cpu,HD
0.0911,0.106484,0.0,0.106882,0.0,0.106907,0.398765,respond_time_warm_cpu,HD
0.089225,0.102197,0.0,0.102743,0.0,0.10277,0.397493,respond_time_warm_cpu,HD
0.067941,0.079971,0.0,0.080419,0.0,0.080445,0.37266,respond_time_warm_cpu,HD
0.086974,0.098274,0.0,0.098659,0.0,0.098685,0.375583,respond_time_warm_cpu,HD
0.088315,0.104659,0.0,0.105042,0.0,0.10507,0.418018,respond_time_warm_cpu,HD
0.078669,0.092158,0.0,0.092546,0.0,0.092571,0.532253,respond_time_warm_cpu,HD
0.076976,0.093904,0.0,0.094297,0.0,0.094323,0.399756,respond_time_warm_cpu,HD
0.071776,0.088623,0.0,0.089059,0.0,0.089085,0.368689,respond_time_warm_cpu,HD
0.084696,0.095125,0.0,0.095509,0.0,0.095535,0.397218,respond_time_warm_cpu,HD
0.090661,0.113029,0.0,0.113487,0.0,0.113515,0.399213,respond_time_warm_cpu,HD
0.073932,0.092723,0.0,0.093007,0.0,0.093025,0.3814,respond_time_warm_cpu,HD
0.071174,0.07797,0.0,0.078348,0.0,0.078374,0.374066,respond_time_warm_cpu,HD
0.081186,0.104897,0.0,0.105333,0.0,0.105374,0.489983,respond_time_warm_cpu,HD
0.082614,0.101499,0.0,0.10186,0.0,0.101886,0.402002,respond_time_warm_cpu,HD
0.070515,0.088379,0.0,0.088776,0.0,0.088802,0.371269,respond_time_warm_cpu,HD
0.076354,0.097214,0.0,0.097627,0.0,0.097651,0.394033,respond_time_warm_cpu,HD
0.080883,0.101149,0.0,0.101595,0.0,0.101625,0.403056,respond_time_warm_cpu,HD
0.071254,0.08657,0.0,0.086844,0.0,0.08686,0.389311,respond_time_warm_cpu,HD
0.078955,0.092856,0.0,0.093161,0.0,0.093179,0.392737,respond_time_warm_cpu,HD
0.082407,0.097544,0.0,0.09787,0.0,0.09789,0.378742,respond_time_warm_cpu,HD
0.079619,0.093849,0.0,0.094241,0.0,0.094267,0.412962,respond_time_warm_cpu,HD
0.067975,0.076319,0.0,0.076693,0.0,0.076718,0.371181,respond_time_warm_cpu,HD
0.08403,0.096488,0.0,0.096856,0.0,0.09688,0.399585,respond_time_warm_cpu,HD
0.089245,0.108237,0.0,0.108744,0.0,0.108773,0.401837,respond_time_warm_cpu,HD
0.062273,0.085597,0.0,0.085995,0.0,0.086022,0.393198,respond_time_warm_cpu,HD
0.076963,0.092938,0.0,0.093316,0.0,0.093342,0.372684,respond_time_warm_cpu,HD
0.061221,0.075597,0.0,0.075877,0.0,0.075893,0.384307,respond_time_warm_cpu,HD
0.069329,0.082389,0.0,0.08294,0.0,0.082981,0.379078,respond_time_warm_cpu,HD
0.069942,0.090292,0.0,0.09068,0.0,0.090716,0.531976,respond_time_warm_cpu,HD
0.082764,0.094868,0.0,0.095215,0.0,0.095239,0.604802,respond_time_warm_cpu,2K
0.088326,0.104831,0.0,0.105212,0.0,0.105238,0.554576,respond_time_warm_cpu,2K
0.067332,0.085374,0.0,0.085646,0.0,0.085671,0.539048,respond_time_warm_cpu,2K
0.089857,0.101218,0.0,0.1016,0.0,0.101625,0.567867,respond_time_warm_cpu,2K
0.072742,0.086875,0.0,0.087267,0.0,0.087293,0.550752,respond_time_warm_cpu,2K
0.096003,0.107283,0.0,0.10755,0.0,0.107573,0.569291,respond_time_warm_cpu,2K
0.07979,0.092195,0.0,0.092569,0.0,0.092594,0.531457,respond_time_warm_cpu,2K
0.084191,0.098533,0.0,0.098934,0.0,0.09896,0.580397,respond_time_warm_cpu,2K
0.076342,0.092079,0.0,0.092466,0.0,0.092492,0.586669,respond_time_warm_cpu,2K
0.086998,0.102485,0.0,0.102874,0.0,0.102901,0.82797,respond_time_warm_cpu,2K
0.073318,0.090158,0.0,0.090594,0.0,0.090625,0.709459,respond_time_warm_cpu,2K
0.074245,0.083315,0.0,0.083747,0.0,0.083778,0.890078,respond_time_warm_cpu,2K
0.084034,0.100529,0.0,0.100917,0.0,0.100942,0.606769,respond_time_warm_cpu,2K
0.082455,0.091744,0.0,0.092117,0.0,0.092142,0.585351,respond_time_warm_cpu,2K
0.086263,0.101933,0.0,0.102317,0.0,0.102343,0.556755,respond_time_warm_cpu,2K
0.071404,0.087097,0.0,0.087438,0.0,0.087457,0.552245,respond_time_warm_cpu,2K
0.083005,0.10483,0.0,0.105222,0.0,0.105247,0.575993,respond_time_warm_cpu,2K
0.074092,0.094786,0.0,0.095183,0.0,0.095208,0.592041,respond_time_warm_cpu,2K
0.09019,0.112556,0.0,0.112992,0.0,0.113023,0.607035,respond_time_warm_cpu,2K
0.07643,0.096257,0.0,0.096656,0.0,0.096682,0.569131,respond_time_warm_cpu,2K
0.070131,0.090258,0.0,0.090543,0.0,0.09056,0.652081,respond_time_warm_cpu,2K
0.074218,0.088028,0.0,0.088413,0.0,0.08844,0.652039,respond_time_warm_cpu,2K
0.085639,0.099665,0.0,0.100045,0.0,0.10007,0.563555,respond_time_warm_cpu,2K
0.069439,0.078992,0.0,0.079363,0.0,0.079388,0.534515,respond_time_warm_cpu,2K
0.076369,0.096177,0.0,0.096464,0.0,0.096481,0.549366,respond_time_warm_cpu,2K
0.077541,0.092837,0.0,0.093151,0.0,0.093173,0.544076,respond_time_warm_cpu,2K
0.074702,0.09446,0.0,0.094813,0.0,0.094835,0.586418,respond_time_warm_cpu,2K
0.078978,0.093921,0.0,0.094222,0.0,0.094241,0.527014,respond_time_warm_cpu,2K
0.082547,0.100197,0.0,0.100587,0.0,0.100613,0.544154,respond_time_warm_cpu,2K
0.07579,0.095081,0.0,0.095614,0.0,0.095649,0.762023,respond_time_warm_cpu,2K
0.085295,0.092514,0.0,0.092799,0.0,0.092816,0.56077,respond_time_warm_cpu,2K
0.069741,0.074745,0.0,0.075134,0.0,0.07516,0.563187,respond_time_warm_cpu,2K
0.07039,0.086979,0.0,0.087362,0.0,0.087388,0.511653,respond_time_warm_cpu,2K
0.084538,0.112873,0.0,0.113258,0.0,0.113284,0.593151,respond_time_warm_cpu,2K
0.08156,0.099833,0.0,0.10044,0.0,0.100477,0.60291,respond_time_warm_cpu,2K
0.07557,0.085776,0.0,0.086097,0.0,0.086118,0.571751,respond_time_warm_cpu,2K
0.071749,0.088574,0.0,0.088873,0.0,0.088893,0.566292,respond_time_warm_cpu,2K
0.091459,0.110072,0.0,0.11043,0.0,0.110455,0.579151,respond_time_warm_cpu,2K
0.073249,0.086918,0.0,0.087346,0.0,0.087369,0.561455,respond_time_warm_cpu,2K
0.080359,0.092649,0.0,0.093025,0.0,0.09305,0.555607,respond_time_warm_cpu,2K
0.067913,0.090956,0.0,0.091338,0.0,0.091364,0.551612,respond_time_warm_cpu,2K
0.081373,0.099711,0.0,0.10001,0.0,0.100034,0.589944,respond_time_warm_cpu,2K
0.075625,0.089411,0.0,0.089759,0.0,0.089782,0.615405,respond_time_warm_cpu,2K
0.081812,0.100509,0.0,0.100942,0.0,0.100983,0.581417,respond_time_warm_cpu,2K
0.073431,0.08824,0.0,0.088623,0.0,0.088649,0.572911,respond_time_warm_cpu,2K
0.079117,0.101659,0.0,0.101977,0.0,0.101997,0.553827,respond_time_warm_cpu,2K
0.084362,0.109743,0.0,0.110245,0.0,0.110274,0.632717,respond_time_warm_cpu,2K
0.084621,0.104507,0.0,0.104786,0.0,0.104803,0.712789,respond_time_warm_cpu,2K
0.073356,0.085912,0.0,0.086268,0.0,0.08629,0.703579,respond_time_warm_cpu,2K
0.08335,0.101907,0.0,0.102395,0.0,0.102424,0.569536,respond_time_warm_cpu,2K
0.077384,0.101234,0.0,0.101665,0.0,0.101694,0.674155,respond_time_warm_cpu,2K
0.068087,0.082997,0.0,0.083374,0.0,0.0834,0.790549,respond_time_warm_cpu,2K
0.07976,0.096713,0.0,0.096983,0.0,0.096999,2.075969,respond_time_warm_cpu,2K
0.06859,0.083764,0.0,0.084154,0.0,0.08418,0.538573,respond_time_warm_cpu,2K
0.065088,0.081664,0.0,0.08205,0.0,0.082076,0.70773,respond_time_warm_cpu,2K
0.08195,0.098192,0.0,0.098477,0.0,0.098494,0.525604,respond_time_warm_cpu,2K
0.083009,0.100454,0.0,0.100841,0.0,0.100869,0.536535,respond_time_warm_cpu,2K
0.077409,0.091152,0.0,0.091688,0.0,0.091714,0.671104,respond_time_warm_cpu,2K
0.078416,0.087498,0.0,0.08788,0.0,0.087899,0.582034,respond_time_warm_cpu,2K
0.086741,0.105178,0.0,0.105579,0.0,0.105607,0.573533,respond_time_warm_cpu,2K
0.075484,0.097962,0.0,0.098371,0.0,0.0984,0.885989,respond_time_warm_cpu,2K
0.077342,0.090244,0.0,0.090641,0.0,0.090673,0.613354,respond_time_warm_cpu,2K
0.079792,0.097862,0.0,0.098252,0.0,0.098278,0.578937,respond_time_warm_cpu,2K
0.074504,0.093105,0.0,0.093562,0.0,0.093594,0.557567,respond_time_warm_cpu,2K
0.084066,0.106628,0.0,0.10707,0.0,0.107097,0.552082,respond_time_warm_cpu,2K
0.079258,0.091553,0.0,0.091926,0.0,0.091951,0.563888,respond_time_warm_cpu,2K
0.085997,0.109011,0.0,0.109407,0.0,0.109434,0.575346,respond_time_warm_cpu,2K
0.076703,0.096523,0.0,0.09695,0.0,0.096979,0.564964,respond_time_warm_cpu,2K
0.076137,0.094477,0.0,0.09492,0.0,0.09495,0.547578,respond_time_warm_cpu,2K
0.074651,0.096284,0.0,0.096796,0.0,0.096824,0.587598,respond_time_warm_cpu,2K
0.0774,0.091733,0.0,0.092182,0.0,0.092209,0.586934,respond_time_warm_cpu,2K
0.082632,0.099899,0.0,0.100402,0.0,0.100433,0.563168,respond_time_warm_cpu,2K
0.076262,0.097695,0.0,0.098131,0.0,0.09816,0.67576,respond_time_warm_cpu,2K
0.085832,0.104085,0.0,0.104471,0.0,0.104497,0.616253,respond_time_warm_cpu,2K
0.076513,0.096967,0.0,0.097414,0.0,0.097444,0.632219,respond_time_warm_cpu,2K
0.075694,0.092211,0.0,0.092639,0.0,0.092665,0.585965,respond_time_warm_cpu,2K
0.085919,0.100898,0.0,0.101308,0.0,0.101335,0.711766,respond_time_warm_cpu,2K
0.079627,0.096233,0.0,0.096523,0.0,0.096543,0.564959,respond_time_warm_cpu,2K
0.068183,0.081255,0.0,0.081658,0.0,0.081684,0.566054,respond_time_warm_cpu,2K
0.087102,0.098,0.0,0.098407,0.0,0.098434,0.649625,respond_time_warm_cpu,2K
0.070499,0.089103,0.0,0.08949,0.0,0.089518,0.604511,respond_time_warm_cpu,2K
0.076625,0.097916,0.0,0.098309,0.0,0.098335,0.588254,respond_time_warm_cpu,2K
0.079741,0.098325,0.0,0.098759,0.0,0.098789,0.564915,respond_time_warm_cpu,2K
0.08134,0.090417,0.0,0.090793,0.0,0.090818,0.547748,respond_time_warm_cpu,2K
0.083807,0.094701,0.0,0.09508,0.0,0.095106,0.667115,respond_time_warm_cpu,2K
0.081627,0.104659,0.0,0.104993,0.0,0.105013,0.613191,respond_time_warm_cpu,2K
0.073625,0.082407,0.0,0.082749,0.0,0.08277,0.682929,respond_time_warm_cpu,2K
0.082183,0.095131,0.0,0.095513,0.0,0.095539,0.643267,respond_time_warm_cpu,2K
0.075868,0.087921,0.0,0.088429,0.0,0.088459,0.573346,respond_time_warm_cpu,2K
0.07443,0.085751,0.0,0.086137,0.0,0.086163,0.550742,respond_time_warm_cpu,2K
0.074552,0.090819,0.0,0.091208,0.0,0.091239,0.546464,respond_time_warm_cpu,2K
0.086554,0.104145,0.0,0.104569,0.0,0.104597,0.529864,respond_time_warm_cpu,2K
0.082888,0.101413,0.0,0.101813,0.0,0.101839,0.564653,respond_time_warm_cpu,2K
0.075709,0.09401,0.0,0.094414,0.0,0.094442,0.536681,respond_time_warm_cpu,2K
0.094352,0.102953,0.0,0.103394,0.0,0.103423,0.540716,respond_time_warm_cpu,2K
0.079194,0.088814,0.0,0.089241,0.0,0.089269,0.900255,respond_time_warm_cpu,2K
0.093213,0.107881,0.0,0.108259,0.0,0.108284,0.636526,respond_time_warm_cpu,2K
0.070325,0.085213,0.0,0.085565,0.0,0.085588,0.572655,respond_time_warm_cpu,2K
0.073361,0.087247,0.0,0.087667,0.0,0.087693,0.562393,respond_time_warm_cpu,2K
0.080749,0.109666,0.0,0.110211,0.0,0.110242,0.568372,respond_time_warm_cpu,2K
0.083255,0.100123,0.0,0.100568,0.0,0.113778,1.273905,respond_time_warm_cpu,4K
0.084938,0.09785,0.0,0.098434,0.0,0.111085,1.100444,respond_time_warm_cpu,4K
0.077551,0.103469,0.0,0.104058,0.0,0.129274,1.077702,respond_time_warm_cpu,4K
0.074891,0.090423,0.0,0.090815,0.0,0.105772,1.38968,respond_time_warm_cpu,4K
0.075411,0.090649,0.0,0.09102,0.0,0.110499,1.523708,respond_time_warm_cpu,4K
0.076267,0.095185,0.0,0.095534,0.0,0.112128,1.502523,respond_time_warm_cpu,4K
0.074891,0.090503,0.0,0.09095,0.0,0.111179,1.084677,respond_time_warm_cpu,4K
0.074646,0.096172,0.0,0.096598,0.0,0.113248,1.034671,respond_time_warm_cpu,4K
0.079627,0.097369,0.0,0.097769,0.0,0.108712,0.94729,respond_time_warm_cpu,4K
0.087365,0.100479,0.0,0.100859,0.0,0.115917,0.946901,respond_time_warm_cpu,4K
0.068511,0.086111,0.0,0.086544,0.0,0.104119,1.224326,respond_time_warm_cpu,4K
0.100879,0.121158,0.0,0.12144,0.0,0.142363,0.905362,respond_time_warm_cpu,4K
0.074546,0.097659,0.0,0.098096,0.0,0.110964,0.914656,respond_time_warm_cpu,4K
0.088451,0.112322,0.0,0.112722,0.0,0.12781,0.920641,respond_time_warm_cpu,4K
0.072304,0.087735,0.0,0.088076,0.0,0.107502,1.156215,respond_time_warm_cpu,4K
0.080243,0.098281,0.0,0.09867,0.0,0.120741,1.053557,respond_time_warm_cpu,4K
0.081098,0.108716,0.0,0.109451,0.0,0.127596,2.014011,respond_time_warm_cpu,4K
0.088733,0.109374,0.0,0.109775,0.0,0.127085,1.477263,respond_time_warm_cpu,4K
0.075897,0.086012,0.0,0.086397,0.0,0.097491,1.233084,respond_time_warm_cpu,4K
0.07451,0.094722,0.0,0.095103,0.0,0.107292,1.010709,respond_time_warm_cpu,4K
0.078358,0.093883,0.0,0.094286,0.0,0.11105,0.980367,respond_time_warm_cpu,4K
0.079275,0.095932,0.0,0.09624,0.0,0.112621,0.987257,respond_time_warm_cpu,4K
0.090079,0.111191,0.0,0.111644,0.0,0.131128,1.217254,respond_time_warm_cpu,4K
0.074395,0.089838,0.0,0.090246,0.0,0.103248,1.867954,respond_time_warm_cpu,4K
0.073663,0.084286,0.0,0.084689,0.0,0.096729,1.205149,respond_time_warm_cpu,4K
0.076669,0.082663,0.0,0.083037,0.0,0.10702,1.110457,respond_time_warm_cpu,4K
0.080782,0.096959,0.0,0.097557,0.0,0.114283,1.071959,respond_time_warm_cpu,4K
0.073967,0.09059,0.0,0.09097,0.0,0.106138,1.439876,respond_time_warm_cpu,4K
0.078869,0.094881,0.0,0.095283,0.0,0.111675,1.281445,respond_time_warm_cpu,4K
0.07733,0.096098,0.0,0.096638,0.0,0.112522,1.743346,respond_time_warm_cpu,4K
0.075744,0.087883,0.0,0.088451,0.0,0.113025,1.197296,respond_time_warm_cpu,4K
0.070179,0.086985,0.0,0.087275,0.0,0.104298,0.848251,respond_time_warm_cpu,4K
0.073274,0.08582,0.0,0.086236,0.0,0.10714,0.851926,respond_time_warm_cpu,4K
0.076353,0.08708,0.0,0.087569,0.0,0.10332,0.863585,respond_time_warm_cpu,4K
0.085721,0.103107,0.0,0.103611,0.0,0.118087,0.863366,respond_time_warm_cpu,4K
0.077237,0.097161,0.0,0.097562,0.0,0.112224,0.886479,respond_time_warm_cpu,4K
0.087768,0.102231,0.0,0.102623,0.0,0.121179,0.906962,respond_time_warm_cpu,4K
0.067059,0.082159,0.0,0.082424,0.0,0.102474,1.267095,respond_time_warm_cpu,4K
0.076354,0.096813,0.0,0.097248,0.0,0.1159,1.129692,respond_time_warm_cpu,4K
0.076416,0.09529,0.0,0.095674,0.0,0.11152,1.08465,respond_time_warm_cpu,4K
0.074591,0.093064,0.0,0.093461,0.0,0.102875,1.057533,respond_time_warm_cpu,4K
0.082315,0.102249,0.0,0.102633,0.0,0.120585,1.800746,respond_time_warm_cpu,4K
0.087931,0.1085,0.0,0.108963,0.0,0.125416,1.292247,respond_time_warm_cpu,4K
0.076025,0.101377,0.0,0.10179,0.0,0.119619,1.33432,respond_time_warm_cpu,4K
0.087289,0.102087,0.0,0.102436,0.0,0.113367,1.042717,respond_time_warm_cpu,4K
0.073976,0.10082,0.0,0.101114,0.0,0.112002,1.343163,respond_time_warm_cpu,4K
0.081089,0.097059,0.0,0.097508,0.0,0.106128,1.134298,respond_time_warm_cpu,4K
0.087615,0.100709,0.0,0.101012,0.0,0.118516,1.163696,respond_time_warm_cpu,4K
0.077779,0.097508,0.0,0.097964,0.0,0.112407,0.962493,respond_time_warm_cpu,4K
0.068875,0.085241,0.0,0.085674,0.0,0.09991,1.193551,respond_time_warm_cpu,4K
0.088919,0.108299,0.0,0.108742,0.0,0.12462,1.068856,respond_time_warm_cpu,4K
0.080737,0.096159,0.0,0.096691,0.0,0.119817,0.996326,respond_time_warm_cpu,4K
0.069217,0.088247,0.0,0.088599,0.0,0.104491,1.234133,respond_time_warm_cpu,4K
0.078123,0.097898,0.0,0.098279,0.0,0.119789,1.01377,respond_time_warm_cpu,4K
0.077887,0.094635,0.0,0.095092,0.0,0.10556,0.994503,respond_time_warm_cpu,4K
0.090488,0.11144,0.0,0.111793,0.0,0.125666,0.98067,respond_time_warm_cpu,4K
0.078479,0.086848,0.0,0.087302,0.0,0.097754,0.884942,respond_time_warm_cpu,4K
0.083905,0.101055,0.0,0.101422,0.0,0.11991,0.966586,respond_time_warm_cpu,4K
0.078965,0.091589,0.0,0.091912,0.0,0.107406,0.918659,respond_time_warm_cpu,4K
0.070486,0.085539,0.0,0.085932,0.0,0.1028,0.870303,respond_time_warm_cpu,4K
0.091138,0.10688,0.0,0.107326,0.0,0.127501,0.949845,respond_time_warm_cpu,4K
0.071656,0.088664,0.0,0.088918,0.0,0.10918,0.919324,respond_time_warm_cpu,4K
0.081278,0.097501,0.0,0.097887,0.0,0.118138,0.902386,respond_time_warm_cpu,4K
0.066677,0.084025,0.0,0.084535,0.0,0.104211,0.891142,respond_time_warm_cpu,4K
0.078541,0.095153,0.0,0.095515,0.0,0.109354,0.91681,respond_time_warm_cpu,4K
0.069685,0.08843,0.0,0.088868,0.0,0.104224,0.874454,respond_time_warm_cpu,4K
0.066016,0.084475,0.0,0.084944,0.0,0.102253,0.924225,respond_time_warm_cpu,4K
0.072202,0.091668,0.0,0.091946,0.0,0.108205,0.971505,respond_time_warm_cpu,4K
0.072552,0.089774,0.0,0.090166,0.0,0.109381,1.117222,respond_time_warm_cpu,4K
0.08154,0.101964,0.0,0.102348,0.0,0.122183,1.44295,respond_time_warm_cpu,4K
0.063382,0.078593,0.0,0.078985,0.0,0.090995,1.280099,respond_time_warm_cpu,4K
0.084731,0.102245,0.0,0.102644,0.0,0.121405,1.043094,respond_time_warm_cpu,4K
0.076518,0.098319,0.0,0.098647,0.0,0.118074,0.976753,respond_time_warm_cpu,4K
0.074598,0.094718,0.0,0.095165,0.0,0.118059,0.99913,respond_time_warm_cpu,4K
0.067075,0.083479,0.0,0.083873,0.0,0.096481,0.95018,respond_time_warm_cpu,4K
0.074932,0.090888,0.0,0.091301,0.0,0.103387,0.905175,respond_time_warm_cpu,4K
0.072914,0.085299,0.0,0.085702,0.0,0.099591,0.957625,respond_time_warm_cpu,4K
0.076026,0.093939,0.0,0.094251,0.0,0.108541,0.992663,respond_time_warm_cpu,4K
0.077914,0.086103,0.0,0.086479,0.0,0.101538,0.955179,respond_time_warm_cpu,4K
0.070165,0.091819,0.0,0.092228,0.0,0.102716,0.992013,respond_time_warm_cpu,4K
0.067916,0.083413,0.0,0.083803,0.0,0.104806,0.902133,respond_time_warm_cpu,4K
0.069353,0.079362,0.0,0.079783,0.0,0.097928,0.88749,respond_time_warm_cpu,4K
0.071876,0.092489,0.0,0.092874,0.0,0.11227,0.999882,respond_time_warm_cpu,4K
0.068103,0.081056,0.0,0.081462,0.0,0.09368,0.909571,respond_time_warm_cpu,4K
0.078517,0.093618,0.0,0.093933,0.0,0.107374,1.058489,respond_time_warm_cpu,4K
0.07422,0.092543,0.0,0.092926,0.0,0.108551,1.108639,respond_time_warm_cpu,4K
0.088115,0.109792,0.0,0.110244,0.0,0.123436,1.183485,respond_time_warm_cpu,4K
0.079836,0.091057,0.0,0.091391,0.0,0.106664,1.146525,respond_time_warm_cpu,4K
0.082312,0.097692,0.0,0.098082,0.0,0.118805,1.056765,respond_time_warm_cpu,4K
0.082073,0.097612,0.0,0.097993,0.0,0.115572,1.056786,respond_time_warm_cpu,4K
0.074633,0.09225,0.0,0.092623,0.0,0.108901,1.037131,respond_time_warm_cpu,4K
0.076838,0.093165,0.0,0.093523,0.0,0.109045,0.970756,respond_time_warm_cpu,4K
0.074735,0.092646,0.0,0.092975,0.0,0.111723,1.016248,respond_time_warm_cpu,4K
0.075948,0.090876,0.0,0.091168,0.0,0.103109,2.119921,respond_time_warm_cpu,4K
0.063042,0.083535,0.0,0.084008,0.0,0.096039,1.290845,respond_time_warm_cpu,4K
0.067497,0.075145,0.0,0.075571,0.0,0.090383,0.995629,respond_time_warm_cpu,4K
0.081428,0.095286,0.0,0.095667,0.0,0.109011,1.039941,respond_time_warm_cpu,4K
0.080337,0.092256,0.0,0.092608,0.0,0.107222,0.973644,respond_time_warm_cpu,4K
0.080299,0.096088,0.0,0.096475,0.0,0.11105,0.959762,respond_time_warm_cpu,4K
0.083291,0.096112,0.0,0.096525,0.0,0.103548,0.968029,respond_time_warm_cpu,4K
