1689680085.186,2023-07-18 11:34:45.186,0,3.426,0,40.000000000009095,0,26.309236773462874,8488815787,null_state
1689680085.75,2023-07-18 11:34:45.750,0,3.903,0,37.25000000004002,0,26.28319212662434,8489114682,null_state
1689680086.276,2023-07-18 11:34:46.276,0,3.51,0,37.25000000004002,0,26.28319212662434,8489396886,null_state
1689680086.818,2023-07-18 11:34:46.818,0,3.228,0,40.499999999974534,0,26.334886804440217,8489679454,null_state
1689680087.354,2023-07-18 11:34:47.354,0,3.25,0,40.499999999974534,0,26.334886804440217,8489930210,null_state
1689680087.884,2023-07-18 11:34:47.884,0,3.593,0,38.74999999998181,0,26.291479059709328,8490274656,null_state
1689680088.416,2023-07-18 11:34:48.416,0,3.706,0,38.000000000010914,0,26.263066717703655,8490532708,null_state
1689680088.947,2023-07-18 11:34:48.947,0,3.307,0,38.000000000010914,0,26.263066717703655,8490798170,null_state
1689680089.476,2023-07-18 11:34:49.476,0,3.369,0,41.00000000003092,0,26.329559490314153,8491062451,null_state
1689680090.002,2023-07-18 11:34:50.002,0,3.811,0,41.00000000003092,0,26.329559490314153,8491348502,null_state
1689680090.529,2023-07-18 11:34:50.529,0,4.096,0,35.50000000000182,0,26.308052925879306,8491619072,null_state
1689680091.059,2023-07-18 11:34:51.059,0,4.112,0,35.50000000000182,0,26.308052925879306,8492024191,null_state
1689680091.588,2023-07-18 11:34:51.588,0,3.551,0,73.00000000000182,0,27.345498024947613,8492443367,null_state
1689680092.114,2023-07-18 11:34:52.114,0,3.4,0,73.00000000000182,0,27.345498024947613,8492735492,null_state
1689680092.642,2023-07-18 11:34:52.642,0,4.044,0,43.11377245507348,0,26.284770590069094,8493003333,null_state
1689680093.167,2023-07-18 11:34:53.167,0,3.281,0,43.11377245507348,0,26.284770590069094,8493262043,null_state
1689680093.693,2023-07-18 11:34:53.693,0,3.307,0,39.49999999999818,0,26.340608734427473,8493526631,null_state
1689680094.219,2023-07-18 11:34:54.219,0,3.53,0,39.49999999999818,0,26.340608734427473,8493810252,null_state
1689680094.746,2023-07-18 11:34:54.746,0,3.815,0,38.87775551105485,0,26.280232507665414,8494081021,null_state
1689680095.275,2023-07-18 11:34:55.275,0,3.213,0,38.87775551105485,0,26.280232507665414,8494332669,null_state
1689680095.801,2023-07-18 11:34:55.801,0,3.239,0,35.99999999996726,0,26.290492520056354,8494615085,null_state
1689680096.329,2023-07-18 11:34:56.329,0,3.717,0,35.99999999996726,0,26.290492520056354,8494869156,null_state
1689680096.857,2023-07-18 11:34:56.857,0,3.567,0,42.000000000007276,0,26.34021411856628,8495146764,null_state
1689680097.385,2023-07-18 11:34:57.385,0,3.302,0,42.000000000007276,0,26.31791832240905,8495419467,null_state
1689680097.92,2023-07-18 11:34:57.920,0,3.176,0,37.74999999995998,0,26.31791832240905,8495699774,null_state
1689680098.455,2023-07-18 11:34:58.455,0,3.603,0,41.249999999990905,0,26.306474462434544,8495970250,null_state
1689680098.98,2023-07-18 11:34:58.980,0,3.987,0,41.249999999990905,0,26.306474462434544,8496238371,null_state
1689680099.507,2023-07-18 11:34:59.507,0,3.598,0,37.24999999999454,0,26.27056441906626,8496500037,null_state
1689680100.033,2023-07-18 11:35:00.033,0,3.239,0,37.24999999999454,0,26.27056441906626,8496785600,null_state
1689680100.559,2023-07-18 11:35:00.559,0,3.462,0,39.75000000009459,0,26.343173737525206,8497044072,null_state
1689680101.086,2023-07-18 11:35:01.086,0,3.826,0,39.75000000009459,0,26.343173737525206,8497463620,null_state
1689680101.622,2023-07-18 11:35:01.622,0,3.379,0,38.49999999993088,0,26.299765992794317,8497802345,null_state
1689680102.147,2023-07-18 11:35:02.147,0,4.246,0,38.49999999993088,0,26.299765992794317,8498055712,null_state
1689680102.675,2023-07-18 11:35:02.675,0,3.499,0,62.75000000000546,0,27.336027244279055,8498425170,null_state
1689680103.202,2023-07-18 11:35:03.202,0,3.732,0,62.75000000000546,0,27.336027244279055,8498684947,null_state
1689680103.728,2023-07-18 11:35:03.728,0,3.302,0,45.99999999995816,0,26.32107524929857,8498960811,null_state
1689680104.256,2023-07-18 11:35:04.256,0,3.26,0,45.99999999995816,0,26.32107524929857,8499249751,null_state
1689680104.784,2023-07-18 11:35:04.784,0,3.281,0,37.25000000004002,0,26.31515601138072,8499536856,null_state
1689680105.308,2023-07-18 11:35:05.308,0,3.821,0,37.25000000004002,0,26.31515601138072,8499768726,null_state
1689680105.835,2023-07-18 11:35:05.835,0,3.312,0,39.99999999996362,0,26.318510246200837,8500048853,null_state
1689680106.361,2023-07-18 11:35:06.361,0,3.296,0,39.99999999996362,0,26.318510246200837,8500337126,null_state
1689680106.89,2023-07-18 11:35:06.890,0,3.265,0,37.25000000004002,0,26.328375642730585,8500606668,null_state
1689680107.415,2023-07-18 11:35:07.415,0,4.132,0,40.50000000002001,0,26.33587334409319,8500887952,null_state
1689680107.941,2023-07-18 11:35:07.941,0,3.209,0,40.50000000002001,0,26.33587334409319,8501166916,null_state
1689680108.468,2023-07-18 11:35:08.468,0,3.421,0,38.99999999998727,0,26.326599871355228,8501462136,null_state
1689680108.994,2023-07-18 11:35:08.994,0,3.541,0,38.99999999998727,0,26.326599871355228,8501722338,null_state
1689680109.52,2023-07-18 11:35:09.520,0,3.997,0,37.5,0,26.29207098350111,8501988950,null_state
1689680110.045,2023-07-18 11:35:10.045,0,3.256,0,37.5,0,26.29207098350111,8502264022,null_state
1689680110.571,2023-07-18 11:35:10.571,0,3.193,0,40.499999999974534,0,26.341792582011042,8502554953,null_state
1689680111.097,2023-07-18 11:35:11.097,0,3.26,0,40.499999999974534,0,26.341792582011042,8502946903,null_state
1689680111.636,2023-07-18 11:35:11.636,0,3.904,0,36.49999999997818,0,26.304304075197997,8503290675,null_state
1689680112.164,2023-07-18 11:35:12.164,0,3.214,0,36.49999999997818,0,26.304304075197997,8503564502,null_state
1689680112.725,2023-07-18 11:35:12.725,0,4.024,0,43.25000000003456,0,26.334886804440217,8503852220,null_state
1689680113.25,2023-07-18 11:35:13.250,0,4.329,0,43.25000000003456,0,26.334886804440217,8504099351,null_state
1689680113.776,2023-07-18 11:35:13.776,0,4.132,0,61.999999999989086,0,27.38022422073233,8504392335,null_state
1689680114.302,2023-07-18 11:35:14.302,0,3.442,0,61.999999999989086,0,27.38022422073233,8504656734,null_state
1689680114.826,2023-07-18 11:35:14.826,0,3.203,0,45.5000000000382,0,26.36487760989065,8504941376,null_state
1689680115.36,2023-07-18 11:35:15.360,0,3.416,0,45.5000000000382,0,26.36487760989065,8505180724,null_state
1689680115.885,2023-07-18 11:35:15.885,0,3.914,0,38.249999999970896,0,26.364285686098864,8505455552,null_state
1689680116.411,2023-07-18 11:35:16.411,0,3.261,0,37.75000000000546,0,26.326007947563447,8505720643,null_state
1689680116.946,2023-07-18 11:35:16.946,0,3.302,0,37.75000000000546,0,26.326007947563447,8505979544,null_state
1689680117.477,2023-07-18 11:35:17.477,0,3.562,0,40.99999999998545,0,26.375729546073373,8506272295,null_state
1689680118.021,2023-07-18 11:35:18.021,0,3.619,0,40.99999999998545,0,26.375729546073373,8506544915,null_state
1689680118.546,2023-07-18 11:35:18.546,0,3.619,0,36.50000000002365,0,26.326007947563447,8506829168,null_state
1689680119.073,2023-07-18 11:35:19.073,0,3.182,0,36.50000000002365,0,26.326007947563447,8507084889,null_state
1689680119.605,2023-07-18 11:35:19.605,0,3.416,0,41.9999999999618,0,26.3435683533864,8507330157,null_state
1689680120.168,2023-07-18 11:35:20.168,0,3.307,0,41.9999999999618,0,26.3435683533864,8507597148,null_state
1689680120.694,2023-07-18 11:35:20.694,0,3.358,0,37.000000000080036,0,26.31555062724191,8507897578,null_state
1689680121.224,2023-07-18 11:35:21.224,0,3.188,0,37.000000000080036,0,26.31555062724191,8508354013,null_state
1689680121.757,2023-07-18 11:35:21.757,0,3.458,0,38.99999999994179,0,26.38520032674193,8508732558,null_state
1689680122.285,2023-07-18 11:35:22.285,0,3.353,0,38.99999999994179,0,26.38520032674193,8508999091,null_state
1689680122.812,2023-07-18 11:35:22.812,0,3.95,0,41.49999999995089,0,26.339227578913306,8509311304,null_state
1689680123.339,2023-07-18 11:35:23.339,0,3.317,0,41.49999999995089,0,26.339227578913306,8509544055,null_state
1689680123.866,2023-07-18 11:35:23.866,0,4.033,0,36.00000000001274,0,26.314169471727745,8509829364,null_state
1689680124.401,2023-07-18 11:35:24.401,0,4.934,0,36.00000000001274,0,27.31708568294194,8510123775,null_state
1689680124.927,2023-07-18 11:35:24.927,0,3.841,0,65.25000000001455,0,27.31708568294194,8510394722,null_state
1689680125.455,2023-07-18 11:35:25.455,0,3.536,0,45.499999999992724,0,26.32502140791047,8510667764,null_state
1689680125.982,2023-07-18 11:35:25.982,0,3.209,0,45.499999999992724,0,26.32502140791047,8510915676,null_state
1689680126.507,2023-07-18 11:35:26.507,0,3.291,0,40.000000000009095,0,26.340608734427473,8511201696,null_state
1689680127.033,2023-07-18 11:35:27.033,0,3.692,0,40.000000000009095,0,26.340608734427473,8511451877,null_state
1689680127.559,2023-07-18 11:35:27.559,0,3.504,0,39.500000000043656,0,26.33587334409319,8511739212,null_state
1689680128.085,2023-07-18 11:35:28.085,0,3.209,0,39.500000000043656,0,26.33587334409319,8512004932,null_state
1689680128.611,2023-07-18 11:35:28.611,0,3.161,0,39.49999999999818,0,26.364285686098864,8512307121,null_state
1689680129.135,2023-07-18 11:35:29.135,0,3.888,0,39.49999999999818,0,26.364285686098864,8512568871,null_state
1689680129.662,2023-07-18 11:35:29.662,0,3.302,0,38.74999999998181,0,26.30312022761443,8512834513,null_state
1689680130.187,2023-07-18 11:35:30.187,0,3.224,0,38.74999999998181,0,26.30312022761443,8513096777,null_state
1689680130.715,2023-07-18 11:35:30.715,0,3.406,0,37.99999999996544,0,26.33824103926033,8513413831,null_state
1689680131.242,2023-07-18 11:35:31.242,0,3.877,0,37.99999999996544,0,26.33824103926033,8513853612,null_state
1689680131.768,2023-07-18 11:35:31.768,0,3.432,0,39.500000000043656,0,26.363496454376488,8514140148,null_state
1689680132.3,2023-07-18 11:35:32.300,0,3.307,0,39.500000000043656,0,26.363496454376488,8514399118,null_state
1689680132.828,2023-07-18 11:35:32.828,0,3.254,0,40.50000000002001,0,26.386581482256098,8514792515,null_state
1689680133.353,2023-07-18 11:35:33.353,0,3.661,0,40.50000000002001,0,26.386581482256098,8515029358,null_state
1689680133.883,2023-07-18 11:35:33.883,0,3.333,0,42.000000000007276,0,26.38342455536658,8515303392,null_state
1689680134.415,2023-07-18 11:35:34.415,0,3.442,0,37.74999999995998,0,26.35067143888781,8515770648,null_state
1689680134.941,2023-07-18 11:35:34.941,0,4.008,0,37.74999999995998,0,26.35067143888781,8516041610,null_state
1689680135.467,2023-07-18 11:35:35.467,0,5.072,0,59.75000000003092,0,27.392654620359814,8516307069,null_state
1689680135.993,2023-07-18 11:35:35.993,0,3.39,0,59.75000000003092,0,27.392654620359814,8516569215,null_state
1689680136.521,2023-07-18 11:35:36.521,0,3.551,0,48.749999999972715,0,26.356590676805663,8516895879,null_state
1689680137.048,2023-07-18 11:35:37.048,0,3.27,0,48.749999999972715,0,26.356590676805663,8517142973,null_state
1689680137.574,2023-07-18 11:35:37.574,0,3.982,0,38.74999999998181,0,26.38184609192182,8517437903,null_state
1689680138.1,2023-07-18 11:35:38.100,0,3.229,0,38.74999999998181,0,26.38184609192182,8517698547,null_state
1689680138.624,2023-07-18 11:35:38.624,0,3.161,0,41.49999999999636,0,26.397236110508228,8517974913,null_state
1689680139.148,2023-07-18 11:35:39.148,0,3.203,0,41.49999999999636,0,26.397236110508228,8518240344,null_state
1689680139.677,2023-07-18 11:35:39.677,0,3.811,0,37.25000000004002,0,26.38184609192182,8518503220,null_state
1689680140.202,2023-07-18 11:35:40.202,0,3.177,0,37.25000000004002,0,26.38184609192182,8518762927,null_state
1689680140.73,2023-07-18 11:35:40.730,0,3.214,0,40.25000000001455,0,26.427029608028064,8519077708,null_state
1689680141.278,2023-07-18 11:35:41.278,0,3.281,0,40.25000000001455,0,26.427029608028064,8519493408,null_state
1689680141.843,2023-07-18 11:35:41.843,0,4.112,0,35.99999999996726,0,26.359155679903395,8519794856,null_state
1689680142.372,2023-07-18 11:35:42.372,0,3.629,0,35.99999999996726,0,26.359155679903395,8520054656,null_state
1689680142.901,2023-07-18 11:35:42.901,0,3.296,0,41.50000000004184,0,26.41598036391475,8520329134,null_state
1689680143.427,2023-07-18 11:35:43.427,0,3.525,0,39.99999999996362,0,26.390527640867994,8520602497,null_state
1689680143.952,2023-07-18 11:35:43.952,0,3.883,0,39.99999999996362,0,26.390527640867994,8520861088,null_state
1689680144.478,2023-07-18 11:35:44.478,0,3.603,0,37.500000000045475,0,26.352249902332574,8521275502,null_state
1689680145.005,2023-07-18 11:35:45.005,0,3.244,0,37.500000000045475,0,26.352249902332574,8521548065,null_state
1689680145.541,2023-07-18 11:35:45.541,0,3.343,0,40.49999999992906,0,26.37750531744873,8521812115,null_state
1689680146.068,2023-07-18 11:35:46.068,0,4.365,0,40.49999999992906,0,26.37750531744873,8522069391,null_state
1689680146.594,2023-07-18 11:35:46.594,0,4.463,0,59.00000000001455,0,27.33523801255668,8522354351,null_state
1689680147.118,2023-07-18 11:35:47.118,0,3.229,0,59.00000000001455,0,27.33523801255668,8522609511,null_state
1689680147.642,2023-07-18 11:35:47.642,0,3.223,0,51.999999999952706,0,26.42880537940342,8522900395,null_state
1689680148.169,2023-07-18 11:35:48.169,0,3.525,0,51.999999999952706,0,26.42880537940342,8523162536,null_state
1689680148.729,2023-07-18 11:35:48.729,0,3.629,0,37.25000000004002,0,26.35007951509603,8523461293,null_to_cold_process
1689680148.984,2023-07-18 11:35:48.984,0,3.265,0,37.25000000004002,0,26.35007951509603,8523618252,null_to_cold_process
1689680149.239,2023-07-18 11:35:49.239,0,3.161,0,37.25000000004002,0,26.35007951509603,8523730970,null_to_cold_process
1689680149.48,2023-07-18 11:35:49.480,0,3.925,0,38.250000000061846,0,26.385989558464313,8523870764,null_to_cold_process
1689680149.725,2023-07-18 11:35:49.725,0,3.229,0,38.250000000061846,0,26.385989558464313,8523984978,null_to_cold_process
1689680149.989,2023-07-18 11:35:49.989,0,3.317,0,38.250000000061846,0,26.385989558464313,8524903977,null_to_cold_process
1689680165.344,2023-07-18 11:36:05.344,1,3.281,0,41.249999999990905,0,27.00099837812881,8551201310,cold_state
1689680165.895,2023-07-18 11:36:05.895,1,3.27,0,37.5,0,27.000801070198214,8552300042,cold_state
1689680166.444,2023-07-18 11:36:06.444,1,3.567,0,40.50000000002001,0,26.994881832280367,8553451398,cold_state
1689680166.992,2023-07-18 11:36:06.992,1,4.091,0,40.50000000002001,0,26.994881832280367,8554552303,cold_state
1689680167.542,2023-07-18 11:36:07.542,1,3.343,0,40.50000000002001,0,26.994881832280367,8555015527,cold_state
1689680169.812,2023-07-18 11:36:09.812,1,3.935,0,54.00000000008731,0,26.99823606710048,8555345054,cold_state
1689680170.508,2023-07-18 11:36:10.508,1,3.982,0,54.00000000008731,0,26.99823606710048,8555614284,cold_state
1689680171.755,2023-07-18 11:36:11.755,1,3.26,0,40.74999999997999,0,27.06216383661325,8556776136,cold_state
1689680172.307,2023-07-18 11:36:12.307,1,3.188,0,40.74999999997999,0,27.06216383661325,8557972419,cold_state
1689680172.852,2023-07-18 11:36:12.852,1,3.291,0,40.750000000025466,0,27.046576510096248,8559101071,cold_state
1689680173.405,2023-07-18 11:36:13.405,1,3.82,0,41.749999999956344,0,27.03888150080304,8560267679,cold_state
1689680173.956,2023-07-18 11:36:13.956,1,3.385,0,41.749999999956344,0,27.03888150080304,8561401900,cold_state
1689680174.506,2023-07-18 11:36:14.506,1,3.583,0,37.500000000045475,0,27.042433043553753,8562556292,cold_state
1689680175.053,2023-07-18 11:36:15.053,1,3.219,0,37.500000000045475,0,27.042433043553753,8563716454,cold_state
1689680175.598,2023-07-18 11:36:15.598,1,3.468,0,40.499999999974534,0,27.107150044788902,8564736819,cold_state
1689680176.144,2023-07-18 11:36:16.144,1,3.941,0,40.499999999974534,0,27.107150044788902,8565919090,cold_state
1689680176.688,2023-07-18 11:36:16.688,1,3.209,0,38.25000000001637,0,27.034540726329954,8567032542,cold_state
1689680177.236,2023-07-18 11:36:17.236,1,3.27,0,38.25000000001637,0,27.034540726329954,8568156336,cold_state
1689680177.782,2023-07-18 11:36:17.782,1,3.27,0,38.99999999998727,0,27.028621488412107,8569317238,cold_state
1689680178.328,2023-07-18 11:36:18.328,1,3.515,0,38.99999999998727,0,27.028621488412107,8570321821,cold_state
1689680178.873,2023-07-18 11:36:18.873,1,3.717,0,41.49999999999636,0,27.034146110468765,8571515326,cold_state
1689680179.42,2023-07-18 11:36:19.420,1,4.385,0,50.49999999996544,0,27.627253749837223,8572689272,cold_state
1689680179.968,2023-07-18 11:36:19.968,1,3.51,0,50.49999999996544,0,27.627253749837223,8573835396,cold_state
1689680180.517,2023-07-18 11:36:20.517,1,3.588,0,59.7500000000764,0,27.060979989029676,8575006828,cold_state
1689680181.068,2023-07-18 11:36:21.068,1,3.815,0,59.7500000000764,0,27.060979989029676,8576159950,cold_state
1689680181.615,2023-07-18 11:36:21.615,1,3.416,0,36.49999999997817,0,27.039276116664233,8577448067,cold_state
1689680182.16,2023-07-18 11:36:22.160,1,3.489,0,36.49999999997817,0,27.039276116664233,8578643760,cold_state
1689680182.718,2023-07-18 11:36:22.718,1,3.281,0,43.99999999995998,0,27.11267466684556,8579811694,cold_state
1689680183.266,2023-07-18 11:36:23.266,1,3.317,0,43.99999999995998,0,27.11267466684556,8580807996,cold_state
1689680183.845,2023-07-18 11:36:23.845,1,3.894,0,39.50000000008913,0,27.044406122859705,8582163004,cold_state
1689680184.407,2023-07-18 11:36:24.407,1,3.235,0,37.5,0,27.032962262885196,8583308337,cold_state
1689680184.955,2023-07-18 11:36:24.955,1,3.307,0,37.5,0,27.032962262885196,8584432017,cold_state
1689680185.501,2023-07-18 11:36:25.501,1,3.619,0,41.49999999995089,0,27.00810146363023,8585571454,cold_state
1689680186.047,2023-07-18 11:36:26.047,1,3.619,0,41.49999999995089,0,27.00810146363023,8586719600,cold_state
1689680186.595,2023-07-18 11:36:26.595,1,3.769,0,38.50000000002183,0,27.038486884941854,8587835461,cold_state
1689680187.145,2023-07-18 11:36:27.145,1,3.203,0,38.50000000002183,0,27.038486884941854,8589057677,cold_state
1689680187.702,2023-07-18 11:36:27.702,1,3.275,0,41.9999999999618,0,27.001787609851192,8590867631,cold_state
1689680188.254,2023-07-18 11:36:28.254,1,3.188,0,41.9999999999618,0,27.001787609851192,8592089208,cold_state
1689680188.802,2023-07-18 11:36:28.802,1,3.816,0,36.99999999998909,0,27.027437640828534,8593253416,cold_state
1689680189.354,2023-07-18 11:36:29.354,1,3.396,0,36.99999999998909,0,27.027437640828534,8594428518,cold_state
1689680189.9,2023-07-18 11:36:29.900,1,3.228,0,40.50000000002001,0,27.12096159993055,8595649667,cold_state
1689680190.445,2023-07-18 11:36:30.445,1,4.468,0,51.749999999992724,0,27.955771454277833,8596821342,cold_state
1689680190.992,2023-07-18 11:36:30.992,1,3.52,0,51.749999999992724,0,27.955771454277833,8597995968,cold_state
1689680191.541,2023-07-18 11:36:31.541,1,4.138,0,53.749999999990905,0,27.00750953983844,8599275626,cold_state
1689680192.096,2023-07-18 11:36:32.096,1,3.764,0,53.749999999990905,0,27.00750953983844,8600408519,cold_state
1689680192.667,2023-07-18 11:36:32.667,1,3.25,0,44.74999999997635,0,27.04263035148435,8601632960,cold_state
1689680193.213,2023-07-18 11:36:33.213,1,3.052,0,44.74999999997635,0,27.04263035148435,8602846976,cold_state
1689680193.762,2023-07-18 11:36:33.762,1,3.442,0,37.25000000004002,0,27.05032536077755,8604022290,cold_state
1689680194.308,2023-07-18 11:36:34.308,1,3.562,0,37.25000000004002,0,27.05032536077755,8605223058,cold_state
1689680194.856,2023-07-18 11:36:34.856,1,3.115,0,41.49999999999636,0,27.093733105508445,8606275405,cold_state
1689680195.407,2023-07-18 11:36:35.407,1,3.135,0,37.5,0,27.106163505135928,8607463525,cold_state
1689680195.971,2023-07-18 11:36:35.971,1,3.25,0,37.5,0,27.106163505135928,8608666298,cold_state
1689680196.522,2023-07-18 11:36:36.522,1,4.038,0,39.75000000004911,0,27.16752627155096,8609868995,cold_state
1689680197.069,2023-07-18 11:36:37.069,1,3.364,0,39.75000000004911,0,27.16752627155096,8610997806,cold_state
1689680197.614,2023-07-18 11:36:37.614,1,3.146,0,40.499999999883585,0,27.091168102410705,8612224546,cold_state
1689680198.162,2023-07-18 11:36:38.162,1,3.177,0,40.499999999883585,0,27.091168102410705,8613381648,cold_state
1689680198.713,2023-07-18 11:36:38.713,1,3.307,0,38.25000000010732,0,27.088603099312973,8614743609,cold_state
1689680199.258,2023-07-18 11:36:39.258,1,3.837,0,38.25000000010732,0,27.088603099312973,8615875755,cold_state
1689680199.806,2023-07-18 11:36:39.806,1,3.146,0,42.99999999998363,0,27.088603099312973,8617035429,cold_state
1689680200.38,2023-07-18 11:36:40.380,1,3.182,0,42.99999999998363,0,27.088603099312973,8618196104,cold_state
1689680200.944,2023-07-18 11:36:40.944,1,3.836,0,38.249999999970896,0,27.107150044788902,8619367082,cold_state
1689680201.493,2023-07-18 11:36:41.493,1,4.597,0,54.50000000005275,0,27.916704484020034,8620400532,cold_state
1689680202.116,2023-07-18 11:36:42.116,1,3.919,0,54.50000000005275,0,27.916704484020034,8621750014,cold_state
1689680202.66,2023-07-18 11:36:42.660,1,3.4,0,54.99999999992724,0,27.11859390476341,8622889446,cold_state
1689680203.206,2023-07-18 11:36:43.206,1,3.068,0,54.99999999992724,0,27.11859390476341,8623936205,cold_state
1689680203.753,2023-07-18 11:36:43.753,1,3.094,0,41.00000000003092,0,27.15489856399288,8625113294,cold_state
1689680204.301,2023-07-18 11:36:44.301,1,3.131,0,41.00000000003092,0,27.15489856399288,8626281228,cold_state
1689680204.852,2023-07-18 11:36:44.852,1,3.785,0,39.75000000004911,0,27.130432380599107,8627386291,cold_state
1689680205.404,2023-07-18 11:36:45.404,1,3.307,0,36.99999999994361,0,27.121356215791735,8628552309,cold_state
1689680205.949,2023-07-18 11:36:45.949,1,3.281,0,36.99999999994361,0,27.121356215791735,8629729292,cold_state
1689680206.493,2023-07-18 11:36:46.493,1,3.51,0,41.00000000003092,0,27.148782018144434,8630822289,cold_state
1689680207.063,2023-07-18 11:36:47.063,1,3.395,0,41.00000000003092,0,27.148782018144434,8631962964,cold_state
1689680207.609,2023-07-18 11:36:47.609,1,3.69,0,39.24999999994725,0,27.148190094352653,8633126403,cold_state
1689680208.154,2023-07-18 11:36:48.154,1,3.125,0,39.24999999994725,0,27.148190094352653,8634286080,cold_state
1689680208.701,2023-07-18 11:36:48.701,1,3.162,0,41.25000000003638,0,27.122145447514118,8635434996,cold_state
1689680209.249,2023-07-18 11:36:49.249,1,3.152,0,41.25000000003638,0,27.122145447514118,8636491878,cold_state
1689680209.796,2023-07-18 11:36:49.796,1,3.525,0,36.50000000002365,0,27.098271187912125,8637632060,cold_state
1689680210.34,2023-07-18 11:36:50.340,1,3.489,0,36.50000000002365,0,27.098271187912125,8638794189,cold_state
1689680210.884,2023-07-18 11:36:50.884,1,3.131,0,40.99999999998545,0,27.126486221987207,8639956192,cold_state
1689680211.445,2023-07-18 11:36:51.445,1,3.51,0,40.000000000009095,0,27.10872850823366,8640958993,cold_state
1689680212.04,2023-07-18 11:36:52.040,1,3.774,0,40.000000000009095,0,27.10872850823366,8642197289,cold_state
1689680212.587,2023-07-18 11:36:52.587,1,4.882,0,52.999999999974534,0,27.96445300322401,8643580774,cold_state
1689680213.132,2023-07-18 11:36:53.132,1,3.432,0,52.999999999974534,0,27.96445300322401,8644704894,cold_state
1689680213.679,2023-07-18 11:36:53.679,1,3.104,0,61.49999999997817,0,27.111885435123178,8645895261,cold_state
1689680214.226,2023-07-18 11:36:54.226,1,3.151,0,61.49999999997817,0,27.111885435123178,8647092907,cold_state
1689680214.772,2023-07-18 11:36:54.772,1,3.312,0,37.75000000000546,0,27.127078145778995,8648277875,cold_state
1689680215.321,2023-07-18 11:36:55.321,1,3.64,0,37.75000000000546,0,27.127078145778995,8649448655,cold_state
1689680215.873,2023-07-18 11:36:55.873,1,3.099,0,40.750000000025466,0,27.14740086263027,8650676898,cold_state
1689680216.463,2023-07-18 11:36:56.463,1,3.317,0,37.24999999999454,0,27.122342755444713,8651882344,cold_state
1689680217.01,2023-07-18 11:36:57.010,1,3.172,0,37.24999999999454,0,27.122342755444713,8652920500,cold_state
1689680217.556,2023-07-18 11:36:57.556,1,4.05,0,38.750000000027285,0,27.1543066402011,8654041762,cold_state
1689680218.101,2023-07-18 11:36:58.101,1,3.51,0,38.750000000027285,0,27.1543066402011,8655176015,cold_state
1689680218.647,2023-07-18 11:36:58.647,1,3.141,0,39.74999999995816,0,27.106952736858304,8656348960,cold_state
1689680219.195,2023-07-18 11:36:59.195,1,3.136,0,39.74999999995816,0,27.106952736858304,8657535790,cold_state
1689680219.741,2023-07-18 11:36:59.741,1,3.141,0,39.00000000003274,0,27.085051556562263,8658734258,cold_state
1689680220.289,2023-07-18 11:37:00.289,1,3.863,0,39.00000000003274,0,27.085051556562263,8659813363,cold_state
1689680220.833,2023-07-18 11:37:00.833,1,3.073,0,39.499999999952706,0,27.123329295097687,8661011361,cold_state
1689680221.382,2023-07-18 11:37:01.382,1,3.104,0,39.499999999952706,0,27.123329295097687,8662188739,cold_state
1689680221.93,2023-07-18 11:37:01.930,1,3.141,0,40.25000000001455,0,27.149571249866817,8663201929,cold_state
1689680222.484,2023-07-18 11:37:02.484,1,3.764,0,42.75000000006912,0,27.142270856434802,8664410650,cold_state
1689680223.032,2023-07-18 11:37:03.032,1,4.096,0,42.75000000006912,0,27.142270856434802,8665617166,cold_state
1689680223.577,2023-07-18 11:37:03.577,1,4.396,0,50.749999999970896,0,28.04475733097616,8666791374,cold_state
1689680224.127,2023-07-18 11:37:04.127,1,3.374,0,50.749999999970896,0,28.04475733097616,8667987443,cold_state
1689680224.677,2023-07-18 11:37:04.677,1,3.141,0,58.50000000000364,0,27.162988189147274,8669170864,cold_state
1689680225.229,2023-07-18 11:37:05.229,1,3.593,0,58.50000000000364,0,27.162988189147274,8670338038,cold_state
1689680225.773,2023-07-18 11:37:05.773,1,3.379,0,39.999999999918145,0,27.120172368208166,8671396636,cold_state
1689680226.324,2023-07-18 11:37:06.324,1,3.24,0,39.999999999918145,0,27.120172368208166,8672796379,cold_state
1689680226.895,2023-07-18 11:37:06.895,1,3.073,0,38.250000000061846,0,27.114055822359724,8674007833,cold_state
1689680227.447,2023-07-18 11:37:07.447,1,3.379,0,40.99999999998545,0,27.130826996460293,8675198573,cold_state
1689680227.992,2023-07-18 11:37:07.992,1,3.904,0,40.99999999998545,0,27.130826996460293,8676317846,cold_state
1689680228.539,2023-07-18 11:37:08.539,1,3.416,0,39.00000000003274,0,27.14463855160194,8677372801,cold_state
1689680229.084,2023-07-18 11:37:09.084,1,3.188,0,39.00000000003274,0,27.14463855160194,8678524754,cold_state
1689680229.629,2023-07-18 11:37:09.629,1,3.167,0,41.49999999999636,0,27.221983260395167,8679689186,cold_state
1689680230.174,2023-07-18 11:37:10.174,1,3.385,0,41.49999999999636,0,27.221983260395167,8680876997,cold_state
1689680230.719,2023-07-18 11:37:10.719,1,3.676,0,38.74999999998181,0,27.18508667737391,8682054720,cold_state
1689680231.28,2023-07-18 11:37:11.280,1,2.969,0,38.74999999998181,0,27.18508667737391,8683184111,cold_state
1689680231.827,2023-07-18 11:37:11.827,1,3.115,0,38.50000000002183,0,27.185283985304505,8684415874,cold_state
1689680232.39,2023-07-18 11:37:12.390,1,3.209,0,38.50000000002183,0,27.177786283941895,8685575017,cold_state
1689680232.941,2023-07-18 11:37:12.941,1,3.718,0,41.249999999990905,0,27.177786283941895,8686770263,cold_state
1689680233.487,2023-07-18 11:37:13.487,1,3.619,0,38.249999999970896,0,27.14858471021384,8687932644,cold_state
1689680234.049,2023-07-18 11:37:14.049,1,3.836,0,38.249999999970896,0,27.14858471021384,8689030839,cold_to_null_process
1689680234.342,2023-07-18 11:37:14.342,1,4.515,0,38.249999999970896,0,27.14858471021384,8689615390,cold_to_null_process
1689680234.69,2023-07-18 11:37:14.690,1,4.68,0,53.99999999999636,0,28.101582014987507,8691241838,cold_to_null_process
1689680365.505,2023-07-18 11:39:25.505,0,3.805,0,43.750000000045475,0,26.67011297852106,8813610713,warm_disk_state
1689680366.031,2023-07-18 11:39:26.031,0,3.811,0,43.750000000045475,0,26.67011297852106,8813873336,warm_disk_state
1689680366.562,2023-07-18 11:39:26.562,0,3.281,0,39.249999999992724,0,26.657485270962983,8814131162,warm_disk_state
1689680367.089,2023-07-18 11:39:27.089,0,3.214,0,39.249999999992724,0,26.657485270962983,8814378248,warm_disk_state
1689680367.617,2023-07-18 11:39:27.617,0,3.249,0,39.75000000000364,0,26.67524298471653,8814803535,warm_disk_state
1689680368.145,2023-07-18 11:39:28.145,0,4.349,0,39.75000000000364,0,26.67524298471653,8815644272,warm_disk_state
1689680368.671,2023-07-18 11:39:28.671,0,4.706,0,53.99999999995089,0,27.50788245182727,8815905496,warm_disk_state
1689680369.195,2023-07-18 11:39:29.195,0,3.281,0,53.99999999995089,0,27.50788245182727,8816181415,warm_disk_state
1689680369.721,2023-07-18 11:39:29.721,0,3.298,0,56.00000000004002,0,26.637359862042292,8816450778,warm_disk_state
1689680370.246,2023-07-18 11:39:30.246,0,3.93,0,56.00000000004002,0,26.637359862042292,8816713697,warm_disk_state
1689680370.776,2023-07-18 11:39:30.776,0,3.349,0,43.49999999999454,0,26.647619874433232,8816989225,warm_disk_state
1689680371.302,2023-07-18 11:39:31.302,0,3.229,0,43.49999999999454,0,26.647619874433232,8817259238,warm_disk_state
1689680371.829,2023-07-18 11:39:31.829,0,3.312,0,38.99999999998727,0,26.669718362659868,8817536397,warm_disk_state
1689680372.359,2023-07-18 11:39:32.359,0,4.07,0,38.99999999998727,0,26.669718362659868,8817950590,warm_disk_state
1689680372.894,2023-07-18 11:39:32.894,0,3.203,0,43.99999999995998,0,26.681951454356756,8818330017,warm_disk_state
1689680373.418,2023-07-18 11:39:33.418,0,3.551,0,39.500000000043656,0,26.63242716377742,8818668618,warm_disk_state
1689680373.947,2023-07-18 11:39:33.947,0,3.463,0,39.500000000043656,0,26.63242716377742,8818936452,warm_disk_state
1689680374.472,2023-07-18 11:39:34.472,0,3.811,0,40.000000000009095,0,26.664785664394998,8819211264,warm_disk_state
1689680374.998,2023-07-18 11:39:34.998,0,3.333,0,40.000000000009095,0,26.664785664394998,8819454495,warm_disk_state
1689680375.523,2023-07-18 11:39:35.523,0,3.588,0,42.000000000007276,0,26.632624471708017,8819709150,warm_disk_state
1689680376.049,2023-07-18 11:39:36.049,0,3.296,0,42.000000000007276,0,26.632624471708017,8819963893,warm_disk_state
1689680376.575,2023-07-18 11:39:36.575,0,3.738,0,39.24999999994725,0,26.621377919664102,8820229903,warm_disk_state
1689680377.1,2023-07-18 11:39:37.100,0,3.453,0,39.24999999994725,0,26.621377919664102,8820517232,warm_disk_state
1689680377.631,2023-07-18 11:39:37.631,0,3.27,0,41.50000000004184,0,26.637162554111697,8820831625,warm_disk_state
1689680378.156,2023-07-18 11:39:38.156,0,3.302,0,41.50000000004184,0,26.637162554111697,8821096204,warm_disk_state
1689680378.685,2023-07-18 11:39:38.685,0,3.94,0,38.50000000002183,0,26.623548306900645,8821357632,warm_disk_state
1689680379.212,2023-07-18 11:39:39.212,0,3.987,0,38.50000000002183,0,26.623548306900645,8821610718,warm_disk_state
1689680379.74,2023-07-18 11:39:39.740,0,4.721,0,56.25,0,27.449676612301754,8821918498,warm_disk_state
1689680380.268,2023-07-18 11:39:40.268,0,3.593,0,56.25,0,27.449676612301754,8822175892,warm_disk_state
1689680380.795,2023-07-18 11:39:40.795,0,3.898,0,60.7499999999618,0,26.615064065885065,8822468512,warm_disk_state
1689680381.324,2023-07-18 11:39:41.324,0,3.188,0,60.7499999999618,0,26.615064065885065,8822721023,warm_disk_state
1689680381.852,2023-07-18 11:39:41.852,0,3.193,0,40.50000000002001,0,26.59257096179724,8823019930,warm_disk_state
1689680382.386,2023-07-18 11:39:42.386,0,3.328,0,40.50000000002001,0,26.53219473503518,8823442794,warm_disk_state
1689680382.92,2023-07-18 11:39:42.920,0,3.645,0,41.249999999990905,0,26.53219473503518,8823753067,warm_disk_state
1689680383.447,2023-07-18 11:39:43.447,0,3.857,0,38.50000000002183,0,26.526867420909117,8824038308,warm_disk_state
1689680383.972,2023-07-18 11:39:43.972,0,3.395,0,38.50000000002183,0,26.526867420909117,8824305540,warm_disk_state
1689680384.499,2023-07-18 11:39:44.499,0,3.536,0,44.24999999996544,0,26.562974772207994,8824572540,warm_disk_state
1689680385.026,2023-07-18 11:39:45.026,0,3.929,0,44.24999999996544,0,26.562974772207994,8824825012,warm_disk_state
1689680385.552,2023-07-18 11:39:45.552,0,3.546,0,40.00000000005457,0,26.56731554668108,8825110373,warm_disk_state
1689680386.082,2023-07-18 11:39:46.082,0,3.275,0,40.00000000005457,0,26.56731554668108,8825362128,warm_disk_state
1689680386.613,2023-07-18 11:39:46.613,0,3.26,0,40.99999999993997,0,26.59888481557628,8825627579,warm_disk_state
1689680387.142,2023-07-18 11:39:47.142,0,3.395,0,40.99999999993997,0,26.59888481557628,8825883950,warm_disk_state
1689680387.672,2023-07-18 11:39:47.672,0,3.219,0,39.75000000000364,0,26.56001515324907,8826200424,warm_disk_state
1689680388.199,2023-07-18 11:39:48.199,0,3.203,0,39.75000000000364,0,26.56001515324907,8826457797,warm_disk_state
1689680388.726,2023-07-18 11:39:48.726,0,3.266,0,40.24999999996908,0,26.605001361424723,8826718819,warm_disk_state
1689680389.255,2023-07-18 11:39:49.255,0,3.525,0,40.24999999996908,0,26.605001361424723,8826977052,warm_disk_state
1689680389.781,2023-07-18 11:39:49.781,0,3.8,0,41.25000000003638,0,26.579745946308563,8827295072,warm_disk_state
1689680390.307,2023-07-18 11:39:50.307,0,4.282,0,41.25000000003638,0,26.579745946308563,8827538788,warm_disk_state
1689680390.834,2023-07-18 11:39:50.834,0,4.722,0,53.00000000002001,0,27.478680878099215,8827839433,warm_disk_state
1689680391.365,2023-07-18 11:39:51.365,0,3.692,0,53.00000000002001,0,27.478680878099215,8828089298,warm_disk_state
1689680391.896,2023-07-18 11:39:51.896,0,3.447,0,62.24999999994907,0,26.546006290176827,8828468154,warm_disk_state
1689680392.43,2023-07-18 11:39:52.430,0,3.515,0,38.50000000002183,0,26.514042405420447,8828911892,warm_disk_state
1689680392.992,2023-07-18 11:39:52.992,0,3.291,0,38.50000000002183,0,26.514042405420447,8829193389,warm_disk_state
1689680393.521,2023-07-18 11:39:53.521,0,3.562,0,43.000000000029104,0,26.572840168737745,8829474128,warm_disk_state
1689680394.052,2023-07-18 11:39:54.052,0,4.029,0,43.000000000029104,0,26.572840168737745,8829756782,warm_disk_state
1689680394.578,2023-07-18 11:39:54.578,0,3.219,0,39.499999999952706,0,26.534759738132912,8830033380,warm_disk_state
1689680395.102,2023-07-18 11:39:55.102,0,3.307,0,39.499999999952706,0,26.534759738132912,8830287716,warm_disk_state
1689680395.628,2023-07-18 11:39:55.628,0,3.541,0,40.74999999997999,0,26.530024347798637,8830574237,warm_disk_state
1689680396.152,2023-07-18 11:39:56.152,0,3.795,0,40.74999999997999,0,26.530024347798637,8830822421,warm_disk_state
1689680396.678,2023-07-18 11:39:56.678,0,3.203,0,42.00000000005275,0,26.531602811243392,8831080350,warm_disk_state
1689680397.208,2023-07-18 11:39:57.208,0,3.203,0,42.00000000005275,0,26.531602811243392,8831361472,warm_disk_state
1689680397.737,2023-07-18 11:39:57.737,0,3.254,0,38.50000000002183,0,26.52114549092186,8831658302,warm_disk_state
1689680398.263,2023-07-18 11:39:58.263,0,3.588,0,38.50000000002183,0,26.52114549092186,8831918752,warm_disk_state
1689680398.791,2023-07-18 11:39:58.791,0,3.24,0,41.9999999999618,0,26.52430241781138,8832192207,warm_disk_state
1689680399.318,2023-07-18 11:39:59.318,0,3.198,0,41.9999999999618,0,26.52430241781138,8832430669,warm_disk_state
1689680399.845,2023-07-18 11:39:59.845,0,3.484,0,39.75000000000364,0,26.52884050021507,8832733140,warm_disk_state
1689680400.376,2023-07-18 11:40:00.376,0,4.033,0,39.75000000000364,0,26.52884050021507,8832991483,warm_disk_state
1689680400.904,2023-07-18 11:40:00.904,0,3.551,0,42.75000000002365,0,26.591584422144265,8833264458,warm_disk_state
1689680401.43,2023-07-18 11:40:01.430,0,4.235,0,52.25000000000364,0,27.473353563973152,8833534980,warm_disk_state
1689680401.957,2023-07-18 11:40:01.957,0,4.106,0,52.25000000000364,0,27.473353563973152,8833835812,warm_disk_state
1689680402.487,2023-07-18 11:40:02.487,0,4.085,0,59.249999999974534,0,26.530221655729232,8834292007,warm_disk_state
1689680403.013,2023-07-18 11:40:03.013,0,3.37,0,59.249999999974534,0,26.530221655729232,8834688214,warm_disk_state
1689680403.544,2023-07-18 11:40:03.544,0,3.291,0,43.49999999999454,0,26.57007785770941,8834963826,warm_disk_state
1689680404.069,2023-07-18 11:40:04.069,0,3.37,0,43.49999999999454,0,26.57007785770941,8835232061,warm_disk_state
1689680404.595,2023-07-18 11:40:04.595,0,3.847,0,38.99999999998727,0,26.557647458081927,8835528075,warm_disk_state
1689680405.119,2023-07-18 11:40:05.119,0,3.265,0,38.99999999998727,0,26.557647458081927,8835774079,warm_disk_state
1689680405.643,2023-07-18 11:40:05.643,0,3.249,0,43.50000000004002,0,26.57007785770941,8836050223,warm_disk_state
1689680406.17,2023-07-18 11:40:06.170,0,3.219,0,43.50000000004002,0,26.57007785770941,8836304265,warm_disk_state
1689680406.697,2023-07-18 11:40:06.697,0,3.774,0,38.50000000002183,0,26.54087628398136,8836564952,warm_disk_state
1689680407.221,2023-07-18 11:40:07.221,0,3.266,0,38.50000000002183,0,26.54087628398136,8836886381,warm_disk_state
1689680407.746,2023-07-18 11:40:07.746,0,3.188,0,41.49999999999636,0,26.5902032666301,8837188024,warm_disk_state
1689680408.279,2023-07-18 11:40:08.279,0,3.229,0,41.49999999999636,0,26.5902032666301,8837443149,warm_disk_state
1689680408.813,2023-07-18 11:40:08.813,0,3.966,0,39.49999999999818,0,26.538311280883626,8837724736,warm_disk_state
1689680409.343,2023-07-18 11:40:09.343,0,3.224,0,39.49999999999818,0,26.538311280883626,8837965429,warm_disk_state
1689680409.868,2023-07-18 11:40:09.868,0,3.359,0,38.74999999998181,0,26.54127089984255,8838292306,warm_disk_state
1689680410.397,2023-07-18 11:40:10.397,0,3.406,0,42.50000000001819,0,26.546006290176827,8838545015,warm_disk_state
1689680410.923,2023-07-18 11:40:10.923,0,3.826,0,42.50000000001819,0,26.546006290176827,8838810666,warm_disk_state
1689680411.45,2023-07-18 11:40:11.450,0,3.525,0,39.74999999995816,0,26.52824857642328,8839093049,warm_disk_state
1689680411.976,2023-07-18 11:40:11.976,0,3.593,0,39.74999999995816,0,26.52824857642328,8839396480,warm_disk_state
1689680412.503,2023-07-18 11:40:12.503,0,4.277,0,54.50000000005275,0,27.425802352699762,8839819820,warm_disk_state
1689680413.039,2023-07-18 11:40:13.039,0,3.758,0,54.50000000005275,0,27.425802352699762,8840124097,warm_disk_state
1689680413.565,2023-07-18 11:40:13.565,0,3.624,0,60.499999999956344,0,26.557844766012522,8840383198,warm_disk_state
1689680414.092,2023-07-18 11:40:14.092,0,3.312,0,60.499999999956344,0,26.557844766012522,8840667725,warm_disk_state
1689680414.62,2023-07-18 11:40:14.620,0,3.254,0,41.25000000003638,0,26.597109044200923,8840966042,warm_disk_state
1689680415.145,2023-07-18 11:40:15.145,0,3.878,0,41.25000000003638,0,26.597109044200923,8841190416,warm_disk_state
1689680415.676,2023-07-18 11:40:15.676,0,3.307,0,40.99999999998545,0,26.566526314958704,8841457691,warm_disk_state
1689680416.21,2023-07-18 11:40:16.210,0,3.161,0,40.99999999998545,0,26.566526314958704,8841728973,warm_disk_state
1689680416.737,2023-07-18 11:40:16.737,0,3.219,0,37.74999999995998,0,26.54107359191195,8841984983,warm_disk_state
1689680417.263,2023-07-18 11:40:17.263,0,3.836,0,37.74999999995998,0,26.54107359191195,8842268717,warm_disk_state
1689680417.795,2023-07-18 11:40:17.795,0,3.239,0,41.750000000047294,0,26.553898607400626,8842576125,warm_disk_state
1689680418.323,2023-07-18 11:40:18.323,0,3.249,0,41.750000000047294,0,26.553898607400626,8842815686,warm_disk_state
1689680418.848,2023-07-18 11:40:18.848,0,3.249,0,39.499999999952706,0,26.538705896744812,8843091671,warm_disk_state
1689680419.379,2023-07-18 11:40:19.379,0,3.774,0,39.499999999952706,0,26.538705896744812,8843344804,warm_disk_state
1689680419.915,2023-07-18 11:40:19.915,0,3.645,0,41.00000000003092,0,26.542257439495526,8843663049,warm_disk_state
1689680420.441,2023-07-18 11:40:20.441,0,3.317,0,41.75000000000182,0,26.58073248596154,8843936136,warm_disk_state
1689680420.97,2023-07-18 11:40:20.970,0,3.265,0,41.75000000000182,0,26.58073248596154,8844183249,warm_disk_state
1689680421.497,2023-07-18 11:40:21.497,0,4.148,0,41.749999999956344,0,26.592176345936046,8844465699,warm_disk_state
1689680422.022,2023-07-18 11:40:22.022,0,3.369,0,41.749999999956344,0,26.592176345936046,8844877061,warm_disk_state
1689680422.548,2023-07-18 11:40:22.548,0,3.322,0,42.000000000007276,0,26.53258935089637,8845302858,warm_disk_state
1689680423.074,2023-07-18 11:40:23.074,0,3.992,0,42.000000000007276,0,26.53258935089637,8845603310,warm_disk_state
1689680423.6,2023-07-18 11:40:23.600,0,4.633,0,53.75000000003638,0,27.42126427029608,8845863967,warm_disk_state
1689680424.129,2023-07-18 11:40:24.129,0,3.312,0,53.75000000003638,0,27.42126427029608,8846137498,warm_disk_state
1689680424.654,2023-07-18 11:40:24.654,0,3.343,0,63.25000000001637,0,26.53969243639779,8846409881,warm_disk_state
1689680425.179,2023-07-18 11:40:25.179,0,3.37,0,63.25000000001637,0,26.53969243639779,8846685210,warm_disk_state
1689680425.707,2023-07-18 11:40:25.707,0,3.546,0,39.24999999994725,0,26.544625134662663,8846948047,warm_disk_state
1689680426.234,2023-07-18 11:40:26.234,0,3.713,0,39.24999999994725,0,26.544625134662663,8847197307,warm_disk_state
1689680426.766,2023-07-18 11:40:26.766,0,3.26,0,41.75000000000182,0,26.542257439495526,8847487233,warm_disk_state
1689680427.298,2023-07-18 11:40:27.298,0,3.198,0,41.75000000000182,0,26.542257439495526,8847753337,warm_disk_state
1689680427.824,2023-07-18 11:40:27.824,0,3.744,0,38.74999999998181,0,26.537719357091838,8848079873,warm_disk_state
1689680428.35,2023-07-18 11:40:28.350,0,3.52,0,38.74999999998181,0,26.537719357091838,8848324350,warm_disk_state
1689680428.916,2023-07-18 11:40:28.916,0,3.26,0,41.00000000003092,0,26.581324409753325,8848618265,warm_disk_to_warm_cpu_process
1689680429.169,2023-07-18 11:40:29.169,0,3.909,0,41.00000000003092,0,26.581324409753325,8848729971,warm_disk_to_warm_cpu_process
1689680429.429,2023-07-18 11:40:29.429,0,3.536,0,41.249999999990905,0,26.568302086334057,8848882052,warm_disk_to_warm_cpu_process
1689680429.663,2023-07-18 11:40:29.663,0,3.406,0,41.249999999990905,0,26.568302086334057,8849006935,warm_disk_to_warm_cpu_process
1689680431.105,2023-07-18 11:40:31.105,0,3.266,0,38.99999999998727,0,26.563961311860968,8849249938,warm_disk_to_warm_cpu_process
1689680434.975,2023-07-18 11:40:34.975,0,4.453,0,51.7500000000382,0,27.408044638946215,8850051502,warm_disk_to_warm_cpu_process
1689680435.359,2023-07-18 11:40:35.359,0,3.572,0,51.7500000000382,0,27.408044638946215,8852647955,warm_disk_to_warm_cpu_process
1689680435.778,2023-07-18 11:40:35.778,1,3.499,0,62.82435129741064,0,26.588230187324147,8855068675,warm_disk_to_warm_cpu_process
1689680436.142,2023-07-18 11:40:36.142,1,4.737,0,62.82435129741064,0,26.588230187324147,8855816057,warm_disk_to_warm_cpu_process
1689680436.426,2023-07-18 11:40:36.426,1,4.033,0,59.41883767537622,0,27.037894961150066,8856477895,warm_disk_to_warm_cpu_process
1689680436.709,2023-07-18 11:40:36.709,1,4.5,0,59.41883767537622,0,27.037894961150066,8857117036,warm_disk_to_warm_cpu_process
1689680436.989,2023-07-18 11:40:36.989,1,3.878,0,59.41883767537622,0,27.037894961150066,8857807827,warm_disk_to_warm_cpu_process
1689680437.263,2023-07-18 11:40:37.263,1,3.718,0,59.41883767537622,0,27.037894961150066,8858391413,warm_disk_to_warm_cpu_process
1689680437.537,2023-07-18 11:40:37.537,1,4.288,0,64.4999999999527,0,27.28768680128329,8859061087,warm_disk_to_warm_cpu_process
1689680437.809,2023-07-18 11:40:37.809,1,3.661,0,64.4999999999527,0,27.28768680128329,8859726964,warm_disk_to_warm_cpu_process
1689680438.083,2023-07-18 11:40:38.083,1,3.79,0,64.4999999999527,0,27.28768680128329,8860252388,warm_disk_to_warm_cpu_process
1689680438.356,2023-07-18 11:40:38.356,1,4.112,0,64.4999999999527,0,27.28768680128329,8860881889,warm_disk_to_warm_cpu_process
1689680438.637,2023-07-18 11:40:38.637,1,3.728,0,63.99999999998727,0,27.315901835358368,8861551387,warm_disk_to_warm_cpu_process
1689680438.914,2023-07-18 11:40:38.914,1,4.288,0,63.99999999998727,0,27.315901835358368,8862203102,warm_disk_to_warm_cpu_process
1689680439.189,2023-07-18 11:40:39.189,1,3.82,0,63.99999999998727,0,27.315901835358368,8862860913,warm_disk_to_warm_cpu_process
1689680439.466,2023-07-18 11:40:39.466,1,4.034,0,62.25000000004002,0,27.38022422073233,8863522011,warm_disk_to_warm_cpu_process
1689680439.74,2023-07-18 11:40:39.740,1,4.018,0,62.25000000004002,0,27.38022422073233,8864158937,warm_disk_to_warm_cpu_process
1689680440.017,2023-07-18 11:40:40.017,1,3.867,0,62.25000000004002,0,27.38022422073233,8864780872,warm_disk_to_warm_cpu_process
1689680440.292,2023-07-18 11:40:40.292,1,4.799,0,62.25000000004002,0,27.38022422073233,8865366331,warm_disk_to_warm_cpu_process
1689680440.57,2023-07-18 11:40:40.570,1,4.7,0,68.49999999994907,0,27.680724199028457,8866035150,warm_disk_to_warm_cpu_process
1689680440.849,2023-07-18 11:40:40.849,1,3.976,0,68.49999999994907,0,27.680724199028457,8866720482,warm_disk_to_warm_cpu_process
1689680441.201,2023-07-18 11:40:41.201,1,4.609,0,68.49999999994907,0,27.680724199028457,8867753127,warm_disk_to_warm_cpu_process
1689680441.502,2023-07-18 11:40:41.502,1,4.148,0,71.75000000002001,0,28.288629933191533,8868522427,warm_disk_to_warm_cpu_process
1689680441.866,2023-07-18 11:40:41.866,1,4.437,0,71.75000000002001,0,28.288629933191533,8869365910,warm_disk_to_warm_cpu_process
1689680442.186,2023-07-18 11:40:42.186,1,3.987,0,71.75000000002001,0,28.288629933191533,8870291147,warm_disk_to_warm_cpu_process
1689680442.499,2023-07-18 11:40:42.499,1,4.567,0,65.25000000001455,0,28.884302575657728,8871026552,warm_disk_to_warm_cpu_process
1689680442.827,2023-07-18 11:40:42.827,1,4.133,0,65.25000000001455,0,28.884302575657728,8871801853,warm_disk_to_warm_cpu_process
1689680443.142,2023-07-18 11:40:43.142,1,4.329,0,65.25000000001455,31,28.884302575657728,8872584074,warm_disk_to_warm_cpu_process
1689680443.458,2023-07-18 11:40:43.458,1,4.376,0,66.49999999999636,31,45.264215049859715,8873325368,warm_disk_to_warm_cpu_process
1689680443.79,2023-07-18 11:40:43.790,1,4.132,0,66.49999999999636,31,45.264215049859715,8874046950,warm_disk_to_warm_cpu_process
1689680444.097,2023-07-18 11:40:44.097,1,4.08,0,66.49999999999636,0,45.264215049859715,8874749618,warm_disk_to_warm_cpu_process
1689680444.418,2023-07-18 11:40:44.418,1,4.381,0,63.99999999998727,0,50.80935713130054,8875598396,warm_disk_to_warm_cpu_process
1689680444.728,2023-07-18 11:40:44.728,1,4.096,0,63.99999999998727,0,50.80935713130054,8876328504,warm_disk_to_warm_cpu_process
1689680445.11,2023-07-18 11:40:45.110,1,4.07,0,63.99999999998727,0,50.80935713130054,8877293317,warm_disk_to_warm_cpu_process
1689680445.428,2023-07-18 11:40:45.428,1,5.006,0,71.00000000000364,0,55.43839849098895,8878160658,warm_disk_to_warm_cpu_process
1689680445.738,2023-07-18 11:40:45.738,1,5.001,0,71.00000000000364,0,55.43839849098895,8878920620,warm_disk_to_warm_cpu_process
1689680446.049,2023-07-18 11:40:46.049,1,4.633,0,71.00000000000364,0,55.43839849098895,8879698008,warm_disk_to_warm_cpu_process
1689680446.351,2023-07-18 11:40:46.351,1,4.081,0,71.00000000000364,0,55.43839849098895,8880405275,warm_disk_to_warm_cpu_process
1689680446.658,2023-07-18 11:40:46.658,1,4.536,0,84.24999999997453,0,60.614969358078376,8881137431,warm_disk_to_warm_cpu_process
1689680446.966,2023-07-18 11:40:46.966,1,4.188,0,84.24999999997453,61,60.614969358078376,8881864000,warm_disk_to_warm_cpu_process
1689680447.341,2023-07-18 11:40:47.341,1,4.411,0,84.24999999997453,61,60.614969358078376,8882626455,warm_disk_to_warm_cpu_process
1689680447.652,2023-07-18 11:40:47.652,1,4.469,0,69.24999999996544,61,70.89155561518639,8883422262,warm_disk_to_warm_cpu_process
1689680447.959,2023-07-18 11:40:47.959,1,4.174,0,69.24999999996544,0,70.89155561518639,8884207737,warm_disk_to_warm_cpu_process
1689680448.267,2023-07-18 11:40:48.267,1,4.297,0,69.24999999996544,0,70.89155561518639,8884973137,warm_disk_to_warm_cpu_process
1689680448.577,2023-07-18 11:40:48.577,1,4.463,0,72.75000000008731,0,75.19760389249085,8885758507,warm_disk_to_warm_cpu_process
1689680448.909,2023-07-18 11:40:48.909,1,4.276,0,72.75000000008731,0,75.19760389249085,8886533926,warm_disk_to_warm_cpu_process
1689680449.223,2023-07-18 11:40:49.223,1,4.07,0,72.75000000008731,0,75.19760389249085,8887255816,warm_disk_to_warm_cpu_process
1689680449.532,2023-07-18 11:40:49.532,1,4.396,0,77.24999999995816,0,79.3398865874015,8888068954,warm_disk_to_warm_cpu_process
1689680449.84,2023-07-18 11:40:49.840,1,4.323,0,77.24999999995816,0,79.3398865874015,8888841781,warm_disk_to_warm_cpu_process
1689680450.146,2023-07-18 11:40:50.146,1,3.941,0,77.24999999995816,0,79.3398865874015,8889578304,warm_disk_to_warm_cpu_process
1689680450.465,2023-07-18 11:40:50.465,1,4.308,0,75.7499999999709,0,79.38605664316071,8890346111,warm_disk_to_warm_cpu_process
1689680450.774,2023-07-18 11:40:50.774,1,4.227,0,75.7499999999709,0,79.38605664316071,8891123270,warm_disk_to_warm_cpu_process
1689680451.08,2023-07-18 11:40:51.080,1,5.257,0,75.7499999999709,0,79.38605664316071,8891829978,warm_disk_to_warm_cpu_process
1689680451.442,2023-07-18 11:40:51.442,1,3.941,0,68.0000000000291,0,79.37303431974144,8892703565,warm_disk_to_warm_cpu_process
1689680451.756,2023-07-18 11:40:51.756,1,3.609,0,68.0000000000291,0,79.37303431974144,8893472142,warm_disk_to_warm_cpu_process
1689680452.065,2023-07-18 11:40:52.065,1,3.758,0,68.0000000000291,0,79.37303431974144,8894425034,warm_disk_to_warm_cpu_process
1689680452.371,2023-07-18 11:40:52.371,1,3.692,0,68.0000000000291,0,79.37303431974144,8895193791,warm_disk_to_warm_cpu_process
1689680452.702,2023-07-18 11:40:52.702,1,3.281,0,60.500000000047294,0,79.36691777389301,8895927926,warm_disk_to_warm_cpu_process
1689680453.009,2023-07-18 11:40:53.009,1,3.894,0,60.500000000047294,0,79.36691777389301,8896651302,warm_disk_to_warm_cpu_process
1689680453.321,2023-07-18 11:40:53.321,1,3.317,0,60.500000000047294,0,79.36691777389301,8897438247,warm_disk_to_warm_cpu_process
1689680453.63,2023-07-18 11:40:53.630,1,3.862,0,39.499999999952706,0,79.36119584390575,8898173003,warm_disk_to_warm_cpu_process
1689680453.935,2023-07-18 11:40:53.935,1,3.343,0,39.499999999952706,0,79.36119584390575,8898947001,warm_disk_to_warm_cpu_process
1689680454.244,2023-07-18 11:40:54.244,1,3.307,0,39.499999999952706,0,79.36119584390575,8899699171,warm_disk_to_warm_cpu_process
1689680454.551,2023-07-18 11:40:54.551,1,3.862,0,42.000000000007276,0,79.42137476273722,8900454889,warm_disk_to_warm_cpu_process
1689680454.858,2023-07-18 11:40:54.858,1,3.27,0,42.000000000007276,0,79.42137476273722,8901188412,warm_disk_to_warm_cpu_process
1689680455.243,2023-07-18 11:40:55.243,1,3.64,0,42.000000000007276,0,79.42137476273722,8902147620,warm_disk_to_warm_cpu_process
1689680455.554,2023-07-18 11:40:55.554,1,3.224,0,41.50000000004184,0,79.38901626211964,8902946230,warm_disk_to_warm_cpu_process
1689680455.86,2023-07-18 11:40:55.860,1,3.681,0,41.50000000004184,0,79.38901626211964,8903726590,warm_disk_to_warm_cpu_process
1689680476.335,2023-07-18 11:41:16.335,1,3.193,0,40.25000000001455,0,79.45432518714657,8945781813,warm_cpu_state
1689680476.884,2023-07-18 11:41:16.884,1,3.536,0,43.000000000029104,0,79.4065766679426,8946894675,warm_cpu_state
1689680477.432,2023-07-18 11:41:17.432,1,3.702,0,37.99999999996544,0,79.39276511280094,8948020319,warm_cpu_state
1689680477.985,2023-07-18 11:41:17.985,1,3.198,0,37.99999999996544,0,79.39276511280094,8949099741,warm_cpu_state
1689680478.539,2023-07-18 11:41:18.539,1,3.136,0,42.75000000002365,0,79.4574821140361,8950192608,warm_cpu_state
1689680479.086,2023-07-18 11:41:19.086,1,4.132,0,42.75000000002365,0,79.4574821140361,8951302946,warm_cpu_state
1689680479.631,2023-07-18 11:41:19.631,1,4.044,0,61.249999999972715,0,80.09261634262127,8952431925,warm_cpu_state
1689680480.185,2023-07-18 11:41:20.185,1,3.385,0,61.249999999972715,0,80.09261634262127,8953553835,warm_cpu_state
1689680480.732,2023-07-18 11:41:20.732,1,3.188,0,53.00000000002001,0,79.46379596781513,8954594226,warm_cpu_state
1689680481.281,2023-07-18 11:41:21.281,1,3.177,0,53.00000000002001,0,79.46379596781513,8955729484,warm_cpu_state
1689680481.827,2023-07-18 11:41:21.827,1,3.25,0,40.49999999997453,0,79.43045092754458,8956874766,warm_cpu_state
1689680482.373,2023-07-18 11:41:22.373,1,4.003,0,40.49999999997453,0,79.43045092754458,8958026420,warm_cpu_state
1689680482.931,2023-07-18 11:41:22.931,1,3.156,0,40.750000000025466,0,79.42749130858566,8959162338,warm_cpu_state
1689680483.478,2023-07-18 11:41:23.478,1,3.671,0,41.75000000000182,0,79.40618205208139,8960314541,warm_cpu_state
1689680484.025,2023-07-18 11:41:24.025,1,3.172,0,41.75000000000182,0,79.40618205208139,8961428357,warm_cpu_state
1689680484.576,2023-07-18 11:41:24.576,1,3.463,0,42.49999999992724,0,79.39927627451058,8962542493,warm_cpu_state
1689680485.126,2023-07-18 11:41:25.126,1,3.557,0,42.49999999992724,0,79.39927627451058,8963710738,warm_cpu_state
1689680485.708,2023-07-18 11:41:25.708,1,3.37,0,42.75000000002365,0,79.4373567051154,8964925436,warm_cpu_state
1689680486.259,2023-07-18 11:41:26.259,1,3.198,0,42.75000000002365,0,79.4373567051154,8965970904,warm_cpu_state
1689680486.807,2023-07-18 11:41:26.807,1,3.223,0,40.000000000009095,0,79.3785589417981,8967119442,warm_cpu_state
1689680487.356,2023-07-18 11:41:27.356,1,3.888,0,40.000000000009095,0,79.3785589417981,8968153844,warm_cpu_state
1689680487.906,2023-07-18 11:41:27.906,1,3.302,0,41.49999999999636,0,79.41446898516638,8969263615,warm_cpu_state
1689680488.452,2023-07-18 11:41:28.452,1,3.484,0,39.249999999992724,0,79.4065766679426,8970411597,warm_cpu_state
1689680488.999,2023-07-18 11:41:28.999,1,3.188,0,39.249999999992724,0,79.4065766679426,8971451122,warm_cpu_state
1689680489.546,2023-07-18 11:41:29.546,1,3.312,0,39.75000000000364,0,79.48352676087462,8972549307,warm_cpu_state
1689680490.095,2023-07-18 11:41:30.095,1,4.437,0,39.75000000000364,0,79.48352676087462,8973723835,warm_cpu_state
1689680490.639,2023-07-18 11:41:30.639,1,3.671,0,64.2500000000382,0,80.35286550307603,8974817470,warm_cpu_state
1689680491.185,2023-07-18 11:41:31.185,1,3.136,0,64.2500000000382,0,80.35286550307603,8975901368,warm_cpu_state
1689680491.731,2023-07-18 11:41:31.731,1,3.161,0,51.24999999998181,0,79.41979629929246,8977049947,warm_cpu_state
1689680492.277,2023-07-18 11:41:32.277,1,3.593,0,51.24999999998181,0,79.41979629929246,8978162638,warm_cpu_state
1689680492.822,2023-07-18 11:41:32.822,1,3.047,0,42.50000000001819,0,79.42788592444685,8979342368,warm_cpu_state
1689680493.369,2023-07-18 11:41:33.369,1,3.172,0,42.50000000001819,0,79.42788592444685,8980514504,warm_cpu_state
1689680493.926,2023-07-18 11:41:33.926,1,3.156,0,38.99999999994179,0,79.42255861032078,8981660399,warm_cpu_state
1689680494.472,2023-07-18 11:41:34.472,1,3.862,0,43.25000000003456,0,79.49556254464092,8982705931,warm_cpu_state
1689680495.017,2023-07-18 11:41:35.017,1,3.379,0,43.25000000003456,0,79.49556254464092,8983844737,warm_cpu_state
1689680495.562,2023-07-18 11:41:35.562,1,3.442,0,39.74999999995816,0,79.45018172060408,8984944281,warm_cpu_state
1689680496.11,2023-07-18 11:41:36.110,1,3.161,0,39.74999999995816,0,79.45018172060408,8986083744,warm_cpu_state
1689680496.659,2023-07-18 11:41:36.659,1,3.25,0,41.00000000003093,0,79.44426248268624,8987254072,warm_cpu_state
1689680497.206,2023-07-18 11:41:37.206,1,3.853,0,41.00000000003093,0,79.44426248268624,8988296749,warm_cpu_state
1689680497.755,2023-07-18 11:41:37.755,1,3.136,0,41.49999999995089,0,79.40499820449783,8989410355,warm_cpu_state
1689680498.301,2023-07-18 11:41:38.301,1,3.11,0,41.49999999995089,0,79.40499820449783,8990571442,warm_cpu_state
1689680498.848,2023-07-18 11:41:38.848,1,3.198,0,40.500000000065484,0,79.3704693166437,8991681436,warm_cpu_state
1689680499.394,2023-07-18 11:41:39.394,1,3.53,0,42.74999999997817,0,79.39118664935619,8992834230,warm_cpu_state
1689680499.955,2023-07-18 11:41:39.955,1,3.696,0,42.74999999997817,0,79.39118664935619,8993813012,warm_cpu_state
1689680500.514,2023-07-18 11:41:40.514,1,3.453,0,38.99999999998727,0,79.36573392630943,8994966427,warm_cpu_state
1689680501.064,2023-07-18 11:41:41.064,1,3.888,0,38.99999999998727,0,79.36573392630943,8996047448,warm_cpu_state
1689680501.611,2023-07-18 11:41:41.611,1,4.635,0,63.00000000005639,0,80.12971023357312,8997197529,warm_cpu_state
1689680502.163,2023-07-18 11:41:42.163,1,3.687,0,63.00000000005639,0,80.12971023357312,8998315654,warm_cpu_state
1689680502.721,2023-07-18 11:41:42.721,1,3.302,0,50.500000000010914,0,79.40282781726128,8999364021,warm_cpu_state
1689680503.274,2023-07-18 11:41:43.274,1,3.11,0,50.500000000010914,0,79.40282781726128,9000445752,warm_cpu_state
1689680503.821,2023-07-18 11:41:43.821,1,3.577,0,40.499999999974534,0,79.46596635505168,9001612638,warm_cpu_state
1689680504.369,2023-07-18 11:41:44.369,1,3.198,0,40.499999999974534,0,79.46596635505168,9002707231,warm_cpu_state
1689680504.928,2023-07-18 11:41:44.928,1,3.878,0,44.24999999996544,0,79.44011901614374,9003881808,warm_cpu_state
1689680505.486,2023-07-18 11:41:45.486,1,3.447,0,38.000000000010914,0,79.43104285133636,9005065292,warm_cpu_state
1689680506.034,2023-07-18 11:41:46.034,1,3.474,0,38.000000000010914,0,79.43104285133636,9006152570,warm_cpu_state
1689680506.582,2023-07-18 11:41:46.582,1,3.354,0,44.00000000000546,0,79.41861245170888,9007269741,warm_cpu_state
1689680507.132,2023-07-18 11:41:47.132,1,3.39,0,44.00000000000546,0,79.41861245170888,9008372064,warm_cpu_state
1689680507.686,2023-07-18 11:41:47.686,1,3.613,0,38.74999999998181,0,79.4493924888817,9009498862,warm_cpu_state
1689680508.235,2023-07-18 11:41:48.235,1,3.161,0,38.74999999998181,0,79.4493924888817,9010624171,warm_cpu_state
1689680508.782,2023-07-18 11:41:48.782,1,3.152,0,41.50000000004184,0,79.43834324476839,9011787374,warm_cpu_state
1689680509.331,2023-07-18 11:41:49.331,1,3.141,0,41.50000000004184,0,79.43834324476839,9012860403,warm_cpu_state
1689680509.879,2023-07-18 11:41:49.879,1,3.8,0,39.99999999996362,0,79.41604744861115,9013999434,warm_cpu_state
1689680510.425,2023-07-18 11:41:50.425,1,3.447,0,40.25000000006003,0,79.46024442506442,9015122944,warm_cpu_state
1689680510.979,2023-07-18 11:41:50.979,1,3.406,0,40.25000000006003,0,79.46024442506442,9016154253,warm_cpu_state
1689680511.53,2023-07-18 11:41:51.530,1,3.463,0,43.749999999954525,0,79.4450517144086,9017249699,warm_cpu_state
1689680512.094,2023-07-18 11:41:52.094,1,4.06,0,43.749999999954525,0,79.4450517144086,9018411667,warm_cpu_state
1689680512.676,2023-07-18 11:41:52.676,1,4.339,0,58.750000000009095,0,80.26545808982246,9019603315,warm_cpu_state
1689680513.224,2023-07-18 11:41:53.224,1,3.732,0,58.750000000009095,0,80.26545808982246,9020743426,warm_cpu_state
1689680513.77,2023-07-18 11:41:53.770,1,3.442,0,56.750000000010914,0,79.40144666174712,9021770833,warm_cpu_state
1689680514.318,2023-07-18 11:41:54.318,1,3.235,0,56.750000000010914,0,79.40144666174712,9022901251,warm_cpu_state
1689680514.866,2023-07-18 11:41:54.866,1,3.229,0,40.750000000025466,0,79.40381435691425,9024033737,warm_cpu_state
1689680515.414,2023-07-18 11:41:55.414,1,3.779,0,40.74999999997999,0,79.48352676087462,9025183275,warm_cpu_state
1689680515.989,2023-07-18 11:41:55.989,1,3.722,0,40.74999999997999,0,79.48352676087462,9026378161,warm_cpu_state
1689680516.537,2023-07-18 11:41:56.537,1,3.551,0,40.499999999974534,0,79.4300563116834,9027526496,warm_cpu_state
1689680517.096,2023-07-18 11:41:57.096,1,3.063,0,40.499999999974534,0,79.4300563116834,9028620583,warm_cpu_state
1689680517.657,2023-07-18 11:41:57.657,1,3.182,0,41.49999999999636,0,79.4340024702953,9029812742,warm_cpu_state
1689680518.209,2023-07-18 11:41:58.209,1,3.779,0,41.49999999999636,0,79.4340024702953,9030925344,warm_cpu_state
1689680518.787,2023-07-18 11:41:58.787,1,3.198,0,43.75,0,79.41545552481936,9032049769,warm_cpu_state
1689680519.338,2023-07-18 11:41:59.338,1,3.203,0,43.75,0,79.41545552481936,9033115451,warm_cpu_state
1689680519.888,2023-07-18 11:41:59.888,1,3.261,0,38.74999999998181,0,79.42374245790435,9034255316,warm_cpu_state
1689680520.436,2023-07-18 11:42:00.436,1,3.593,0,43.25000000003456,0,79.4221639944596,9035425302,warm_cpu_state
1689680520.984,2023-07-18 11:42:00.984,1,3.779,0,43.25000000003456,0,79.4221639944596,9036515638,warm_cpu_state
1689680521.53,2023-07-18 11:42:01.530,1,3.338,0,39.74999999995816,0,79.4336078544341,9037657483,warm_cpu_state
1689680522.076,2023-07-18 11:42:02.076,1,3.099,0,39.74999999995816,0,79.4336078544341,9038693329,warm_cpu_state
1689680522.622,2023-07-18 11:42:02.622,1,3.078,0,41.750000000047294,0,79.49516792877974,9039802362,warm_cpu_state
1689680523.166,2023-07-18 11:42:03.166,1,4.567,0,41.750000000047294,0,79.49516792877974,9040960968,warm_cpu_state
1689680523.712,2023-07-18 11:42:03.712,1,4.541,0,60.24999999999636,0,80.21553918338194,9042105612,warm_cpu_state
1689680524.259,2023-07-18 11:42:04.259,1,3.182,0,60.24999999999636,0,80.21553918338194,9043201192,warm_cpu_state
1689680524.808,2023-07-18 11:42:04.808,1,3.193,0,57.500000000027285,0,79.47839675467915,9044392874,warm_cpu_state
1689680525.357,2023-07-18 11:42:05.357,1,3.156,0,57.500000000027285,0,79.47839675467915,9045542824,warm_cpu_state
1689680525.928,2023-07-18 11:42:05.928,1,3.841,0,43.249999999989086,0,79.43834324476839,9046787752,warm_cpu_state
1689680526.479,2023-07-18 11:42:06.479,1,3.499,0,40.99999999998545,0,79.41367975344401,9047925888,warm_cpu_state
1689680527.033,2023-07-18 11:42:07.033,1,3.136,0,40.99999999998545,0,79.41367975344401,9049036711,warm_cpu_state
1689680527.579,2023-07-18 11:42:07.579,1,3.11,0,41.49999999999636,0,79.41900706757006,9050108410,warm_cpu_state
1689680528.129,2023-07-18 11:42:08.129,1,3.317,0,41.49999999999636,0,79.41900706757006,9051113239,warm_cpu_state
1689680528.676,2023-07-18 11:42:08.676,1,3.722,0,39.500000000043656,0,79.46261212023155,9052238072,warm_cpu_state
1689680529.222,2023-07-18 11:42:09.222,1,3.115,0,39.500000000043656,0,79.46261212023155,9053320961,warm_cpu_state
1689680529.766,2023-07-18 11:42:09.766,1,3.11,0,40.99999999993997,0,79.46300673609275,9054493427,warm_cpu_state
1689680530.313,2023-07-18 11:42:10.313,1,3.182,0,40.99999999993997,0,79.46300673609275,9055535926,warm_cpu_state
1689680530.862,2023-07-18 11:42:10.862,1,3.587,0,40.99999999998545,0,79.43617285753184,9056688836,warm_cpu_state
1689680531.409,2023-07-18 11:42:11.409,1,3.666,0,40.99999999998545,0,79.4572848061055,9057808186,warm_cpu_state
1689680531.957,2023-07-18 11:42:11.957,1,3.229,0,40.99999999998545,0,79.4572848061055,9058944158,warm_cpu_state
1689680532.502,2023-07-18 11:42:12.502,1,3.354,0,42.99999999998363,0,79.46320404402336,9060051900,warm_cpu_state
1689680533.051,2023-07-18 11:42:13.051,1,3.104,0,42.99999999998363,0,79.46320404402336,9061167229,warm_cpu_state
1689680533.598,2023-07-18 11:42:13.598,1,3.811,0,38.5000000000673,0,79.42887246409983,9062321838,warm_cpu_state
1689680534.144,2023-07-18 11:42:14.144,1,3.894,0,38.5000000000673,0,79.42887246409983,9063401130,warm_cpu_state
1689680534.689,2023-07-18 11:42:14.689,1,4.463,0,56.249999999954525,0,79.99376506939319,9064592384,warm_cpu_state
1689680535.236,2023-07-18 11:42:15.236,1,3.104,0,56.249999999954525,0,79.99376506939319,9065759631,warm_cpu_state
1689680535.784,2023-07-18 11:42:15.784,1,3.254,0,56.00000000004002,0,79.49378677326557,9066938157,warm_cpu_state
1689680536.333,2023-07-18 11:42:16.333,1,3.774,0,56.00000000004002,0,79.49378677326557,9068058029,warm_cpu_state
1689680536.881,2023-07-18 11:42:16.881,1,3.224,0,42.499999999972715,0,79.51154448701911,9069186312,warm_cpu_state
1689680537.442,2023-07-18 11:42:17.442,1,3.489,0,40.000000000009095,0,79.46004711713383,9070326252,warm_cpu_state
1689680537.999,2023-07-18 11:42:17.999,1,3.224,0,40.000000000009095,0,79.46004711713383,9071447179,warm_cpu_state
1689680538.547,2023-07-18 11:42:18.547,1,3.671,0,39.249999999992724,0,79.44268401924147,9072464984,warm_cpu_state
1689680539.092,2023-07-18 11:42:19.092,1,3.374,0,39.249999999992724,0,79.44268401924147,9073597964,warm_cpu_state
1689680539.637,2023-07-18 11:42:19.637,1,3.161,0,41.249999999990905,0,79.47306944055309,9074738737,warm_cpu_state
1689680540.185,2023-07-18 11:42:20.185,1,3.224,0,41.249999999990905,0,79.47306944055309,9075860130,warm_cpu_state
1689680540.736,2023-07-18 11:42:20.736,1,3.141,0,41.49999999999636,0,79.47050443745536,9077033465,warm_cpu_state
1689680541.284,2023-07-18 11:42:21.284,1,3.925,0,41.49999999999636,0,79.47050443745536,9078139489,warm_cpu_state
1689680541.829,2023-07-18 11:42:21.829,1,3.089,0,43.75,0,79.47070174538595,9079289460,warm_cpu_state
1689680573.383,2023-07-18 11:42:53.383,1,4.752,0,64.50000000004366,0,90.22457588660319,9141420639,active_state
1689680573.935,2023-07-18 11:42:53.935,1,4.609,0,66.49999999995089,0,90.33704140704232,9142531933,active_state
1689680574.483,2023-07-18 11:42:54.483,1,4.453,0,73.00000000000182,0,90.1924146939162,9143672112,active_state
1689680575.029,2023-07-18 11:42:55.029,1,9.002,0,73.00000000000182,0,90.1924146939162,9144795938,active_state
1689680575.576,2023-07-18 11:42:55.576,1,4.876,0,52.000000000043656,0,90.37176760282702,9146029153,active_state
1689680576.127,2023-07-18 11:42:56.127,1,4.81,0,52.000000000043656,0,90.37176760282702,9147042509,active_state
1689680576.674,2023-07-18 11:42:56.674,1,4.127,0,69.50000000001637,0,90.4905469770452,9148093667,active_state
1689680577.221,2023-07-18 11:42:57.221,1,3.904,0,69.50000000001637,0,90.4905469770452,9149238271,active_state
1689680577.773,2023-07-18 11:42:57.773,1,5.941,0,69.4999999999709,0,90.48443043119676,9150406721,active_state
1689680578.321,2023-07-18 11:42:58.321,1,10.074,0,69.4999999999709,0,90.48443043119676,9151477230,active_state
1689680578.877,2023-07-18 11:42:58.877,1,4.256,0,55.25000000002365,0,90.08922264621503,9152604210,active_state
1689680579.426,2023-07-18 11:42:59.426,1,4.81,0,73.99999999997817,0,90.17663005946861,9153671219,active_state
1689680579.975,2023-07-18 11:42:59.975,1,4.23,0,73.99999999997817,0,90.17663005946861,9154781444,active_state
1689680580.523,2023-07-18 11:43:00.523,1,9.72,0,70.25000000003274,0,90.40175840827746,9155931959,active_state
1689680581.068,2023-07-18 11:43:01.068,1,4.726,0,70.25000000003274,99,90.40175840827746,9157040175,active_state
1689680581.615,2023-07-18 11:43:01.615,1,4.969,0,61.50000000002365,99,90.60636673230444,9158167357,active_state
1689680582.159,2023-07-18 11:43:02.159,1,10.172,0,61.50000000002365,0,90.60636673230444,9159287260,active_state
1689680582.707,2023-07-18 11:43:02.707,1,4.07,0,86.99999999994361,0,91.59803639147472,9160380027,active_state
1689680583.253,2023-07-18 11:43:03.253,1,9.881,0,86.99999999994361,99,91.59803639147472,9161598501,active_state
1689680583.799,2023-07-18 11:43:03.799,1,4.546,0,71.00000000000364,99,90.31573215053807,9162710311,active_state
1689680584.347,2023-07-18 11:43:04.347,1,4.365,0,71.00000000000364,99,90.31573215053807,9163822763,active_state
1689680584.894,2023-07-18 11:43:04.894,1,4.49,0,59.500000000025466,0,90.43451152475622,9164853019,active_state
1689680585.453,2023-07-18 11:43:05.453,1,4.871,0,80.99999999999454,0,90.57124592065854,9166019746,active_state
1689680586.006,2023-07-18 11:43:06.006,1,4.815,0,80.99999999999454,0,90.57124592065854,9167274973,active_state
1689680586.553,2023-07-18 11:43:06.553,1,4.297,0,67.50000000001819,0,90.43845768336813,9168207956,active_state
1689680587.104,2023-07-18 11:43:07.104,1,9.049,0,67.50000000001819,0,90.43845768336813,9169281430,active_state
1689680587.718,2023-07-18 11:43:07.718,1,4.773,0,61.49999999997817,0,90.63181945535119,9170467501,active_state
1689680588.265,2023-07-18 11:43:08.265,1,10.164,0,61.49999999997817,0,90.63181945535119,9171578339,active_state
1689680588.815,2023-07-18 11:43:08.815,1,4.607,0,60.24999999999636,0,90.3102075284814,9172752323,active_state
1689680589.361,2023-07-18 11:43:09.361,1,4.52,0,60.24999999999636,0,90.3102075284814,9173849773,active_state
1689680589.918,2023-07-18 11:43:09.918,1,4.288,0,66.00000000003092,0,90.38380338659331,9175008673,active_state
1689680590.462,2023-07-18 11:43:10.462,1,4.614,0,69.99999999993634,0,90.4791031170707,9176129562,active_state
1689680591.007,2023-07-18 11:43:11.007,1,4.638,0,69.99999999993634,0,90.4791031170707,9177248636,active_state
1689680591.554,2023-07-18 11:43:11.554,1,4.23,0,69.75000000002183,0,90.38774954520522,9178400486,active_state
1689680592.102,2023-07-18 11:43:12.102,1,9.35,0,69.75000000002183,0,90.38774954520522,9179542236,active_state
1689680592.649,2023-07-18 11:43:12.649,1,4.443,0,60.24999999995089,0,90.57755977443757,9180640543,active_state
1689680593.193,2023-07-18 11:43:13.193,1,10.546,0,60.24999999995089,0,90.57755977443757,9181697273,active_state
1689680593.745,2023-07-18 11:43:13.745,1,5.515,0,59.00000000006003,0,90.54401742623644,9182844862,active_state
1689680594.307,2023-07-18 11:43:14.307,1,4.892,0,59.00000000006003,0,90.54401742623644,9183926561,active_state
1689680594.853,2023-07-18 11:43:14.853,1,4.183,0,93.0000000000291,0,90.38932800864998,9185048046,active_state
1689680595.399,2023-07-18 11:43:15.399,1,4.344,0,67.24999999996726,0,90.32540023913721,9186206380,active_state
1689680595.951,2023-07-18 11:43:15.951,1,4.49,0,67.24999999996726,0,90.32540023913721,9187373493,active_state
1689680596.498,2023-07-18 11:43:16.498,1,9.238,0,64.49999999999818,0,90.42918421063017,9188479612,active_state
1689680597.043,2023-07-18 11:43:17.043,1,6.324,0,64.49999999999818,99,90.42918421063017,9189633589,active_state
1689680597.588,2023-07-18 11:43:17.588,1,9.805,0,52.500000000009095,99,90.26739170754229,9190785598,active_state
1689680598.134,2023-07-18 11:43:18.134,1,6.338,0,52.500000000009095,99,90.26739170754229,9191916322,active_state
1689680598.679,2023-07-18 11:43:18.679,1,10.099,0,49.499999999989086,99,90.47022426019392,9193015864,active_state
1689680599.228,2023-07-18 11:43:19.228,1,9.374,0,49.499999999989086,99,90.47022426019392,9194125068,active_state
1689680599.775,2023-07-18 11:43:19.775,1,4.355,0,50.25000000005093,99,90.31099676020378,9195238097,active_state
1689680600.323,2023-07-18 11:43:20.323,1,10.267,0,50.25000000005093,18,90.31099676020378,9196328865,active_state
1689680600.869,2023-07-18 11:43:20.869,1,8.928,0,52.24999999995816,0,90.58249247270244,9197462763,active_state
1689680601.413,2023-07-18 11:43:21.413,1,8.647,0,51.24999999998181,0,90.3255975470678,9198518650,active_state
1689680601.96,2023-07-18 11:43:21.960,1,8.949,0,51.24999999998181,89,90.3255975470678,9199614608,active_state
1689680602.507,2023-07-18 11:43:22.507,1,4.722,0,53.50000000003092,89,89.9497259392844,9200799586,active_state
1689680603.054,2023-07-18 11:43:23.054,1,10.206,0,53.50000000003092,99,89.9497259392844,9201898900,active_state
1689680603.599,2023-07-18 11:43:23.599,1,8.821,0,50.49999999996544,99,90.10263958549551,9203008585,active_state
1689680604.147,2023-07-18 11:43:24.147,1,9.348,0,50.49999999996544,99,90.10263958549551,9204038418,active_state
1689680604.697,2023-07-18 11:43:24.697,1,10.212,0,62.74999999995998,99,90.19458508115275,9205182027,active_state
1689680605.242,2023-07-18 11:43:25.242,1,5.367,0,62.74999999995998,99,90.19458508115275,9206302158,active_state
1689680605.787,2023-07-18 11:43:25.787,1,5.191,0,79.00000000004184,99,91.06688344231308,9207524555,active_state
1689680606.364,2023-07-18 11:43:26.364,1,4.183,0,79.00000000004184,0,91.06688344231308,9208716267,active_state
1689680606.92,2023-07-18 11:43:26.920,1,4.521,0,78.50000000003092,0,90.32441369948424,9209883004,active_state
1689680607.466,2023-07-18 11:43:27.466,1,4.07,0,67.49999999997272,0,90.24233360035673,9211029590,active_state
1689680608.016,2023-07-18 11:43:28.016,1,7.075,0,67.49999999997272,0,90.24233360035673,9212164366,active_state
1689680608.564,2023-07-18 11:43:28.564,1,9.652,0,52.25000000000364,0,90.37808145660607,9213239245,active_state
1689680609.113,2023-07-18 11:43:29.113,1,9.555,0,52.25000000000364,0,90.37808145660607,9214398181,active_state
1689680609.671,2023-07-18 11:43:29.671,1,4.757,0,58.0000000000382,0,89.80924269270079,9215403376,active_state
1689680610.217,2023-07-18 11:43:30.217,1,4.199,0,58.0000000000382,0,89.80924269270079,9216560638,active_state
1689680610.764,2023-07-18 11:43:30.764,1,4.649,0,71.99999999997999,0,90.19912316355644,9217682567,active_state
1689680611.31,2023-07-18 11:43:31.310,1,4.607,0,71.99999999997999,0,90.19912316355644,9218775724,active_state
1689680611.856,2023-07-18 11:43:31.856,1,4.23,0,69.75000000002183,0,90.28475480543466,9219904363,active_state
1689680612.407,2023-07-18 11:43:32.407,1,7.866,0,67.7499999999327,0,90.28475480543466,9220946299,active_state
1689680612.954,2023-07-18 11:43:32.954,1,9.36,0,67.7499999999327,99,90.28475480543466,9222114382,active_state
1689680613.501,2023-07-18 11:43:33.501,1,10.128,0,52.25000000004911,99,90.09948265860598,9223265167,active_state
1689680614.049,2023-07-18 11:43:34.049,1,4.609,0,52.25000000004911,95,90.09948265860598,9224401309,active_state
1689680614.594,2023-07-18 11:43:34.594,1,4.261,0,55.99999999999454,95,90.1689350501754,9225495776,active_state
1689680615.14,2023-07-18 11:43:35.140,1,4.469,0,55.99999999999454,0,90.1689350501754,9226605161,active_state
1689680615.688,2023-07-18 11:43:35.688,1,4.546,0,66.49999999999636,0,90.16715927880006,9227838315,active_state
1689680616.235,2023-07-18 11:43:36.235,1,5.201,0,66.49999999999636,0,90.16715927880006,9228797073,active_state
1689680616.782,2023-07-18 11:43:36.782,1,10.966,0,77.5000000000091,0,90.60557750058206,9229971447,active_state
1689680617.356,2023-07-18 11:43:37.356,1,5.31,0,77.5000000000091,99,90.60557750058206,9231081815,active_state
1689680617.906,2023-07-18 11:43:37.906,1,4.204,0,86.49999999997817,0,89.83509003160873,9232231793,active_state
1689680618.455,2023-07-18 11:43:38.455,1,4.696,0,69.75000000002183,0,89.85304505329287,9233337038,active_state
1689680619.025,2023-07-18 11:43:39.025,1,4.593,0,69.75000000002183,0,89.85304505329287,9234507050,active_state
1689680619.573,2023-07-18 11:43:39.573,1,4.469,0,63.49999999993088,0,89.75498301178717,9235628566,active_state
1689680620.126,2023-07-18 11:43:40.126,1,9.812,0,63.49999999993088,99,89.75498301178717,9236725299,active_state
1689680620.671,2023-07-18 11:43:40.671,1,5.918,0,54.00000000008731,99,89.71335103843164,9237764991,active_state
1689680621.218,2023-07-18 11:43:41.218,1,10.006,0,54.00000000008731,99,89.71335103843164,9238871548,active_state
1689680621.765,2023-07-18 11:43:41.765,1,9.285,0,53.49999999993997,99,89.65435596718375,9240003818,active_state
1689680622.317,2023-07-18 11:43:42.317,1,4.365,0,53.49999999993997,99,89.65435596718375,9241132206,active_state
1689680622.867,2023-07-18 11:43:42.867,1,4.246,0,52.75000000001455,0,90.02272987360453,9242284397,active_state
1689680623.417,2023-07-18 11:43:43.417,1,4.376,0,76.00000000002183,0,90.10323150928728,9243416711,active_state
1689680623.966,2023-07-18 11:43:43.966,1,4.659,0,76.00000000002183,0,90.10323150928728,9244558709,active_state
1689680624.512,2023-07-18 11:43:44.512,1,4.386,0,64.49999999999818,0,90.03851450805213,9245649372,active_state
1689680625.082,2023-07-18 11:43:45.082,1,8.07,0,64.49999999999818,74,90.03851450805213,9246790724,active_state
1689680625.628,2023-07-18 11:43:45.628,1,6.865,0,54.249999999956344,74,90.23049512452104,9247979221,active_state
1689680626.175,2023-07-18 11:43:46.175,1,10.009,0,54.249999999956344,99,90.23049512452104,9249033890,active_state
1689680626.72,2023-07-18 11:43:46.720,1,6.48,0,48.000000000047294,99,89.63127093930413,9250160074,active_state
1689680627.269,2023-07-18 11:43:47.269,1,9.96,0,48.000000000047294,99,89.63127093930413,9251279109,active_state
1689680627.815,2023-07-18 11:43:47.815,1,9.762,0,52.74999999996908,99,89.70545872120785,9252431407,active_state
1689680628.362,2023-07-18 11:43:48.362,1,5.294,0,52.74999999996908,99,89.70545872120785,9253506432,active_state
1689680628.909,2023-07-18 11:43:48.909,1,10.239,0,79.25000000000182,99,90.70679646897727,9254549598,active_state
1689680629.459,2023-07-18 11:43:49.459,1,6.769,0,87.25000000008549,99,89.44382840523892,9255501350,active_state
1689680630.762,2023-07-18 11:43:50.762,1,9.231,0,87.25000000008549,99,89.44382840523892,9255754958,active_state
1689680632.486,2023-07-18 11:43:52.486,1,8.549,0,54.75000000001273,99,89.98820098575042,9256133274,active_state
1689680634.662,2023-07-18 11:43:54.662,1,9.749,0,51.99999999999818,94,89.99333099194588,9256854308,active_state
1689680635.235,2023-07-18 11:43:55.235,1,9.161,0,51.99999999999818,0,89.99333099194588,9257777928,active_state
1689680635.788,2023-07-18 11:43:55.788,1,6.323,0,49.00000000002365,0,89.66974598577015,9258402100,active_state
1689680636.509,2023-07-18 11:43:56.509,1,4.731,0,57.49999999998181,0,89.75537762764837,9259043574,active_state
1689680637.064,2023-07-18 11:43:57.064,1,4.235,0,57.49999999998181,0,89.75537762764837,9260114011,active_state
1689680637.609,2023-07-18 11:43:57.609,1,4.07,0,70.99999999995816,0,89.78793343619654,9261298912,active_state
1689680638.155,2023-07-18 11:43:58.155,1,4.178,0,70.99999999995816,0,89.78793343619654,9262389015,active_state
1689680638.7,2023-07-18 11:43:58.700,1,4.654,0,66.00000000003092,0,89.777476115875,9263528050,active_state
1689680639.245,2023-07-18 11:43:59.245,1,4.112,0,66.00000000003092,0,89.777476115875,9264686750,active_state
1689680639.796,2023-07-18 11:43:59.796,1,4.701,0,67.99999999998363,0,89.93966323482407,9265805360,active_state
1689680640.348,2023-07-18 11:44:00.348,1,4.866,0,67.99999999998363,0,89.93966323482407,9266834708,active_state
1689680640.903,2023-07-18 11:44:00.903,1,7.958,0,86.00000000001273,99,90.55980206068402,9267971966,active_state
1689680641.5,2023-07-18 11:44:01.500,1,5.181,0,85.50000000000182,99,89.36135369025023,9269183975,active_state
1689680642.049,2023-07-18 11:44:02.049,1,10.254,0,85.50000000000182,99,89.36135369025023,9270272929,active_state
1689680642.598,2023-07-18 11:44:02.598,1,8.725,0,57.00000000001637,99,89.29624207315389,9271390025,active_state
1689680846.034,2023-07-18 11:47:26.034,1,4.313,0,38.249999999970896,0,87.74698020212224,9688568880,warm_cpu_to_warm_disk_process
1689680846.348,2023-07-18 11:47:26.348,1,3.909,0,38.249999999970896,0,87.74698020212224,9689588922,warm_cpu_to_warm_disk_process
1689680846.626,2023-07-18 11:47:26.626,1,4.876,0,71.24999999991815,0,88.33910130183773,9689736628,warm_cpu_to_warm_disk_process
1689680846.944,2023-07-18 11:47:26.944,1,5.283,0,71.24999999991815,0,88.33910130183773,9689904328,warm_cpu_to_warm_disk_process
1689680847.228,2023-07-18 11:47:27.228,1,5.108,0,71.24999999991815,0,88.33910130183773,9690206063,warm_cpu_to_warm_disk_process
1689680847.517,2023-07-18 11:47:27.517,1,3.53,0,91.50000000004184,0,87.2943558093374,9690458475,warm_cpu_to_warm_disk_process
1689680847.791,2023-07-18 11:47:27.791,1,4.101,0,91.50000000004184,0,87.2943558093374,9690615969,warm_cpu_to_warm_disk_process
1689680848.075,2023-07-18 11:47:28.075,1,3.976,0,91.50000000004184,0,87.2943558093374,9690747931,warm_cpu_to_warm_disk_process
1689680848.383,2023-07-18 11:47:28.383,1,4.38,0,91.50000000004184,0,87.2943558093374,9691060128,warm_cpu_to_warm_disk_process
1689680848.661,2023-07-18 11:47:28.661,1,3.567,0,59.75000000003092,0,27.541227492097818,9691202921,warm_cpu_to_warm_disk_process
1689680848.949,2023-07-18 11:47:28.949,1,3.613,0,59.75000000003092,0,27.541227492097818,9691412150,warm_cpu_to_warm_disk_process
1689680849.229,2023-07-18 11:47:29.229,1,4.023,0,59.75000000003092,0,27.541227492097818,9691728881,warm_cpu_to_warm_disk_process
1689680849.509,2023-07-18 11:47:29.509,1,3.655,0,44.74999999997635,0,27.40646617550146,9692066399,warm_cpu_to_warm_disk_process
1689680849.786,2023-07-18 11:47:29.786,1,3.536,0,44.74999999997635,0,27.40646617550146,9692201431,warm_cpu_to_warm_disk_process
1689680850.063,2023-07-18 11:47:30.063,1,3.353,0,44.74999999997635,0,27.40646617550146,9692336097,warm_cpu_to_warm_disk_process
1689680850.344,2023-07-18 11:47:30.344,1,3.39,0,44.74999999997635,0,27.40646617550146,9692528552,warm_cpu_to_warm_disk_process
1689680852.132,2023-07-18 11:47:32.132,1,3.572,0,45.499999999992724,0,27.427775432005713,9692926873,warm_cpu_to_warm_disk_process
1689680853.627,2023-07-18 11:47:33.627,1,3.338,0,45.499999999992724,0,27.44178429507796,9693336086,warm_cpu_to_warm_disk_process
1689680855.908,2023-07-18 11:47:35.908,1,3.359,0,39.00000000007822,0,27.451057767815918,9693784929,warm_cpu_to_warm_disk_process
1689680856.323,2023-07-18 11:47:36.323,1,3.4,0,39.00000000007822,0,27.451057767815918,9693912984,warm_cpu_to_warm_disk_process
1689680858.189,2023-07-18 11:47:38.189,1,4.22,0,37.5,0,27.36226919904819,9694403222,warm_cpu_to_warm_disk_process
1689680861.533,2023-07-18 11:47:41.533,1,3.348,0,42.25000000001273,0,27.399560397930635,9695176182,warm_cpu_to_warm_disk_process
1689680862.516,2023-07-18 11:47:42.516,1,4.054,0,39.00000000007822,0,27.393641160012788,9695513628,warm_cpu_to_warm_disk_process
1689680862.791,2023-07-18 11:47:42.791,1,3.311,0,39.00000000007822,0,27.393641160012788,9695648783,warm_cpu_to_warm_disk_process
1689680863.066,2023-07-18 11:47:43.066,1,3.515,0,39.00000000007822,0,27.393641160012788,9695767187,warm_cpu_to_warm_disk_process
1689680863.34,2023-07-18 11:47:43.340,1,3.333,0,39.00000000007822,0,27.393641160012788,9695988368,warm_cpu_to_warm_disk_process
1689680863.613,2023-07-18 11:47:43.613,1,3.353,0,42.499999999972715,0,27.430537743034044,9696190198,warm_cpu_to_warm_disk_process
1689680863.893,2023-07-18 11:47:43.893,1,4.08,0,42.499999999972715,0,27.430537743034044,9696339117,warm_cpu_to_warm_disk_process
1689680864.172,2023-07-18 11:47:44.172,1,3.4,0,42.499999999972715,0,27.430537743034044,9696472735,warm_cpu_to_warm_disk_process
1689680864.451,2023-07-18 11:47:44.451,1,3.811,0,39.499999999952706,0,27.40370386447313,9696761517,warm_cpu_to_warm_disk_process
1689680864.728,2023-07-18 11:47:44.728,1,3.515,0,39.499999999952706,0,27.40370386447313,9696933754,warm_cpu_to_warm_disk_process
1689680865.005,2023-07-18 11:47:45.005,1,3.406,0,39.499999999952706,0,27.40370386447313,9697070507,warm_cpu_to_warm_disk_process
1689680865.284,2023-07-18 11:47:45.284,1,4.141,0,39.499999999952706,0,27.40370386447313,9697196055,warm_cpu_to_warm_disk_process
1689680865.565,2023-07-18 11:47:45.565,1,3.338,0,44.250000000010914,0,27.399560397930635,9697512951,warm_cpu_to_warm_disk_process
1689680865.845,2023-07-18 11:47:45.845,1,3.624,0,44.250000000010914,0,27.399560397930635,9697660707,warm_cpu_to_warm_disk_process
1689680866.122,2023-07-18 11:47:46.122,1,3.567,0,44.250000000010914,0,27.399560397930635,9697791711,warm_cpu_to_warm_disk_process
1689680866.401,2023-07-18 11:47:46.401,1,3.561,0,38.750000000027285,0,27.370161516271985,9697945410,warm_cpu_to_warm_disk_process
1689680866.673,2023-07-18 11:47:46.673,1,3.915,0,38.750000000027285,0,27.370161516271985,9698248636,warm_cpu_to_warm_disk_process
1689680866.949,2023-07-18 11:47:46.949,1,3.406,0,38.750000000027285,0,27.370161516271985,9698384351,warm_cpu_to_warm_disk_process
1689680867.226,2023-07-18 11:47:47.226,1,3.343,0,38.750000000027285,0,27.370161516271985,9698542072,warm_cpu_to_warm_disk_process
1689680867.506,2023-07-18 11:47:47.506,1,3.982,0,41.750000000047294,0,27.422250809949055,9698702759,warm_cpu_to_warm_disk_process
1689680867.78,2023-07-18 11:47:47.780,1,3.406,0,41.750000000047294,0,27.422250809949055,9699009191,warm_cpu_to_warm_disk_process
1689680868.055,2023-07-18 11:47:48.055,1,3.826,0,41.750000000047294,0,27.422250809949055,9699125616,warm_cpu_to_warm_disk_process
1689680868.334,2023-07-18 11:47:48.334,1,3.551,0,41.750000000047294,0,27.422250809949055,9699258173,warm_cpu_to_warm_disk_process
1689680868.612,2023-07-18 11:47:48.612,1,3.395,0,40.74999999997999,0,27.33267300945894,9699430090,warm_cpu_to_warm_disk_process
1689680868.948,2023-07-18 11:47:48.948,1,4.204,0,40.74999999997999,0,27.33267300945894,9699730501,warm_cpu_to_warm_disk_process
1689680869.226,2023-07-18 11:47:49.226,1,4.737,0,40.74999999997999,0,27.33267300945894,9699858033,warm_cpu_to_warm_disk_process
1689680869.504,2023-07-18 11:47:49.504,1,4.819,0,64.99999999996362,0,28.35393885821847,9700008683,warm_cpu_to_warm_disk_process
1689680869.781,2023-07-18 11:47:49.781,1,3.551,0,64.99999999996362,0,28.35393885821847,9700146359,warm_cpu_to_warm_disk_process
1689680870.062,2023-07-18 11:47:50.062,1,3.515,0,64.99999999996362,0,28.35393885821847,9700432632,warm_cpu_to_warm_disk_process
1689680870.342,2023-07-18 11:47:50.342,1,3.468,0,64.99999999996362,0,28.35393885821847,9700565105,warm_cpu_to_warm_disk_process
1689680870.617,2023-07-18 11:47:50.617,1,3.51,0,50.25000000000546,0,27.392062696568026,9700735545,warm_cpu_to_warm_disk_process
1689680870.895,2023-07-18 11:47:50.895,1,4.204,0,50.25000000000546,0,27.392062696568026,9700878117,warm_cpu_to_warm_disk_process
1689680871.17,2023-07-18 11:47:51.170,1,3.364,0,50.25000000000546,0,27.392062696568026,9701172743,warm_cpu_to_warm_disk_process
1689680871.444,2023-07-18 11:47:51.444,1,3.758,0,40.25000000001455,0,27.3851569189972,9701325511,warm_cpu_to_warm_disk_process
1689680871.721,2023-07-18 11:47:51.721,1,3.479,0,40.25000000001455,0,27.3851569189972,9701651727,warm_cpu_to_warm_disk_process
1689680871.995,2023-07-18 11:47:51.995,1,3.437,0,40.25000000001455,0,27.3851569189972,9701809964,warm_cpu_to_warm_disk_process
1689680872.273,2023-07-18 11:47:52.273,1,4.096,0,40.25000000001455,0,27.3851569189972,9702106557,warm_cpu_to_warm_disk_process
1689680872.553,2023-07-18 11:47:52.553,1,3.265,0,42.74999999997817,0,27.379829604871137,9702277091,warm_cpu_to_warm_disk_process
1689680872.829,2023-07-18 11:47:52.829,1,3.37,0,42.74999999997817,0,27.379829604871137,9702419392,warm_cpu_to_warm_disk_process
1689680873.11,2023-07-18 11:47:53.110,1,3.541,0,42.74999999997817,0,27.379829604871137,9702538937,warm_cpu_to_warm_disk_process
1689680873.383,2023-07-18 11:47:53.383,1,3.52,0,42.74999999997817,0,27.379829604871137,9702832227,warm_cpu_to_warm_disk_process
1689680873.664,2023-07-18 11:47:53.664,1,3.956,0,39.24999999994725,0,27.33188377773656,9702959930,warm_cpu_to_warm_disk_process
1689680873.94,2023-07-18 11:47:53.940,1,3.395,0,39.24999999994725,0,27.33188377773656,9703098298,warm_cpu_to_warm_disk_process
1689680874.221,2023-07-18 11:47:54.221,1,3.369,0,39.24999999994725,0,27.33188377773656,9703297711,warm_cpu_to_warm_disk_process
1689680874.496,2023-07-18 11:47:54.496,1,3.904,0,41.50000000004184,0,27.397981934485877,9703568157,warm_cpu_to_warm_disk_process
1689680874.774,2023-07-18 11:47:54.774,1,3.421,0,41.50000000004184,0,27.397981934485877,9703724559,warm_cpu_to_warm_disk_process
1689680875.06,2023-07-18 11:47:55.060,1,3.743,0,41.50000000004184,0,27.397981934485877,9703846534,warm_cpu_to_warm_disk_process
1689680875.338,2023-07-18 11:47:55.338,1,3.353,0,41.50000000004184,0,27.397981934485877,9704077461,warm_cpu_to_warm_disk_process
1689680875.616,2023-07-18 11:47:55.616,1,3.239,0,40.000000000009095,0,27.34747110425356,9704278355,warm_cpu_to_warm_disk_process
1689680875.895,2023-07-18 11:47:55.895,1,3.852,0,40.000000000009095,0,27.34747110425356,9704437541,warm_cpu_to_warm_disk_process
1689680876.172,2023-07-18 11:47:56.172,1,3.598,0,40.000000000009095,0,27.34747110425356,9704868803,warm_cpu_to_warm_disk_process
1689680876.453,2023-07-18 11:47:56.453,1,3.862,0,45.000000000027285,0,27.347668412184163,9705144168,warm_cpu_to_warm_disk_process
1689680876.809,2023-07-18 11:47:56.809,1,3.867,0,45.000000000027285,0,27.347668412184163,9705424322,warm_cpu_to_warm_disk_process
1689680877.085,2023-07-18 11:47:57.085,1,4.194,0,45.000000000027285,0,27.347668412184163,9705565554,warm_cpu_to_warm_disk_process
1689680877.361,2023-07-18 11:47:57.361,1,4.225,0,45.000000000027285,0,27.347668412184163,9705730018,warm_cpu_to_warm_disk_process
1689680877.642,2023-07-18 11:47:57.642,1,3.79,0,58.49999999995816,0,26.873537454964463,9706081349,warm_cpu_to_warm_disk_process
1689680920.605,2023-07-18 11:48:40.605,1,10.697,0,86.99999999998909,84,91.187241279976,9793799521,active_to_warm_disk_process
1689680921.011,2023-07-18 11:48:41.011,1,5.243,0,86.99999999998909,99,91.187241279976,9794583765,active_to_warm_disk_process
1689680921.355,2023-07-18 11:48:41.355,1,9.233,0,86.99999999998909,99,91.187241279976,9796766222,active_to_warm_disk_process
1689680921.864,2023-07-18 11:48:41.864,1,7.519,0,76.25000000007276,99,90.97099178804393,9799969900,active_to_warm_disk_process
1689680922.164,2023-07-18 11:48:42.164,1,8.53,0,76.25000000007276,99,90.97099178804393,9800282078,active_to_warm_disk_process
1689680922.437,2023-07-18 11:48:42.437,1,10.492,0,76.25000000007276,99,90.97099178804393,9800433997,active_to_warm_disk_process
1689680922.719,2023-07-18 11:48:42.719,1,10.861,0,93.24999999994361,99,90.54934474036249,9800569381,active_to_warm_disk_process
1689680923.002,2023-07-18 11:48:43.002,1,4.726,0,93.24999999994361,99,90.54934474036249,9800795179,active_to_warm_disk_process
1689680923.279,2023-07-18 11:48:43.279,1,4.969,0,93.24999999994361,99,90.54934474036249,9801030015,active_to_warm_disk_process
1689680923.557,2023-07-18 11:48:43.557,1,4.308,0,93.24999999994361,99,90.54934474036249,9801161771,active_to_warm_disk_process
1689680923.835,2023-07-18 11:48:43.835,1,4.778,0,94.00000000000546,99,27.40449309619551,9801314958,active_to_warm_disk_process
1689680924.114,2023-07-18 11:48:44.114,1,3.499,0,94.00000000000546,0,27.40449309619551,9801509087,active_to_warm_disk_process
1689680924.407,2023-07-18 11:48:44.407,1,3.976,0,63.25000000001637,0,27.29360603920114,9801738308,active_to_warm_disk_process
1689680924.684,2023-07-18 11:48:44.684,1,3.457,0,63.25000000001637,0,27.29360603920114,9801860085,active_to_warm_disk_process
1689680924.965,2023-07-18 11:48:44.965,1,3.732,0,63.25000000001637,0,27.29360603920114,9802021481,active_to_warm_disk_process
1689680925.238,2023-07-18 11:48:45.238,1,3.457,0,63.25000000001637,0,27.29360603920114,9802255920,active_to_warm_disk_process
1689680925.515,2023-07-18 11:48:45.515,1,3.458,0,40.25000000001455,0,27.243687132760613,9802483706,active_to_warm_disk_process
1689680925.792,2023-07-18 11:48:45.792,1,4.241,0,40.25000000001455,0,27.243687132760613,9802622107,active_to_warm_disk_process
1689680926.068,2023-07-18 11:48:46.068,1,3.421,0,40.25000000001455,0,27.243687132760613,9802742646,active_to_warm_disk_process
1689680926.342,2023-07-18 11:48:46.342,1,3.687,0,40.25000000001455,0,27.243687132760613,9802962615,active_to_warm_disk_process
1689680926.622,2023-07-18 11:48:46.622,1,3.51,0,39.500000000043656,0,27.24585751999716,9803160401,active_to_warm_disk_process
1689680926.9,2023-07-18 11:48:46.900,1,3.515,0,39.500000000043656,0,27.24585751999716,9803307366,active_to_warm_disk_process
1689680927.208,2023-07-18 11:48:47.208,1,4.241,0,39.500000000043656,0,27.24585751999716,9803481346,active_to_warm_disk_process
1689680927.479,2023-07-18 11:48:47.479,1,4.402,0,49.24999999989268,0,27.41041233411336,9803818694,active_to_warm_disk_process
1689680927.763,2023-07-18 11:48:47.763,1,4.235,0,49.24999999989268,0,27.41041233411336,9803976456,active_to_warm_disk_process
1689680928.038,2023-07-18 11:48:48.038,1,4.98,0,49.24999999989268,0,27.41041233411336,9804105875,active_to_warm_disk_process
1689680928.32,2023-07-18 11:48:48.320,1,4.773,0,49.24999999989268,0,27.41041233411336,9804225042,active_to_warm_disk_process
1689680928.595,2023-07-18 11:48:48.595,1,4.148,0,73.00000000009277,0,28.200038672354395,9804533204,active_to_warm_disk_process
1689680928.872,2023-07-18 11:48:48.872,1,3.64,0,73.00000000009277,0,28.200038672354395,9804671001,active_to_warm_disk_process
1689680929.15,2023-07-18 11:48:49.150,1,3.353,0,73.00000000009277,0,28.200038672354395,9804802596,active_to_warm_disk_process
1689680929.432,2023-07-18 11:48:49.432,1,4.204,0,48.99999999997817,0,27.304655283314457,9804974481,active_to_warm_disk_process
1689680929.709,2023-07-18 11:48:49.709,1,3.359,0,48.99999999997817,0,27.304655283314457,9805251853,active_to_warm_disk_process
1689680929.985,2023-07-18 11:48:49.985,1,3.666,0,48.99999999997817,0,27.304655283314457,9805397551,active_to_warm_disk_process
1689680930.267,2023-07-18 11:48:50.267,1,3.453,0,48.99999999997817,0,27.304655283314457,9805526297,active_to_warm_disk_process
1689680930.541,2023-07-18 11:48:50.541,1,3.541,0,41.49999999995089,0,27.288476033005672,9805712356,active_to_warm_disk_process
1689680930.823,2023-07-18 11:48:50.823,1,4.054,0,41.49999999995089,0,27.288476033005672,9806004757,active_to_warm_disk_process
1689680931.102,2023-07-18 11:48:51.102,1,3.369,0,41.49999999995089,0,27.288476033005672,9806140878,active_to_warm_disk_process
1689680931.378,2023-07-18 11:48:51.378,1,3.317,0,41.49999999995089,0,27.288476033005672,9806290686,active_to_warm_disk_process
1689680931.665,2023-07-18 11:48:51.665,1,3.442,0,39.249999999992724,0,27.293014115409353,9806421980,active_to_warm_disk_process
1689680931.951,2023-07-18 11:48:51.951,1,3.343,0,39.249999999992724,0,27.293014115409353,9806935137,active_to_warm_disk_process
1689680932.233,2023-07-18 11:48:52.233,1,4.096,0,39.249999999992724,0,27.293014115409353,9807073530,active_to_warm_disk_process
1689680932.511,2023-07-18 11:48:52.511,1,3.738,0,42.25000000001273,0,27.262234078236542,9807239914,active_to_warm_disk_process
1689680932.787,2023-07-18 11:48:52.787,1,3.358,0,42.25000000001273,0,27.262234078236542,9807375660,active_to_warm_disk_process
1689680933.061,2023-07-18 11:48:53.061,1,3.587,0,42.25000000001273,0,27.262234078236542,9807667988,active_to_warm_disk_process
1689680933.339,2023-07-18 11:48:53.339,1,3.328,0,42.25000000001273,0,27.262234078236542,9807809669,active_to_warm_disk_process
1689680933.612,2023-07-18 11:48:53.612,1,4.081,0,38.25000000001637,0,27.244081748621806,9807960650,active_to_warm_disk_process
1689680933.891,2023-07-18 11:48:53.891,1,3.442,0,38.25000000001637,0,27.244081748621806,9808098916,active_to_warm_disk_process
1689680934.222,2023-07-18 11:48:54.222,1,3.852,0,38.25000000001637,0,27.244081748621806,9808374959,active_to_warm_disk_process
1689680934.498,2023-07-18 11:48:54.498,1,3.603,0,44.499999999970896,0,27.2442790565524,9808524254,active_to_warm_disk_process
1689680934.777,2023-07-18 11:48:54.777,1,3.333,0,44.499999999970896,0,27.2442790565524,9808660670,active_to_warm_disk_process
1689680935.069,2023-07-18 11:48:55.069,1,3.738,0,44.499999999970896,0,27.2442790565524,9808853130,active_to_warm_disk_process
1689680935.347,2023-07-18 11:48:55.347,1,3.332,0,44.499999999970896,0,27.2442790565524,9809112419,active_to_warm_disk_process
1689680935.625,2023-07-18 11:48:55.625,1,3.732,0,39.2500000000382,0,27.24980367860906,9809267433,active_to_warm_disk_process
1689680935.902,2023-07-18 11:48:55.902,1,3.338,0,39.2500000000382,0,27.24980367860906,9809405060,active_to_warm_disk_process
1689680936.178,2023-07-18 11:48:56.178,1,3.333,0,39.2500000000382,0,27.24980367860906,9809627560,active_to_warm_disk_process
1689680936.454,2023-07-18 11:48:56.454,1,4.225,0,41.9999999999618,0,27.281767563365445,9809828762,active_to_warm_disk_process
1689680936.743,2023-07-18 11:48:56.743,1,3.328,0,41.9999999999618,0,27.281767563365445,9809984596,active_to_warm_disk_process
1689680937.066,2023-07-18 11:48:57.066,1,3.697,0,41.9999999999618,0,27.281767563365445,9810191676,active_to_warm_disk_process
1689680937.342,2023-07-18 11:48:57.342,1,3.332,0,41.9999999999618,0,27.281767563365445,9810546636,active_to_warm_disk_process
1689680937.62,2023-07-18 11:48:57.620,1,3.525,0,39.2500000000382,0,27.27131024304391,9810706978,active_to_warm_disk_process
1689680937.897,2023-07-18 11:48:57.897,1,3.447,0,39.2500000000382,0,27.27131024304391,9810858061,active_to_warm_disk_process
1689680938.174,2023-07-18 11:48:58.174,1,3.332,0,39.2500000000382,0,27.27131024304391,9810973705,active_to_warm_disk_process
1689680938.446,2023-07-18 11:48:58.446,1,4.23,0,39.49999999999818,0,27.219812873158624,9811282994,active_to_warm_disk_process
1689680938.723,2023-07-18 11:48:58.723,1,4.028,0,39.49999999999818,0,27.219812873158624,9811408713,active_to_warm_disk_process
1689680939,2023-07-18 11:48:59.000,1,4.365,0,39.49999999999818,0,27.219812873158624,9811547660,active_to_warm_disk_process
1689680939.282,2023-07-18 11:48:59.282,1,4.474,0,39.49999999999818,0,27.219812873158624,9811679196,active_to_warm_disk_process
1689680939.563,2023-07-18 11:48:59.563,1,4.763,0,65.50000000002001,0,28.074550828496005,9812015667,active_to_warm_disk_process
1689680939.84,2023-07-18 11:48:59.840,1,4.012,0,65.50000000002001,0,28.074550828496005,9812151108,active_to_warm_disk_process
1689680940.118,2023-07-18 11:49:00.118,1,3.613,0,65.50000000002001,0,28.074550828496005,9812277731,active_to_warm_disk_process
1689680940.409,2023-07-18 11:49:00.409,1,3.815,0,55.24999999997817,0,27.22928365382718,9812624472,active_to_warm_disk_process
1689680940.688,2023-07-18 11:49:00.688,1,3.687,0,55.24999999997817,0,27.22928365382718,9812928484,active_to_warm_disk_process
1689680940.966,2023-07-18 11:49:00.966,1,3.426,0,55.24999999997817,0,27.22928365382718,9813066163,active_to_warm_disk_process
1689680941.245,2023-07-18 11:49:01.245,1,3.811,0,55.24999999997817,0,27.22928365382718,9813199711,active_to_warm_disk_process
1689680941.52,2023-07-18 11:49:01.520,1,3.578,0,44.250000000010914,0,27.256709456179884,9813366506,active_to_warm_disk_process
1689680941.794,2023-07-18 11:49:01.794,1,3.385,0,44.250000000010914,0,27.256709456179884,9813682738,active_to_warm_disk_process
1689680942.075,2023-07-18 11:49:02.075,1,3.811,0,44.250000000010914,0,27.256709456179884,9814017374,active_to_warm_disk_process
1689680942.355,2023-07-18 11:49:02.355,1,3.37,0,44.250000000010914,0,27.256709456179884,9814143042,active_to_warm_disk_process
1689680942.633,2023-07-18 11:49:02.633,1,3.64,0,40.499999999974534,0,27.27288870648867,9814304621,active_to_warm_disk_process
1689680944.623,2023-07-18 11:49:04.623,1,3.343,0,40.74999999997999,0,27.28216217922663,9814854616,active_to_warm_disk_process
1689680945.53,2023-07-18 11:49:05.530,1,4.245,0,40.000000000009095,0,27.267166776501416,9815080883,active_to_warm_disk_process
1689680947.135,2023-07-18 11:49:07.135,1,3.322,0,42.74999999997817,0,27.263220617889516,9815478762,active_to_warm_disk_process
1689680948.128,2023-07-18 11:49:08.128,1,3.354,0,38.00000000001092,0,27.25690676411048,9815774569,active_to_warm_disk_process
1689680948.553,2023-07-18 11:49:08.553,1,3.478,0,45.74999999999818,0,27.267166776501416,9816079584,active_to_warm_disk_process
1689680948.837,2023-07-18 11:49:08.837,1,3.432,0,45.74999999999818,0,27.267166776501416,9816216842,active_to_warm_disk_process
1689680949.115,2023-07-18 11:49:09.115,1,3.915,0,45.74999999999818,0,27.267166776501416,9816336196,active_to_warm_disk_process
1689680949.471,2023-07-18 11:49:09.471,1,3.718,0,41.249999999990905,0,27.266377544779036,9816795254,active_to_warm_disk_process
1689680949.743,2023-07-18 11:49:09.743,1,3.732,0,41.249999999990905,0,27.266377544779036,9817026031,active_to_warm_disk_process
1689680950.026,2023-07-18 11:49:10.026,1,4.199,0,41.249999999990905,0,27.266377544779036,9817186836,active_to_warm_disk_process
1689680950.309,2023-07-18 11:49:10.309,1,4.586,0,41.249999999990905,0,27.266377544779036,9817307920,active_to_warm_disk_process
1689680950.582,2023-07-18 11:49:10.582,1,4.903,0,55.99999999999454,0,28.217007154385566,9817607028,active_to_warm_disk_process
1689680950.854,2023-07-18 11:49:10.854,1,3.53,0,55.99999999999454,0,28.217007154385566,9817799749,active_to_warm_disk_process
1689680951.13,2023-07-18 11:49:11.130,1,4.018,0,55.99999999999454,0,28.217007154385566,9817927439,active_to_warm_disk_process
1689680951.423,2023-07-18 11:49:11.423,1,4.044,0,60.24999999999636,0,27.284332566463178,9818095593,active_to_warm_disk_process
1689680951.7,2023-07-18 11:49:11.700,1,3.795,0,60.24999999999636,0,27.284332566463178,9818376533,active_to_warm_disk_process
1689680951.975,2023-07-18 11:49:11.975,1,3.489,0,60.24999999999636,0,27.284332566463178,9818633650,active_to_warm_disk_process
1689680952.259,2023-07-18 11:49:12.259,1,3.52,0,60.24999999999636,0,27.284332566463178,9818914042,active_to_warm_disk_process
1689680952.548,2023-07-18 11:49:12.548,1,4.557,0,48.50000000001273,0,27.07045076969824,9819085942,active_to_warm_disk_process
1689680952.862,2023-07-18 11:49:12.862,1,4.008,0,48.50000000001273,0,27.07045076969824,9819308812,active_to_warm_disk_process
1689680953.139,2023-07-18 11:49:13.139,1,3.671,0,48.50000000001273,0,27.07045076969824,9819521186,active_to_warm_disk_process
1689680953.42,2023-07-18 11:49:13.420,1,3.406,0,57.25000000002183,0,26.717664189794444,9819722593,active_to_warm_disk_process
