1689423333.277,2023-07-15 12:15:33.277,0,65.3,9574704,1.0625000000800497,0,6.306807070180461,136212933511,null_state
1689423333.837,2023-07-15 12:15:33.837,0,84.49,9574776,1.1875000001055156,0,6.327217015017525,136213242718,null_state
1689423334.367,2023-07-15 12:15:34.367,0,84.36,9574812,1.1875000001055156,0,6.327217015017525,136213934896,null_state
1689423334.895,2023-07-15 12:15:34.895,0,71.58,9574848,1.6250000000582077,0,6.310294073898143,136214230056,null_state
1689423335.423,2023-07-15 12:15:35.423,0,58.15,9574884,1.6250000000582077,0,6.310294073898143,136214925710,null_state
1689423335.954,2023-07-15 12:15:35.954,0,89.95,9574920,0.6875000001855511,0,6.338885065919,136215192364,null_state
1689423336.494,2023-07-15 12:15:36.494,0,89.32,9574956,0.6875000001855511,0,6.338885065919,136215454390,null_state
1689423337.025,2023-07-15 12:15:37.025,0,83.71,9575028,0.9999999999308784,0,6.338251065243059,136216182575,null_state
1689423337.553,2023-07-15 12:15:37.553,0,63.94,9575064,0.9999999999308784,0,6.338251065243059,136216440227,null_state
1689423338.083,2023-07-15 12:15:38.083,0,61.19,9575100,0.8749999998144631,0,6.3419575307331835,136216720411,null_state
1689423338.617,2023-07-15 12:15:38.617,0,90.43,9575136,0.8749999998144631,0,6.3419575307331835,136217430644,null_state
1689423339.148,2023-07-15 12:15:39.148,0,89.01,9575172,1.1249999999563443,0,6.359880242149243,136217717966,null_state
1689423339.675,2023-07-15 12:15:39.675,0,69.43,9575208,1.1249999999563443,0,6.359880242149243,136218405371,null_state
1689423340.204,2023-07-15 12:15:40.204,0,78.92,9575280,1.3124999999490683,0,6.349943500785916,136218680876,null_state
1689423340.736,2023-07-15 12:15:40.736,0,90.5,9575316,1.3124999999490683,0,6.349943500785916,136218965946,null_state
1689423341.275,2023-07-15 12:15:41.275,0,76.69,9575352,1.2499999999818243,0,6.358234278855932,136219688605,null_state
1689423341.803,2023-07-15 12:15:41.803,0,69.15,9575388,1.0625000002619203,0,6.320645354164969,136219978012,null_state
1689423342.331,2023-07-15 12:15:42.331,0,55.39,9575424,1.0625000002619203,0,6.320645354164969,136220677855,null_state
1689423342.858,2023-07-15 12:15:42.858,0,80.47,9575460,1.0625000000800355,0,6.322974087416988,136220988536,null_state
1689423343.388,2023-07-15 12:15:43.388,0,88.54,9575532,1.0625000000800355,0,6.322974087416988,136221431831,null_state
1689423343.928,2023-07-15 12:15:43.928,0,63.57,9575532,1.2499999998908748,0,6.341433260943462,136222158279,null_state
1689423344.475,2023-07-15 12:15:44.475,0,64.94,9575568,1.2499999998908748,0,6.341433260943462,136222401114,null_state
1689423345.009,2023-07-15 12:15:45.009,0,94.14,9575640,0.8749999997235136,0,6.339665374443237,136223125842,null_state
1689423345.547,2023-07-15 12:15:45.547,0,88.18,9575676,0.8749999997235136,0,6.339665374443237,136223384972,null_state
1689423346.084,2023-07-15 12:15:46.084,0,68.47,9575712,1.0000000001127773,0,6.351065194289507,136223667719,null_state
1689423346.624,2023-07-15 12:15:46.624,0,65.09,9575748,1.0000000001127773,0,6.351065194289507,136224397673,null_state
1689423347.152,2023-07-15 12:15:47.152,0,99.75,9575784,1.1250000000472795,0,6.366171479625901,136224777977,null_state
1689423347.68,2023-07-15 12:15:47.680,0,91.2,9575856,1.1250000000472795,0,6.366171479625901,136225482252,null_state
1689423348.208,2023-07-15 12:15:48.208,0,62.13,9575892,1.0000000000218137,0,6.338251065243059,136225781536,null_state
1689423348.758,2023-07-15 12:15:48.758,0,70.72,9575928,1.0000000000218137,0,6.36739071169502,136226030460,null_state
1689423349.295,2023-07-15 12:15:49.295,0,69.91,9575964,1.812500000050946,0,6.36739071169502,136226763704,null_state
1689423349.824,2023-07-15 12:15:49.824,0,83.59,9576000,0.6875000001855369,0,6.33978729765015,136227050610,null_state
1689423350.354,2023-07-15 12:15:50.354,0,69.7,9576036,0.6875000001855369,0,6.33978729765015,136227740412,null_state
1689423350.882,2023-07-15 12:15:50.882,0,64.45,9576072,1.4374999997926494,0,6.368573366802066,136228050180,null_state
1689423351.416,2023-07-15 12:15:51.416,0,91.2,9576108,1.4374999997926494,0,6.368573366802066,136228323842,null_state
1689423351.948,2023-07-15 12:15:51.948,0,92.06,9576144,0.812500000029118,0,6.34682226668897,136229036007,null_state
1689423352.476,2023-07-15 12:15:52.476,0,77.29,9576216,0.812500000029118,0,6.34682226668897,136229309059,null_state
1689423353.034,2023-07-15 12:15:53.034,0,70.71,9576252,1.0624999998071871,0,6.339128912332825,136229638886,null_state
1689423353.571,2023-07-15 12:15:53.571,0,63.89,9576288,1.0624999998071871,0,6.339128912332825,136230497591,null_state
1689423354.097,2023-07-15 12:15:54.097,0,90.54,9576324,1.0625000000800497,0,6.374059911113106,136230764742,null_state
1689423354.625,2023-07-15 12:15:54.625,0,68.13,9576360,1.0625000000800497,0,6.374059911113106,136231475673,null_state
1689423355.155,2023-07-15 12:15:55.155,0,67.31,9576396,1.0625000001710134,0,6.362891745359968,136231774075,null_state
1689423355.688,2023-07-15 12:15:55.688,0,90.21,9576432,1.0625000001710134,0,6.362891745359968,136232019240,null_state
1689423356.219,2023-07-15 12:15:56.219,0,77.73,9576504,1.8749999997453415,0,6.362269937004718,136232712598,null_state
1689423356.745,2023-07-15 12:15:56.745,0,67.13,9576504,1.8749999997453415,0,6.362269937004718,136232994175,null_state
1689423357.274,2023-07-15 12:15:57.274,0,71.4,9576576,0.1250000001164011,0,6.569868581413734,136233722142,null_state
1689423357.805,2023-07-15 12:15:57.805,0,82.83,9576612,1.0624999998071871,0,6.357185739276488,136234009416,null_state
1689423358.34,2023-07-15 12:15:58.340,0,85.51,9576648,1.0624999998071871,0,6.357185739276488,136234284758,null_state
1689423358.87,2023-07-15 12:15:58.870,0,58.86,9576684,0.8750000000873257,0,6.328228977634895,136235007457,null_state
1689423359.398,2023-07-15 12:15:59.398,0,62.69,9576720,0.8750000000873257,0,6.328228977634895,136235294197,null_state
1689423359.928,2023-07-15 12:15:59.928,0,61.96,9576756,1.5625000000909495,0,6.343579109385113,136235558335,null_state
1689423360.462,2023-07-15 12:16:00.462,0,97.79,9576828,1.5625000000909495,0,6.343579109385113,136236266065,null_state
1689423360.988,2023-07-15 12:16:00.988,0,108.76,9576900,1.4375000000654694,0,6.325363782272462,136236552645,null_state
1689423361.517,2023-07-15 12:16:01.517,0,98.09,9576936,1.4375000000654694,0,6.325363782272462,136237325255,null_state
1689423362.046,2023-07-15 12:16:02.046,0,100.93,9577008,0.6874999999126743,0,6.317170542767979,136237587567,null_state
1689423362.58,2023-07-15 12:16:02.580,0,87.73,9577044,0.6874999999126743,0,6.317170542767979,136237844199,null_state
1689423363.117,2023-07-15 12:16:03.117,0,88.29,9577080,1.125000000138229,0,6.308184802418566,136238674619,null_state
1689423363.648,2023-07-15 12:16:03.648,0,65.98,9577116,1.125000000138229,0,6.308184802418566,136238983928,null_state
1689423364.229,2023-07-15 12:16:04.229,0,69.53,9577152,1.0000000000218279,0,6.326839053076099,136239077971,null_state
1689423364.968,2023-07-15 12:16:04.968,0,64.66,9577224,1.3749999999163123,0,6.333898406756301,136239638734,null_state
1689423366.263,2023-07-15 12:16:06.263,0,88.71,9577332,0.7499999998799325,0,6.3766081061375655,136239796003,null_state
1689423367.501,2023-07-15 12:16:07.501,0,86.68,9577404,0.9375000001455192,0,6.346419920106161,136240404309,null_state
1689423368.394,2023-07-15 12:16:08.394,0,69.8,9577476,1.0624999998981366,0,6.349480192599652,136240528563,null_state
1689423369.694,2023-07-15 12:16:09.694,0,69.41,9577584,1.24999999998181,0,6.365756940722401,136241186004,null_state
1689423370.22,2023-07-15 12:16:10.220,0,58.35,9577620,1.3125000000400178,0,6.3684636359158455,136241462933,null_state
1689423370.748,2023-07-15 12:16:10.748,0,63.51,9577620,1.3125000000400178,0,6.3684636359158455,136242177821,null_state
1689423371.276,2023-07-15 12:16:11.276,0,85.69,9577692,1.1250000001382432,0,6.359331587718139,136242460945,null_state
1689423371.877,2023-07-15 12:16:11.877,0,68.33,9577728,2.187499999763517,0,6.3384827193361915,136242748274,null_state
1689423372.412,2023-07-15 12:16:12.412,0,75.02,9577764,2.187499999763517,0,6.3384827193361915,136243468257,null_state
1689423372.937,2023-07-15 12:16:12.937,0,86.33,9577800,0.7499999999708962,0,6.335434639163393,136243768627,null_state
1689423373.478,2023-07-15 12:16:13.478,0,93.85,9577872,0.7499999999708962,0,6.335434639163393,136244669232,null_state
1689423374.006,2023-07-15 12:16:14.006,0,67.49,9577908,0.9375000001455192,0,6.352638003658671,136244929885,null_state
1689423374.54,2023-07-15 12:16:14.540,0,69.38,9577944,0.9375000001455192,0,6.352638003658671,136245189159,null_state
1689423375.072,2023-07-15 12:16:15.072,0,92.59,9577980,1.24999999998181,0,6.341847799846962,136245920359,null_state
1689423375.602,2023-07-15 12:16:15.602,0,90.17,9578052,1.24999999998181,0,6.341847799846962,136246195995,null_state
1689423376.128,2023-07-15 12:16:16.128,0,70.28,9578052,1.3125000001309814,0,6.339640989801855,136246938551,null_state
1689423376.655,2023-07-15 12:16:16.655,0,71.27,9578124,1.3125000001309814,0,6.339640989801855,136247212696,null_state
1689423377.184,2023-07-15 12:16:17.184,0,80.58,9578160,1.0000000000218279,0,6.352272234037935,136247587710,null_state
1689423377.714,2023-07-15 12:16:17.714,0,71.7,9578196,1.0000000000218279,0,6.352272234037935,136248302826,null_state
1689423378.241,2023-07-15 12:16:18.241,0,55.36,9578232,0.875000000178261,0,6.3692195597987,136248590993,null_state
1689423378.771,2023-07-15 12:16:18.771,0,85.81,9578268,1.0624999998071871,0,6.370158368491922,136248859267,null_state
1689423379.299,2023-07-15 12:16:19.299,0,83.93,9578304,1.0624999998071871,0,6.370158368491922,136249551103,null_state
1689423379.828,2023-07-15 12:16:19.828,0,63.1,9578376,1.4374999999745484,0,6.337873103301632,136249852642,null_state
1689423380.355,2023-07-15 12:16:20.355,0,62.63,9578412,1.4374999999745484,0,6.337873103301632,136250555476,null_state
1689423380.881,2023-07-15 12:16:20.881,0,76.97,9578412,0.9374999999636344,0,6.366037364098297,136250841395,null_state
1689423381.408,2023-07-15 12:16:21.408,0,60.54,9578484,0.9374999999636344,0,6.366037364098297,136251110671,null_state
1689423381.937,2023-07-15 12:16:21.937,0,69.6,9578484,1.6250000000582077,0,6.3610019356528325,136251817012,null_state
1689423382.469,2023-07-15 12:16:22.469,0,83.88,9578556,1.6250000000582077,0,6.3610019356528325,136252079378,null_state
1689423383.007,2023-07-15 12:16:23.007,0,83.6,9578592,1.187500000014552,0,6.349699654372093,136252832659,null_state
1689423383.536,2023-07-15 12:16:23.536,0,67.25,9578628,1.187500000014552,0,6.349699654372093,136253283238,null_state
1689423384.072,2023-07-15 12:16:24.072,0,64.89,9578664,1.8749999998363052,0,6.337653641529189,136253566664,null_state
1689423384.606,2023-07-15 12:16:24.606,0,99.09,9578700,1.8749999998363052,0,6.337653641529189,136254270676,null_state
1689423385.134,2023-07-15 12:16:25.134,0,84.99,9578736,0.5625000000691216,0,6.33550779308754,136254552962,null_state
1689423385.661,2023-07-15 12:16:25.661,0,70.94,9578772,0.5625000000691216,0,6.33550779308754,136254815882,null_state
1689423386.192,2023-07-15 12:16:26.192,0,56.02,9578808,1.3749999999163265,0,6.389397850542632,136255545989,null_state
1689423386.722,2023-07-15 12:16:26.722,0,98.17,9578844,1.3749999999163265,0,6.389397850542632,136255817812,null_state
1689423387.248,2023-07-15 12:16:27.248,0,81.18,9578916,0.31250000010913936,0,6.400334362202635,136256534496,null_state
1689423387.774,2023-07-15 12:16:27.774,0,63.03,9578952,1.0624999998981366,0,6.401053709123417,136256839444,null_state
1689423388.307,2023-07-15 12:16:28.307,0,60.81,9578988,1.0624999998981366,0,6.401053709123417,136257102948,null_state
1689423388.84,2023-07-15 12:16:28.840,0,76.9,9579024,2.2499999999126885,0,6.345346995885335,136257818554,null_state
1689423389.367,2023-07-15 12:16:29.367,0,81.12,9579096,2.2499999999126885,0,6.345346995885335,136258061394,null_state
1689423389.92,2023-07-15 12:16:29.920,0,63.07,9579132,1.625000000331056,0,6.335385869880628,136258778447,null_state
1689423390.475,2023-07-15 12:16:30.475,0,61.43,9579168,1.625000000331056,0,6.335385869880628,136259060098,null_state
1689423391.005,2023-07-15 12:16:31.005,0,94.06,9579204,0.8749999998144489,0,6.338750950391398,136259328833,null_state
1689423391.535,2023-07-15 12:16:31.535,0,72.8,9579240,0.8749999998144489,0,6.338750950391398,136260128433,null_state
1689423392.062,2023-07-15 12:16:32.062,0,68.51,9579276,1.7499999999927098,0,6.332996175025153,136260389455,null_state
1689423392.592,2023-07-15 12:16:32.592,0,90.92,9579312,1.7499999999927098,0,6.332996175025153,136260632107,null_state
1689423393.123,2023-07-15 12:16:33.123,0,87.57,9579348,0.7499999998799467,0,6.339189873936281,136261431671,null_state
1689423393.656,2023-07-15 12:16:33.656,0,66.1,9579384,0.7499999998799467,0,6.339189873936281,136261836221,null_state
1689423394.186,2023-07-15 12:16:34.186,0,66.73,9579456,1.4375000002473826,0,6.31748754310595,136262570232,null_state
1689423394.714,2023-07-15 12:16:34.714,0,97.73,9579492,1.4375000002473826,0,6.31748754310595,136262816732,null_state
1689423395.246,2023-07-15 12:16:35.246,0,88.76,9579528,1.124999999865409,0,6.306746108577005,136263717773,null_state
1689423395.775,2023-07-15 12:16:35.775,0,62.42,9579564,1.6250000000582077,0,6.3122082682466605,136264475020,null_state
1689423396.31,2023-07-15 12:16:36.310,0,64.79,9579600,1.6250000000582077,0,6.3122082682466605,136264726755,null_state
1689423396.84,2023-07-15 12:16:36.840,0,69.61,9579636,0.37500000007638334,0,6.3198894302821165,136265444588,null_state
1689423397.366,2023-07-15 12:16:37.366,0,83.12,9579672,0.37500000007638334,0,6.3198894302821165,136265699853,null_state
1689423397.897,2023-07-15 12:16:37.897,0,77.72,9579708,1.6249999998763087,0,6.336105216801408,136266018249,null_state
1689423398.43,2023-07-15 12:16:38.430,0,65.08,9579744,1.6249999998763087,0,6.336105216801408,136266728394,null_state
1689423398.957,2023-07-15 12:16:38.957,0,98.22,9579816,0.5625000000691074,0,6.389068657883969,136266979782,null_state
1689423399.484,2023-07-15 12:16:39.484,0,91.85,9579852,0.5625000000691074,0,6.389068657883969,136267681734,null_state
1689423400.102,2023-07-15 12:16:40.102,0,63.41,9579888,1.2499999998908748,0,6.349919116144534,136268051869,null_to_cold_process
1689423400.357,2023-07-15 12:16:40.357,0,70.36,9579924,1.2499999998908748,0,6.349919116144534,136268175505,null_to_cold_process
1689423400.621,2023-07-15 12:16:40.621,0,65.12,9579924,1.2499999998908748,0,6.349919116144534,136268312515,null_to_cold_process
1689423400.862,2023-07-15 12:16:40.862,0,65.23,9579924,0.9375000001455049,0,6.374730488751121,136268451583,null_to_cold_process
1689423401.113,2023-07-15 12:16:41.113,0,100.11,9579960,0.9375000001455049,0,6.374730488751121,136269025473,null_to_cold_process
1689423401.45,2023-07-15 12:16:41.450,0,95.0,9579996,0.9375000001455049,0,6.374730488751121,136269195577,null_to_cold_process
1689423401.77,2023-07-15 12:16:41.770,0,96.11,9580032,1.6250000000582077,0,6.463673468193405,136270527942,null_to_cold_process
1689423406.186,2023-07-15 12:16:46.186,0,75.17,9580392,1.1875000001055014,0,6.369926714398789,136274136836,null_to_cold_process
1689423412.653,2023-07-15 12:16:52.653,1,70.52,9580860,1.6866913124449923,0,6.375900951537476,136279009186,null_to_cold_process
1689423428.153,2023-07-15 12:17:08.153,4,94.27,9582156,1.0624999998981366,0,6.502396278708648,136333706667,cold_state
1689423428.768,2023-07-15 12:17:08.768,4,85.34,9582192,1.6250000000582077,0,6.498080197183964,136336100410,cold_state
1689423429.437,2023-07-15 12:17:09.437,4,73.41,9582264,1.6250000000582077,0,6.498080197183964,136337814722,cold_state
1689423430.045,2023-07-15 12:17:10.045,4,82.18,9582300,1.6249999999672724,0,6.530926309126049,136340113047,cold_state
1689423430.658,2023-07-15 12:17:10.658,4,89.22,9582336,1.6249999999672724,0,6.530926309126049,136341799460,cold_state
1689423431.304,2023-07-15 12:17:11.304,4,66.72,9582408,1.187500000014552,0,6.527341766842838,136343611065,cold_state
1689423431.924,2023-07-15 12:17:11.924,4,67.48,9582444,2.5000000000545697,0,6.486387761641106,136345920368,cold_state
1689423432.542,2023-07-15 12:17:12.542,4,99.38,9582480,2.5000000000545697,0,6.486387761641106,136347613295,cold_state
1689423433.167,2023-07-15 12:17:13.167,4,74.72,9582552,0.8125000001200391,0,6.50577355154011,136349927747,cold_state
1689423433.772,2023-07-15 12:17:13.772,4,64.13,9582624,1.749999999810825,0,6.501335546808513,136351625135,cold_state
1689423434.404,2023-07-15 12:17:14.404,4,98.47,9582660,1.749999999810825,0,6.501335546808513,136353925050,cold_state
1689423435.015,2023-07-15 12:17:15.015,4,90.55,9582732,2.0000000000436557,0,6.500518661322204,136355618485,cold_state
1689423435.625,2023-07-15 12:17:15.625,4,74.23,9582768,2.0000000000436557,0,6.500518661322204,136357725265,cold_state
1689423436.23,2023-07-15 12:17:16.230,4,94.76,9582804,0.6875000000036522,0,6.513674175348005,136359526834,cold_state
1689423436.843,2023-07-15 12:17:16.843,4,86.31,9582876,1.6249999999672582,0,6.529329115115503,136361728396,cold_state
1689423437.461,2023-07-15 12:17:17.461,4,68.13,9582912,1.6249999999672582,0,6.529329115115503,136363542982,cold_state
1689423438.064,2023-07-15 12:17:18.064,4,82.13,9582948,1.5000000001236913,0,6.532547887777978,136365252789,cold_state
1689423438.704,2023-07-15 12:17:18.704,4,99.15,9583020,1.5000000001236913,0,6.532547887777978,136367463718,cold_state
1689423439.316,2023-07-15 12:17:19.316,4,85.48,9583056,2.187499999854481,0,6.541058127620435,136369312442,cold_state
1689423440.025,2023-07-15 12:17:20.025,4,68.63,9583128,0.9374999998726707,0,6.529633923132783,136371720366,cold_state
1689423440.633,2023-07-15 12:17:20.633,4,71.53,9583164,0.9374999998726707,0,6.529633923132783,136373383816,cold_state
1689423441.313,2023-07-15 12:17:21.313,4,78.87,9583236,1.3125000000400036,0,6.530597116467388,136375827548,cold_state
1689423441.919,2023-07-15 12:17:21.919,4,73.58,9583272,2.079183266957642,0,6.548166250583402,136377388297,cold_state
1689423442.543,2023-07-15 12:17:22.543,4,64.8,9583308,2.079183266957642,0,6.548166250583402,136379574089,cold_state
1689423443.146,2023-07-15 12:17:23.146,4,82.58,9583344,1.1044176707156055,0,6.548397904676535,136381460772,cold_state
1689423443.768,2023-07-15 12:17:23.768,4,69.14,9583416,1.1044176707156055,0,6.548397904676535,136383553962,cold_state
1689423444.44,2023-07-15 12:17:24.440,4,66.42,9583452,1.3750000000982254,0,6.563357882164635,136385725713,cold_state
1689423445.043,2023-07-15 12:17:25.043,4,73.39,9583488,1.6249999998762945,0,6.532023617988257,136387480202,cold_state
1689423445.695,2023-07-15 12:17:25.695,4,102.6,9583560,1.6249999998762945,0,6.532023617988257,136389825609,cold_state
1689423446.303,2023-07-15 12:17:26.303,4,84.96,9583596,1.3750000002801102,0,6.5373638544510015,136391786102,cold_state
1689423446.932,2023-07-15 12:17:26.932,4,69.99,9583668,1.4374999997017,0,6.534132889467835,136394130615,cold_state
1689423447.538,2023-07-15 12:17:27.538,4,67.49,9583704,1.4374999997017,0,6.534132889467835,136395861422,cold_state
1689423448.146,2023-07-15 12:17:28.146,4,98.13,9583740,1.0000000000218279,0,6.5410703199411255,136397578153,cold_state
1689423448.946,2023-07-15 12:17:28.946,4,99.14,9583812,2.624999999989086,0,6.496775618870005,136398743377,cold_state
1689423451.719,2023-07-15 12:17:31.719,4,73.87,9584028,1.3124999999490683,0,6.5086143622611585,136400214555,cold_state
1689423453.682,2023-07-15 12:17:33.682,4,70.81,9584172,1.1875000000145377,0,6.500311391870453,136402920023,cold_state
1689423454.29,2023-07-15 12:17:34.290,4,97.37,9584244,0.8125000000291038,0,6.514588599399845,136404651655,cold_state
1689423454.921,2023-07-15 12:17:34.921,4,90.33,9584280,1.3125000000400178,0,6.533230657736685,136406988382,cold_state
1689423455.546,2023-07-15 12:17:35.546,4,66.2,9584316,1.3125000000400178,0,6.533230657736685,136408773040,cold_state
1689423456.17,2023-07-15 12:17:36.170,4,98.47,9584388,1.1874999999236024,0,6.518770565396926,136411185714,cold_state
1689423456.831,2023-07-15 12:17:36.831,4,91.62,9584460,2.0624999999199645,0,6.536607930568147,136412959736,cold_state
1689423457.458,2023-07-15 12:17:37.458,4,69.66,9584496,2.0624999999199645,0,6.536607930568147,136415462502,cold_state
1689423458.061,2023-07-15 12:17:38.061,4,67.11,9584532,0.9375000001455192,0,6.535096082802438,136417205176,cold_state
1689423458.664,2023-07-15 12:17:38.664,4,91.98,9584604,0.9375000001455192,0,6.535096082802438,136419505452,cold_state
1689423459.269,2023-07-15 12:17:39.269,4,91.79,9584640,1.1875000001055014,0,6.622929561061825,136421461220,cold_state
1689423459.909,2023-07-15 12:17:39.909,4,67.54,9584676,1.8749999998362625,0,6.536364084154324,136423299100,cold_state
1689423460.565,2023-07-15 12:17:40.565,4,91.14,9584748,1.8749999998362625,0,6.536364084154324,136425494543,cold_state
1689423461.179,2023-07-15 12:17:41.179,4,88.58,9584820,1.0624999998981366,0,6.551677638942468,136427050846,cold_state
1689423461.812,2023-07-15 12:17:41.812,4,70.58,9584856,2.18750000003638,0,6.509211785975028,136429553533,cold_state
1689423462.422,2023-07-15 12:17:42.422,4,99.66,9584928,2.18750000003638,0,6.509211785975028,136431484499,cold_state
1689423463.07,2023-07-15 12:17:43.070,4,93.77,9584964,1.624999999967244,0,6.545642440200325,136433769918,cold_state
1689423463.707,2023-07-15 12:17:43.707,4,69.55,9585000,1.624999999967244,0,6.545642440200325,136435614164,cold_state
1689423464.311,2023-07-15 12:17:44.311,4,93.56,9585072,1.375000000007276,0,6.538046624409708,136437693626,cold_state
1689423464.917,2023-07-15 12:17:44.917,4,91.2,9585108,0.7499999999708962,0,6.524891110383907,136439380326,cold_state
1689423465.524,2023-07-15 12:17:45.524,4,74.83,9585180,0.7499999999708962,0,6.524891110383907,136441688876,cold_state
1689423466.13,2023-07-15 12:17:46.130,4,70.11,9585216,1.6250000000582077,0,6.551336253963114,136443371543,cold_state
1689423466.738,2023-07-15 12:17:46.738,4,95.8,9585252,1.6250000000582077,0,6.551336253963114,136445033205,cold_state
1689423467.428,2023-07-15 12:17:47.428,4,71.85,9585324,1.3125000001309814,0,6.548617366448976,136447471644,cold_state
1689423468.041,2023-07-15 12:17:48.041,4,69.64,9585360,1.124999999865409,0,6.536498199681927,136449184203,cold_state
1689423468.774,2023-07-15 12:17:48.774,4,89.56,9585432,2.374999999847219,0,6.55200683160113,136451580679,cold_state
1689423469.375,2023-07-15 12:17:49.375,4,75.43,9585504,2.374999999847219,0,6.55200683160113,136453176874,cold_state
1689423469.999,2023-07-15 12:17:49.999,4,67.48,9585540,0.43750000004364153,0,6.555981528146459,136455480365,cold_state
1689423470.642,2023-07-15 12:17:50.642,4,96.31,9585612,0.43750000004364153,0,6.555981528146459,136457199752,cold_state
1689423471.249,2023-07-15 12:17:51.249,4,90.89,9585648,1.125000000138229,0,6.543289322306924,136459762981,cold_state
1689423471.864,2023-07-15 12:17:51.864,4,72.09,9585684,2.6249999998981366,0,6.54395989994494,136461509901,cold_state
1689423472.47,2023-07-15 12:17:52.470,4,96.22,9585756,2.6249999998981366,0,6.54395989994494,136463208446,cold_state
1689423473.091,2023-07-15 12:17:53.091,4,91.48,9585792,0.6874999999126743,0,6.536437238078471,136465734173,cold_state
1689423473.737,2023-07-15 12:17:53.737,4,69.48,9585864,0.6874999999126743,0,6.536437238078471,136467750831,cold_state
1689423474.396,2023-07-15 12:17:54.396,4,96.14,9585936,1.3750000002801244,0,6.532133348874478,136470137408,cold_state
1689423475.002,2023-07-15 12:17:55.002,4,90.57,9585972,1.3750000000072902,0,6.504956666053799,136472193872,cold_state
1689423475.621,2023-07-15 12:17:55.621,4,68.84,9586008,1.3750000000072902,0,6.504956666053799,136474430129,cold_state
1689423476.222,2023-07-15 12:17:56.222,4,84.86,9586080,2.375000000120039,0,6.5155761773758325,136476156519,cold_state
1689423476.827,2023-07-15 12:17:56.827,4,89.09,9586116,0.3124999999272404,0,6.51279632825824,136478490692,cold_state
1689423477.488,2023-07-15 12:17:57.488,4,69.61,9586188,0.3124999999272404,0,6.51279632825824,136480247209,cold_state
1689423478.096,2023-07-15 12:17:58.096,4,70.9,9586224,0.9374999998726707,0,6.67390565387172,136482602774,cold_state
1689423478.702,2023-07-15 12:17:58.702,4,94.93,9586260,0.9374999998726707,0,6.67390565387172,136484301281,cold_state
1689423479.314,2023-07-15 12:17:59.314,4,92.84,9586332,1.375000000007276,0,6.517100217462232,136486233899,cold_state
1689423479.942,2023-07-15 12:17:59.942,4,67.53,9586368,1.6249999999672582,0,6.5350107365576005,136488791647,cold_state
1689423480.569,2023-07-15 12:18:00.569,4,96.67,9586440,1.6249999999672582,0,6.5350107365576005,136490362257,cold_state
1689423481.188,2023-07-15 12:18:01.188,4,89.89,9586512,1.250000000163709,0,6.552360408901174,136492706870,cold_state
1689423481.791,2023-07-15 12:18:01.791,4,71.84,9586548,2.6874999997744453,0,6.534705928540322,136494478422,cold_state
1689423482.411,2023-07-15 12:18:02.411,4,73.01,9586584,2.6874999997744453,0,6.534705928540322,136496932632,cold_state
1689423483.027,2023-07-15 12:18:03.027,4,99.84,9586656,0.6875000000036522,0,6.530816578239829,136498729289,cold_state
1689423483.659,2023-07-15 12:18:03.659,4,89.62,9586692,0.6875000000036522,0,6.530816578239829,136501005375,cold_state
1689423484.26,2023-07-15 12:18:04.260,4,70.57,9586728,1.1875000001055014,0,6.53571789115769,136502919919,cold_state
1689423484.865,2023-07-15 12:18:04.865,4,78.86,9586800,1.3124999999490683,0,6.539741356985786,136505275884,cold_state
1689423485.498,2023-07-15 12:18:05.498,4,93.62,9586836,1.3124999999490683,0,6.539741356985786,136506975071,cold_state
1689423486.118,2023-07-15 12:18:06.118,4,70.27,9586872,1.1875000001964509,0,6.496422041569962,136508979884,cold_state
1689423486.753,2023-07-15 12:18:06.753,4,75.58,9586944,1.1875000001964509,0,6.496422041569962,136511258724,cold_state
1689423487.36,2023-07-15 12:18:07.360,4,93.5,9587016,1.3749999999163265,0,6.5012014312809105,136512767433,cold_state
1689423488.09,2023-07-15 12:18:08.090,4,71.18,9587052,1.1874999999236024,0,6.487497262824005,136515144367,cold_state
1689423488.697,2023-07-15 12:18:08.697,4,66.51,9587088,1.1874999999236024,0,6.487497262824005,136517018175,cold_state
1689423489.319,2023-07-15 12:18:09.319,4,98.02,9587160,1.3125000000400178,0,6.483668874126969,136519323685,cold_state
1689423489.923,2023-07-15 12:18:09.923,4,88.26,9587196,1.87500000001819,0,6.494483462580061,136521067123,cold_state
1689423490.529,2023-07-15 12:18:10.529,4,73.38,9587268,1.87500000001819,0,6.494483462580061,136523413306,cold_state
1689423491.131,2023-07-15 12:18:11.131,4,70.71,9587304,1.9374999999854623,0,6.495154040218076,136525117903,cold_state
1689423491.735,2023-07-15 12:18:11.735,4,97.44,9587340,1.9374999999854623,0,6.495154040218076,136527200639,cold_state
1689423492.353,2023-07-15 12:18:12.353,4,73.79,9587412,0.9999999999308642,0,6.485546491513413,136529142008,cold_state
1689423492.96,2023-07-15 12:18:12.960,4,69.55,9587448,1.9999999999527205,0,6.499311621573775,136530616266,cold_state
1689423493.638,2023-07-15 12:18:13.638,4,96.64,9587520,1.9999999999527205,0,6.499311621573775,136533250463,cold_state
1689423494.243,2023-07-15 12:18:14.243,4,83.88,9587556,1.2499999999818243,0,6.5181121800796005,136534946157,cold_state
1689423494.894,2023-07-15 12:18:14.894,4,69.35,9587592,1.2500000000727596,0,6.546142325348664,136537244795,cold_state
1689423495.501,2023-07-15 12:18:15.501,4,105.3,9587664,1.2500000000727596,0,6.546142325348664,136538927397,cold_state
1689423496.107,2023-07-15 12:18:16.107,4,91.16,9587700,1.3124999999490683,0,6.544618285262264,136541203511,cold_state
1689423496.717,2023-07-15 12:18:16.717,4,76.12,9587772,1.3124999999490683,0,6.544618285262264,136543067097,cold_state
1689423497.327,2023-07-15 12:18:17.327,4,66.53,9587808,1.937499999985448,0,6.554116103080706,136545449085,cold_state
1689423497.934,2023-07-15 12:18:17.934,4,93.52,9587880,0.7499999998799325,0,6.541143473865272,136547207533,cold_state
1689423498.542,2023-07-15 12:18:18.542,4,91.06,9587916,0.7499999998799325,0,6.541143473865272,136548892974,cold_state
1689423499.161,2023-07-15 12:18:19.161,4,71.97,9587988,1.2500000002546443,0,6.497702235242538,136551173693,cold_state
1689423499.774,2023-07-15 12:18:19.774,4,65.74,9588024,2.9374999999163265,0,6.512820712899621,136552892836,cold_state
1689423500.436,2023-07-15 12:18:20.436,4,93.44,9588096,2.9374999999163265,0,6.512820712899621,136555236141,cold_state
1689423501.095,2023-07-15 12:18:21.095,4,70.05,9588132,0.3749999999854481,0,6.507565822681716,136556951903,cold_state
1689423501.699,2023-07-15 12:18:21.699,4,74.03,9588168,0.3749999999854481,0,6.507565822681716,136559230014,cold_state
1689423502.311,2023-07-15 12:18:22.311,4,88.4,9588240,2.624999999989086,0,6.490581919958878,136560846653,cold_state
1689423502.921,2023-07-15 12:18:22.921,4,74.42,9588276,0.7500000001527809,0,6.510760210702809,136563246484,cold_state
1689423503.527,2023-07-15 12:18:23.527,4,97.54,9588312,0.7500000001527809,0,6.510760210702809,136564672905,cold_state
1689423504.138,2023-07-15 12:18:24.138,4,91.3,9588384,1.1874999999236024,0,6.521830837890416,136566794400,cold_state
1689423504.757,2023-07-15 12:18:24.757,4,73.39,9588456,1.1874999999236024,0,6.543289322306924,136568742920,cold_state
1689423505.362,2023-07-15 12:18:25.362,4,99.37,9588492,1.3749999999163265,0,6.543289322306924,136570552410,cold_state
1689423506.002,2023-07-15 12:18:26.002,4,92.86,9588528,1.1250000000472937,0,6.565101384023475,136572671825,cold_state
1689423506.641,2023-07-15 12:18:26.641,4,72.15,9588600,1.1250000000472937,0,6.565101384023475,136574556600,cold_to_null_process
1689423507.097,2023-07-15 12:18:27.097,4,69.32,9588636,1.4375000001564189,0,6.5634798053715455,136576385765,cold_to_null_process
1689423507.66,2023-07-15 12:18:27.660,4,101.76,9588672,1.4375000001564189,0,6.5634798053715455,136579511242,cold_to_null_process
1689423508.304,2023-07-15 12:18:28.304,4,93.63,9588744,1.5624999999090363,0,6.701289606144149,136583703289,cold_to_null_process
1689423508.853,2023-07-15 12:18:28.853,4,85.66,9588780,3.3124999999017746,0,6.558493146208846,136587200000,cold_to_null_process
1689423630.862,2023-07-15 12:20:30.862,0,76.47,9598968,1.9999999996798437,0,6.359160895228462,136803451675,warm_disk_state
1689423631.4,2023-07-15 12:20:31.400,0,87.11,9599004,1.9999999996798437,0,6.359160895228462,136803714966,warm_disk_state
1689423631.953,2023-07-15 12:20:31.953,0,92.82,9599040,0.8125000000291038,0,6.374535411620062,136804016734,warm_disk_state
1689423632.493,2023-07-15 12:20:32.493,0,60.99,9599112,0.8125000000291038,0,6.374535411620062,136804731060,warm_disk_state
1689423633.022,2023-07-15 12:20:33.022,0,100.62,9599148,0.9375000001455049,0,6.384984230452417,136805004329,warm_disk_state
1689423633.55,2023-07-15 12:20:33.550,0,86.06,9599184,0.9375000001455049,0,6.384984230452417,136805712150,warm_disk_state
1689423634.078,2023-07-15 12:20:34.078,0,82.18,9599220,1.2499999998908748,0,6.375583951199506,136805981178,warm_disk_state
1689423634.609,2023-07-15 12:20:34.609,0,66.18,9599256,1.2499999998908748,0,6.375583951199506,136806235002,warm_disk_state
1689423635.14,2023-07-15 12:20:35.140,0,98.85,9599292,0.9375000000545555,0,6.391116967760089,136806947804,warm_disk_state
1689423635.667,2023-07-15 12:20:35.667,0,88.93,9599364,0.9375000000545555,0,6.391116967760089,136807248355,warm_disk_state
1689423636.203,2023-07-15 12:20:36.203,0,68.96,9599400,0.874999999996362,0,6.3944088943467134,136807490499,warm_disk_state
1689423636.732,2023-07-15 12:20:36.732,0,65.55,9599436,0.874999999996362,0,6.3944088943467134,136808199639,warm_disk_state
1689423637.265,2023-07-15 12:20:37.265,0,94.52,9599472,2.0625000001018634,0,6.417805957753122,136808464745,warm_disk_state
1689423637.797,2023-07-15 12:20:37.797,0,83.66,9599544,0.1875000000836735,0,6.405296636723953,136809204354,warm_disk_state
1689423638.325,2023-07-15 12:20:38.325,0,80.93,9599580,0.1875000000836735,0,6.405296636723953,136809540139,warm_disk_state
1689423638.868,2023-07-15 12:20:38.868,0,62.66,9599616,1.062499999989086,0,6.362623514304762,136809894977,warm_disk_state
1689423639.404,2023-07-15 12:20:39.404,0,72.75,9599652,1.062499999989086,0,6.362623514304762,136810650343,warm_disk_state
1689423639.931,2023-07-15 12:20:39.931,0,78.12,9599688,1.4374999997926352,0,6.366768903339769,136810910779,warm_disk_state
1689423640.457,2023-07-15 12:20:40.457,0,70.39,9599724,1.4374999997926352,0,6.366768903339769,136811627860,warm_disk_state
1689423640.984,2023-07-15 12:20:40.984,0,100.31,9599760,1.7500000002655725,0,6.3646474395395005,136811959820,warm_disk_state
1689423641.517,2023-07-15 12:20:41.517,0,94.05,9599796,1.7500000002655725,0,6.3646474395395005,136812233975,warm_disk_state
1689423642.344,2023-07-15 12:20:42.344,0,62.29,9599868,0.8125000000290896,0,6.315353886984991,136812772110,warm_disk_state
1689423643.303,2023-07-15 12:20:43.303,0,86.89,9599976,1.9374999998035491,0,6.326948783962319,136812911654,warm_disk_state
1689423644.4,2023-07-15 12:20:44.400,0,68.33,9600048,0.37500000007639755,0,6.3323012127457545,136813521736,warm_disk_state
1689423645.325,2023-07-15 12:20:45.325,0,92.78,9600120,0.9999999999308642,0,6.344773956812849,136813646552,warm_disk_state
1689423646.548,2023-07-15 12:20:46.548,0,66.38,9600228,1.312499999949054,0,6.377461568585948,136814263297,warm_disk_state
1689423647.274,2023-07-15 12:20:47.274,0,82.71,9600264,0.8749999999963478,0,6.365476517346503,136814637769,warm_disk_state
1689423647.848,2023-07-15 12:20:47.848,0,79.09,9600336,1.7500000000836877,0,6.378107761582583,136815378504,warm_disk_state
1689423648.383,2023-07-15 12:20:48.383,0,65.53,9600372,1.7500000000836877,0,6.378107761582583,136815663801,warm_disk_state
1689423648.921,2023-07-15 12:20:48.921,0,62.13,9600408,0.7499999999708962,0,6.373560025964767,136816428447,warm_disk_state
1689423649.462,2023-07-15 12:20:49.462,0,87.77,9600444,0.7499999999708962,0,6.373560025964767,136816742040,warm_disk_state
1689423650.018,2023-07-15 12:20:50.018,0,68.23,9600516,1.0625000000800213,0,6.3861181162767,136817030943,warm_disk_state
1689423650.548,2023-07-15 12:20:50.548,0,64.06,9600516,1.0625000000800213,0,6.3861181162767,136817774017,warm_disk_state
1689423651.075,2023-07-15 12:20:51.075,0,91.09,9600588,1.4374999997926352,0,6.38530123079039,136818075420,warm_disk_state
1689423651.607,2023-07-15 12:20:51.607,0,95.95,9600624,1.4374999997926352,0,6.38530123079039,136818783948,warm_disk_state
1689423652.143,2023-07-15 12:20:52.143,0,67.4,9600660,2.1875000001273435,0,6.359989973035464,136819054996,warm_disk_state
1689423652.67,2023-07-15 12:20:52.670,0,67.27,9600696,2.1875000001273435,0,6.359989973035464,136819300728,warm_disk_state
1689423653.2,2023-07-15 12:20:53.200,0,85.05,9600732,0.31250000010913936,0,6.3880566952666005,136820057647,warm_disk_state
1689423653.733,2023-07-15 12:20:53.733,0,69.05,9600768,0.31250000010913936,0,6.3880566952666005,136820318979,warm_disk_state
1689423654.288,2023-07-15 12:20:54.288,0,65.77,9600804,1.374999999825377,0,6.418549689315284,136820593950,warm_disk_state
1689423654.838,2023-07-15 12:20:54.838,0,92.03,9600876,1.437500000156433,0,6.420610191512097,136821289970,warm_disk_state
1689423655.365,2023-07-15 12:20:55.365,0,85.23,9600912,1.437500000156433,0,6.420610191512097,136821540278,warm_disk_state
1689423655.893,2023-07-15 12:20:55.893,0,85.35,9600948,0.49999999991996447,0,6.417793765432429,136822271518,warm_disk_state
1689423656.42,2023-07-15 12:20:56.420,0,65.75,9600984,0.49999999991996447,0,6.417793765432429,136822555315,warm_disk_state
1689423656.954,2023-07-15 12:20:56.954,0,61.18,9601020,0.9374999999636202,0,6.401882786930417,136822801075,warm_disk_state
1689423657.483,2023-07-15 12:20:57.483,0,82.86,9601056,0.9374999999636202,0,6.401882786930417,136823536674,warm_disk_state
1689423658.011,2023-07-15 12:20:58.011,0,67.26,9601092,1.5000000000327276,0,6.515064099906802,136823820203,warm_disk_state
1689423658.542,2023-07-15 12:20:58.542,0,63.1,9601128,1.5000000000327276,0,6.515064099906802,136824530282,warm_disk_state
1689423659.067,2023-07-15 12:20:59.067,0,99.02,9601200,0.31250000010913936,0,6.404589482123864,136824925026,warm_disk_state
1689423659.596,2023-07-15 12:20:59.596,0,90.61,9601236,0.31250000010913936,0,6.404589482123864,136825182194,warm_disk_state
1689423660.131,2023-07-15 12:21:00.131,0,77.27,9601272,1.7499999999017888,0,6.401041516802724,136825910504,warm_disk_state
1689423660.711,2023-07-15 12:21:00.711,0,68.49,9601308,1.7499999999017888,0,6.401041516802724,136826172242,warm_disk_state
1689423661.244,2023-07-15 12:21:01.244,0,88.77,9601344,1.0000000000218279,0,6.404504135879025,136826959734,warm_disk_state
1689423661.777,2023-07-15 12:21:01.777,0,86.34,9601416,1.5000000000327276,0,6.39621335780901,136827250882,warm_disk_state
1689423662.308,2023-07-15 12:21:02.308,0,63.96,9601452,1.5000000000327276,0,6.39621335780901,136827492777,warm_disk_state
1689423662.839,2023-07-15 12:21:02.839,0,57.54,9601488,1.0000000000218279,0,6.389324696618484,136828228268,warm_disk_state
1689423663.366,2023-07-15 12:21:03.366,0,93.42,9601524,1.0000000000218279,0,6.389324696618484,136828485542,warm_disk_state
1689423663.91,2023-07-15 12:21:03.910,0,81.03,9601560,1.0000000000218279,0,6.406418330227543,136828777299,warm_disk_state
1689423664.437,2023-07-15 12:21:04.437,0,70.14,9601632,1.0000000000218279,0,6.406418330227543,136829462511,warm_disk_state
1689423664.967,2023-07-15 12:21:04.967,0,84.47,9601668,1.875000000018204,0,6.404223712503128,136829722248,warm_disk_state
1689423665.494,2023-07-15 12:21:05.494,0,92.78,9601704,1.875000000018204,0,6.404223712503128,136830426985,warm_disk_state
1689423666.021,2023-07-15 12:21:06.021,0,85.28,9601740,0.3749999998944844,0,6.389739235521985,136830701988,warm_disk_state
1689423666.561,2023-07-15 12:21:06.561,0,69.85,9601776,0.3749999998944844,0,6.389739235521985,136830995975,warm_disk_state
1689423667.092,2023-07-15 12:21:07.092,0,83.62,9601812,0.9375000000545839,0,6.370670445960952,136831711798,warm_disk_state
1689423667.622,2023-07-15 12:21:07.622,0,88.61,9601884,0.9375000000545839,0,6.370670445960952,136831983754,warm_disk_state
1689423668.15,2023-07-15 12:21:08.150,0,85.15,9601920,1.0000000001127631,0,6.370377830264363,136832790642,warm_disk_state
1689423668.678,2023-07-15 12:21:08.678,0,67.59,9601956,1.0000000001127631,0,6.370377830264363,136833049357,warm_disk_state
1689423669.212,2023-07-15 12:21:09.212,0,99.56,9601992,1.1250000000472937,0,6.379960994327645,136833430833,warm_disk_state
1689423669.744,2023-07-15 12:21:09.744,0,91.85,9602028,1.1250000000472937,0,6.379960994327645,136834142531,warm_disk_state
1689423670.281,2023-07-15 12:21:10.281,0,82.74,9602100,1.1874999997417035,0,6.395652511057216,136834407498,warm_disk_state
1689423670.812,2023-07-15 12:21:10.812,0,61.56,9602136,1.4999999998508287,0,6.399322399585267,136835211964,warm_disk_state
1689423671.341,2023-07-15 12:21:11.341,0,56.83,9602172,1.4999999998508287,0,6.399322399585267,136835479656,warm_disk_state
1689423671.869,2023-07-15 12:21:11.869,0,78.01,9602208,1.6250000002401066,0,6.354491236403733,136835758947,warm_disk_state
1689423672.398,2023-07-15 12:21:12.398,0,94.35,9602244,1.6250000002401066,0,6.354491236403733,136836470493,warm_disk_state
1689423672.925,2023-07-15 12:21:12.925,0,65.69,9602280,1.500000000032756,0,6.370755792205792,136836744281,warm_disk_state
1689423673.452,2023-07-15 12:21:13.452,0,68.23,9602316,1.500000000032756,0,6.370755792205792,136837458094,warm_disk_state
1689423673.994,2023-07-15 12:21:13.994,0,92.94,9602388,0.8124999999381401,0,6.333715521945933,136837740120,warm_disk_state
1689423674.53,2023-07-15 12:21:14.530,0,91.93,9602424,0.8124999999381401,0,6.333715521945933,136838014676,warm_disk_state
1689423675.06,2023-07-15 12:21:15.060,0,67.36,9602460,1.2500000000727596,0,6.316621888336875,136838700753,warm_disk_state
1689423675.59,2023-07-15 12:21:15.590,0,72.18,9602496,1.2500000000727596,0,6.316621888336875,136838947939,warm_disk_state
1689423676.125,2023-07-15 12:21:16.125,0,74.81,9602532,0.9999999998399289,0,6.341920953771109,136839231346,warm_disk_state
1689423676.657,2023-07-15 12:21:16.657,0,95.57,9602568,0.9999999998399289,0,6.341920953771109,136839940507,warm_disk_state
1689423677.185,2023-07-15 12:21:17.185,0,58.44,9602640,1.437500000156433,0,6.3605995890700235,136840259974,warm_disk_state
1689423677.727,2023-07-15 12:21:17.727,0,73.4,9602640,1.437500000156433,0,6.3605995890700235,136841011272,warm_disk_state
1689423678.259,2023-07-15 12:21:18.259,0,89.86,9602712,0.8124999998471907,0,6.361038512614907,136841304020,warm_disk_state
1689423678.789,2023-07-15 12:21:18.789,0,84.01,9602748,1.2500000001637233,0,6.39071462117728,136841583813,warm_disk_state
1689423679.32,2023-07-15 12:21:19.320,0,76.44,9602784,1.2500000001637233,0,6.39071462117728,136842399163,warm_disk_state
1689423679.847,2023-07-15 12:21:19.847,0,62.03,9602820,1.187500000014552,0,6.394933164136435,136842692346,warm_disk_state
1689423680.378,2023-07-15 12:21:20.378,0,94.98,9602892,1.187500000014552,0,6.394933164136435,136842946635,warm_disk_state
1689423680.909,2023-07-15 12:21:20.909,0,85.81,9602928,1.4999999998508287,0,6.378644223692996,136843735814,warm_disk_state
1689423681.434,2023-07-15 12:21:21.434,0,62.95,9602964,1.4999999998508287,0,6.378644223692996,136844023983,warm_disk_state
1689423681.963,2023-07-15 12:21:21.963,0,73.62,9603000,1.3125000001309672,0,6.354637544252027,136844729412,warm_disk_state
1689423682.493,2023-07-15 12:21:22.493,0,92.45,9603036,1.3125000001309672,0,6.354637544252027,136844999205,warm_disk_state
1689423683.027,2023-07-15 12:21:23.027,0,86.82,9603108,0.749999999970882,0,6.381168034076073,136845260051,warm_disk_state
1689423683.563,2023-07-15 12:21:23.563,0,71.02,9603144,0.749999999970882,0,6.381168034076073,136845987638,warm_disk_state
1689423684.091,2023-07-15 12:21:24.091,0,64.62,9603180,1.312499999949054,0,6.372157909085279,136846277018,warm_disk_state
1689423684.62,2023-07-15 12:21:24.620,0,64.66,9603216,1.312499999949054,0,6.372157909085279,136846999268,warm_disk_state
1689423685.146,2023-07-15 12:21:25.146,0,85.13,9603252,1.1874999999236167,0,6.391531506663591,136847268659,warm_disk_state
1689423685.679,2023-07-15 12:21:25.679,0,65.98,9603288,1.1874999999236167,0,6.391531506663591,136847517257,warm_disk_state
1689423686.211,2023-07-15 12:21:26.211,0,57.69,9603324,1.5000000000327702,0,6.401004939840652,136848251793,warm_disk_state
1689423686.74,2023-07-15 12:21:26.740,0,66.27,9603360,1.5000000000327702,0,6.401004939840652,136848518645,warm_disk_state
1689423687.272,2023-07-15 12:21:27.272,0,79.52,9603396,0.9374999999636202,0,6.369292713722848,136849223095,warm_disk_state
1689423687.8,2023-07-15 12:21:27.800,0,66.37,9603432,1.1875000000145377,0,6.4315467031721,136849509053,warm_disk_state
1689423688.337,2023-07-15 12:21:28.337,0,59.62,9603468,1.1875000000145377,0,6.4315467031721,136849790902,warm_disk_state
1689423688.866,2023-07-15 12:21:28.866,0,71.08,9603504,0.9375000001455192,0,6.362684475908218,136850543172,warm_disk_state
1689423689.394,2023-07-15 12:21:29.394,0,123.75,9603576,0.9375000001455192,0,6.362684475908218,136850919663,warm_disk_state
1689423689.925,2023-07-15 12:21:29.925,0,106.67,9603612,2.687499999865395,0,6.3723407938956464,136851185495,warm_disk_state
1689423690.457,2023-07-15 12:21:30.457,0,106.27,9603684,2.687499999865395,0,6.3723407938956464,136851911697,warm_disk_state
1689423690.985,2023-07-15 12:21:30.985,0,108.38,9603756,0.922233300045292,0,6.371231292712748,136852230716,warm_disk_state
1689423691.519,2023-07-15 12:21:31.519,0,93.07,9603792,0.922233300045292,0,6.371231292712748,136852971460,warm_disk_state
1689423692.047,2023-07-15 12:21:32.047,0,93.55,9603828,1.51705115351146,0,6.346858843651044,136853251028,warm_disk_state
1689423692.583,2023-07-15 12:21:32.583,0,67.49,9603900,1.51705115351146,0,6.346858843651044,136853497676,warm_disk_state
1689423693.12,2023-07-15 12:21:33.120,0,69.8,9603900,1.3124999999490825,0,6.3620626675529675,136854219914,warm_disk_state
1689423693.649,2023-07-15 12:21:33.649,0,87.01,9603972,1.3124999999490825,0,6.3620626675529675,136854472876,warm_disk_state
1689423694.175,2023-07-15 12:21:34.175,0,66.98,9604008,0.874999999996362,0,6.392372776791283,136855208943,warm_disk_state
1689423694.701,2023-07-15 12:21:34.701,0,69.02,9604044,0.874999999996362,0,6.392372776791283,136855474547,warm_disk_state
1689423695.232,2023-07-15 12:21:35.232,0,92.14,9604080,0.5625000002510205,0,6.4935080769247655,136855740912,warm_disk_state
1689423695.764,2023-07-15 12:21:35.764,0,83.61,9604116,1.4999999997599076,0,6.406906023055191,136856453453,warm_disk_state
1689423696.293,2023-07-15 12:21:36.293,0,68.61,9604152,1.4999999997599076,0,6.406906023055191,136856695401,warm_disk_state
1689423696.83,2023-07-15 12:21:36.830,0,63.62,9604188,0.8124999999381686,0,6.411746374369597,136857375640,warm_disk_state
1689423697.434,2023-07-15 12:21:37.434,0,89.37,9604260,0.8124999999381686,0,6.411746374369597,136857723912,warm_disk_to_warm_cpu_process
1689423697.683,2023-07-15 12:21:37.683,0,87.6,9604260,0.8124999999381686,0,6.411746374369597,136857838985,warm_disk_to_warm_cpu_process
1689423697.942,2023-07-15 12:21:37.942,0,81.12,9604296,1.3750000003710738,0,6.41209995166964,136858014583,warm_disk_to_warm_cpu_process
1689423698.199,2023-07-15 12:21:38.199,0,68.47,9604332,1.3750000003710738,0,6.41209995166964,136858195426,warm_disk_to_warm_cpu_process
1689423698.457,2023-07-15 12:21:38.457,0,66.06,9604332,1.3750000003710738,0,6.41209995166964,136858749752,warm_disk_to_warm_cpu_process
1689423698.831,2023-07-15 12:21:38.831,0,61.98,9604368,0.8749999999053983,0,6.399992977223282,136858904561,warm_disk_to_warm_cpu_process
1689423699.162,2023-07-15 12:21:39.162,0,71.01,9604368,0.8749999999053983,0,6.399992977223282,136860423220,warm_disk_to_warm_cpu_process
1689423700.228,2023-07-15 12:21:40.228,0,62.56,9604476,1.999999999861771,0,6.405442944572247,136861727358,warm_disk_to_warm_cpu_process
1689423704.622,2023-07-15 12:21:44.622,1,74.65,9604836,0.4375000001346194,0,6.355527583662485,136866008340,warm_disk_to_warm_cpu_process
1689423705.224,2023-07-15 12:21:45.224,2,117.44,9604872,2.4526892429481677,0,6.386752116952642,136871168803,warm_disk_to_warm_cpu_process
1689423706.122,2023-07-15 12:21:46.122,4,122.53,9604980,22.000502007710693,0,7.699243247039339,136878596813,warm_disk_to_warm_cpu_process
1689423706.937,2023-07-15 12:21:46.937,4,142.53,9605124,38.43750000023646,0.11,10.363582318403918,136884449212,warm_disk_to_warm_cpu_process
1689423709.882,2023-07-15 12:21:49.882,4,91.22,9605412,2.1875000002182787,0.09,12.036466255801717,136888853153,warm_disk_to_warm_cpu_process
1689423734.267,2023-07-15 12:22:14.267,4,74.34,9607608,1.0624999998981508,0,11.823637105816175,136957272931,warm_cpu_state
1689423734.873,2023-07-15 12:22:14.873,4,90.16,9607644,1.6875000001164153,0,11.874210852043262,136958876592,warm_cpu_state
1689423735.492,2023-07-15 12:22:15.492,4,82.75,9607716,1.6875000001164153,0,11.874210852043262,136960348955,warm_cpu_state
1689423736.14,2023-07-15 12:22:16.140,4,67.45,9607752,2.1875000000363656,0,11.851740405009386,136962693030,warm_cpu_state
1689423736.747,2023-07-15 12:22:16.747,4,98.48,9607788,2.1875000000363656,0,11.851740405009386,136964265164,warm_cpu_state
1689423737.375,2023-07-15 12:22:17.375,4,93.57,9607896,1.7500000000836735,0,11.854398330920066,136966656533,warm_cpu_state
1689423737.985,2023-07-15 12:22:17.985,4,66.61,9607932,1.9999999997708073,0,11.834927194776226,136968138849,warm_cpu_state
1689423738.607,2023-07-15 12:22:18.607,4,70.16,9607968,1.9999999997708073,0,11.834927194776226,136970393444,warm_cpu_state
1689423739.212,2023-07-15 12:22:19.212,4,86.09,9608004,2.000000000316504,0,11.831684037472366,136972235486,warm_cpu_state
1689423739.818,2023-07-15 12:22:19.818,4,83.03,9608076,2.1249999997962874,0,11.838487352418054,136974294386,warm_cpu_state
1689423740.426,2023-07-15 12:22:20.426,4,68.71,9608112,2.1249999997962874,0,11.838487352418054,136975931504,warm_cpu_state
1689423741.066,2023-07-15 12:22:21.066,4,94.74,9608148,2.062499999829001,0,11.835841618828065,136977596447,warm_cpu_state
1689423741.699,2023-07-15 12:22:21.699,4,98.05,9608220,2.062499999829001,0,11.835841618828065,136979865737,warm_cpu_state
1689423742.313,2023-07-15 12:22:22.313,4,63.81,9608256,2.5625000000218137,0,11.817162983529151,136981711213,warm_cpu_state
1689423742.947,2023-07-15 12:22:22.947,4,83.92,9608292,1.4374999998835847,0,11.843352088373841,136983772414,warm_cpu_state
1689423743.618,2023-07-15 12:22:23.618,4,67.66,9608364,1.4374999998835847,0,11.843352088373841,136985607485,warm_cpu_state
1689423744.231,2023-07-15 12:22:24.231,4,67.84,9608400,1.1875000001964509,0,11.93142941304705,136987843954,warm_cpu_state
1689423744.854,2023-07-15 12:22:24.854,4,93.34,9608472,2.7500000001055014,0,11.846302629981112,136989628395,warm_cpu_state
1689423745.475,2023-07-15 12:22:25.475,4,83.32,9608544,2.7500000001055014,0,11.846302629981112,136991901645,warm_cpu_state
1689423746.082,2023-07-15 12:22:26.082,4,65.74,9608580,1.1874999998326672,0,11.852301251761181,136993359963,warm_cpu_state
1689423746.692,2023-07-15 12:22:26.692,4,94.56,9608616,1.1874999998326672,0,11.852301251761181,136995614932,warm_cpu_state
1689423747.298,2023-07-15 12:22:27.298,4,93.77,9608688,2.2500000002764864,0,11.845302859684434,136997474939,warm_cpu_state
1689423747.914,2023-07-15 12:22:27.914,4,65.69,9608724,1.6874999999345164,0,11.850338288129898,136998779012,warm_cpu_state
1689423748.559,2023-07-15 12:22:28.559,4,121.24,9608760,1.6874999999345164,0,11.850338288129898,137001219176,warm_cpu_state
1689423749.175,2023-07-15 12:22:29.175,4,80.77,9608832,1.749999999992724,0,11.86767576815278,137002876240,warm_cpu_state
1689423749.807,2023-07-15 12:22:29.807,4,70.58,9608904,4.124999999839915,0,11.866797921063014,137005156737,warm_cpu_state
1689423750.412,2023-07-15 12:22:30.412,4,66.52,9608940,4.124999999839915,0,11.866797921063014,137006799129,warm_cpu_state
1689423751.019,2023-07-15 12:22:31.019,4,100.61,9608976,2.0000000001346194,0,11.855507832102965,137008854586,warm_cpu_state
1689423751.649,2023-07-15 12:22:31.649,4,96.43,9609048,2.0000000001346194,0,11.855507832102965,137010323451,warm_cpu_state
1689423752.257,2023-07-15 12:22:32.257,4,63.94,9609084,3.1874999997853735,0,11.859653221137972,137010974479,warm_cpu_state
1689423752.915,2023-07-15 12:22:32.915,4,73.77,9609120,0.8125000001200533,0,11.875698315167588,137012846171,warm_cpu_state
1689423754.121,2023-07-15 12:22:34.121,4,85.98,9609228,1.375000000007276,0,11.874637583267454,137013428737,warm_cpu_state
1689423757.272,2023-07-15 12:22:37.272,4,70.19,9609480,2.8749999997671836,0,11.864079033548878,137017150967,warm_cpu_state
1689423757.886,2023-07-15 12:22:37.886,4,69.9,9609552,1.3125000000400178,0,11.867724537435546,137018853282,warm_cpu_state
1689423758.527,2023-07-15 12:22:38.527,4,82.39,9609588,1.3125000000400178,0,11.867724537435546,137020979468,warm_cpu_state
1689423759.141,2023-07-15 12:22:39.141,4,87.39,9609624,2.3750000000290896,0,11.85249632889224,137022660478,warm_cpu_state
1689423760.019,2023-07-15 12:22:40.019,4,69.3,9609732,1.7499999999927098,0,11.839718776807866,137025135317,warm_cpu_state
1689423760.626,2023-07-15 12:22:40.626,4,80.77,9609768,1.7499999999927098,0,11.839718776807866,137026770018,warm_cpu_state
1689423761.242,2023-07-15 12:22:41.242,4,84.97,9609804,2.000000000134605,0,11.87958766546808,137028847418,warm_cpu_state
1689423761.85,2023-07-15 12:22:41.850,4,100.63,9609876,2.49999999996362,0,11.857226949320426,137030510169,warm_cpu_state
1689423762.45,2023-07-15 12:22:42.450,4,70.21,9609912,2.49999999996362,0,11.857226949320426,137032746930,warm_cpu_state
1689423763.055,2023-07-15 12:22:43.055,4,68.83,9609948,1.5624999999090505,0,11.838536121700818,137034415106,warm_cpu_state
1689423763.707,2023-07-15 12:22:43.707,4,89.39,9610020,1.5624999999090505,0,11.838536121700818,137036642240,warm_cpu_state
1689423764.311,2023-07-15 12:22:44.311,4,66.54,9610056,1.0000000002037126,0,11.872601465712023,137038325991,warm_cpu_state
1689423764.922,2023-07-15 12:22:44.922,4,62.64,9610092,1.6874999999345164,0,11.868419499714944,137040013581,warm_cpu_state
1689423765.554,2023-07-15 12:22:45.554,4,86.71,9610128,1.6874999999345164,0,11.868419499714944,137042265626,warm_cpu_state
1689423766.162,2023-07-15 12:22:46.162,4,86.59,9610200,2.5625000001127773,0,11.888390521007125,137043917147,warm_cpu_state
1689423766.795,2023-07-15 12:22:46.795,4,65.74,9610272,2.312499999698062,0,11.88914644488998,137046125103,warm_cpu_state
1689423767.442,2023-07-15 12:22:47.442,4,95.21,9610308,2.312499999698062,0,11.88914644488998,137047840080,warm_cpu_state
1689423768.058,2023-07-15 12:22:48.058,4,90.4,9610380,1.375000000189175,0,11.856629525606555,137050134617,warm_cpu_state
1689423768.662,2023-07-15 12:22:48.662,4,80.17,9610416,1.375000000189175,0,11.856629525606555,137051760689,warm_cpu_state
1689423769.27,2023-07-15 12:22:49.270,4,57.84,9610452,1.999999999861771,0,11.844668859008491,137053830878,warm_cpu_state
1689423769.873,2023-07-15 12:22:49.873,4,92.82,9610524,2.375000000211017,0,11.83580504186599,137055486267,warm_cpu_state
1689423770.534,2023-07-15 12:22:50.534,4,84.25,9610560,2.375000000211017,0,11.83580504186599,137057923752,warm_cpu_state
1689423771.139,2023-07-15 12:22:51.139,4,66.78,9610632,1.8749999999272546,0,11.83835323689045,137059604251,warm_cpu_state
1689423771.744,2023-07-15 12:22:51.744,4,110.98,9610668,1.8749999999272546,0,11.83835323689045,137061129767,warm_cpu_state
1689423772.371,2023-07-15 12:22:52.371,4,85.84,9610740,2.124999999978172,0,11.836865773766124,137063492604,warm_cpu_state
1689423773.01,2023-07-15 12:22:53.010,4,69.11,9610776,2.8750000000400178,0,11.848497247705527,137065152896,warm_cpu_state
1689423773.644,2023-07-15 12:22:53.644,4,68.65,9610812,2.8750000000400178,0,11.848497247705527,137067239573,warm_cpu_state
1689423774.249,2023-07-15 12:22:54.249,4,85.9,9610884,0.4374999999527063,0,11.886768942355195,137069093818,warm_cpu_state
1689423774.864,2023-07-15 12:22:54.864,4,87.71,9610920,1.937500000167347,0,11.866468728404351,137071145107,warm_cpu_state
1689423775.481,2023-07-15 12:22:55.481,4,64.66,9610992,1.937500000167347,0,11.866468728404351,137072826478,warm_cpu_state
1689423776.084,2023-07-15 12:22:56.084,4,73.67,9611028,1.5624999999090505,0,11.853227868133711,137074876829,warm_cpu_state
1689423776.701,2023-07-15 12:22:56.701,4,78.3,9611064,1.5624999999090505,0,11.853227868133711,137076794856,warm_cpu_state
1689423777.327,2023-07-15 12:22:57.327,4,69.87,9611100,1.9999999997708073,0,11.86145768460027,137078873112,warm_cpu_state
1689423777.978,2023-07-15 12:22:57.978,4,90.22,9611172,1.8125000001418812,0,12.025505359500329,137080667170,warm_cpu_state
1689423778.62,2023-07-15 12:22:58.620,4,81.75,9611244,1.8125000001418812,0,12.025505359500329,137082813743,warm_cpu_state
1689423779.236,2023-07-15 12:22:59.236,4,56.08,9611280,1.8750000002000888,0,11.842462048963384,137084682364,warm_cpu_state
1689423779.845,2023-07-15 12:22:59.845,4,92.61,9611352,2.749999999650754,0,11.86309145557289,137086168443,warm_cpu_state
1689423780.545,2023-07-15 12:23:00.545,4,84.06,9611388,2.749999999650754,0,11.86309145557289,137088595747,warm_cpu_state
1689423781.153,2023-07-15 12:23:01.153,4,72.22,9611460,0.9999999999308784,0,11.815248789180632,137090258612,warm_cpu_state
1689423781.794,2023-07-15 12:23:01.794,4,75.75,9611496,2.8750000004038156,0,11.869382693049548,137092529496,warm_cpu_state
1689423782.401,2023-07-15 12:23:02.401,4,86.93,9611532,2.8750000004038156,0,11.869382693049548,137094375669,warm_cpu_state
1689423783.042,2023-07-15 12:23:03.042,4,87.1,9611604,2.0688800790304214,0,11.865603073635276,137096427967,warm_cpu_state
1689423783.647,2023-07-15 12:23:03.647,4,67.7,9611640,2.0688800790304214,0,11.865603073635276,137098073814,warm_cpu_state
1689423784.29,2023-07-15 12:23:04.290,4,97.95,9611712,0.9207870838051804,0,11.896547183549536,137100324606,warm_cpu_state
1689423785.027,2023-07-15 12:23:05.027,4,100.75,9611784,2.3749999999381544,0,11.886000826151651,137101996844,warm_cpu_state
1689423785.633,2023-07-15 12:23:05.633,4,70.07,9611820,2.3749999999381544,0,11.886000826151651,137104251333,warm_cpu_state
1689423786.239,2023-07-15 12:23:06.239,4,81.57,9611856,0.9375000002364686,0,11.83885312203879,137105902905,warm_cpu_state
1689423786.851,2023-07-15 12:23:06.851,4,86.37,9611892,2.9999999997926494,0,11.838267890645612,137107528876,warm_cpu_state
1689423787.505,2023-07-15 12:23:07.505,4,90.93,9611964,2.9999999997926494,0,11.838267890645612,137109711815,warm_cpu_state
1689423788.112,2023-07-15 12:23:08.112,4,66.29,9612000,0.8750000001782468,0,11.807348165372735,137111228720,warm_cpu_state
1689423788.716,2023-07-15 12:23:08.716,4,99.36,9612036,0.8750000001782468,0,11.807348165372735,137113541715,warm_cpu_state
1689423789.322,2023-07-15 12:23:09.322,4,84.12,9612108,2.187499999854481,0,11.886647019148283,137114996445,warm_cpu_state
1689423789.936,2023-07-15 12:23:09.936,4,64.48,9612144,2.4374999999963762,0,11.859360605441385,137117262646,warm_cpu_state
1689423790.544,2023-07-15 12:23:10.544,4,72.02,9612180,2.4374999999963762,0,11.859360605441385,137119104469,warm_cpu_state
1689423791.201,2023-07-15 12:23:11.201,4,76.41,9612252,1.937499999985448,0,11.84943605639875,137121250940,warm_cpu_state
1689423791.82,2023-07-15 12:23:11.820,4,81.49,9612324,3.0625000001236913,0,11.852606059778461,137123038833,warm_cpu_state
1689423792.425,2023-07-15 12:23:12.425,4,70.06,9612360,3.0625000001236913,0,11.852606059778461,137124677286,warm_cpu_state
1689423793.06,2023-07-15 12:23:13.060,4,71.76,9612396,1.8749999998362767,0,11.850740634712707,137126916190,warm_cpu_state
1689423793.711,2023-07-15 12:23:13.711,4,68.23,9612432,1.8749999998362767,0,11.850740634712707,137128573017,warm_cpu_state
1689423794.338,2023-07-15 12:23:14.338,4,88.75,9612504,0.6250000000363798,0,11.85627594830651,137130826062,warm_cpu_state
1689423794.944,2023-07-15 12:23:14.944,4,81.2,9612540,2.0000000000436415,0,11.830757421099836,137132500878,warm_cpu_state
1689423795.55,2023-07-15 12:23:15.550,4,64.57,9612576,2.0000000000436415,0,11.830757421099836,137134564364,warm_cpu_state
1689423796.172,2023-07-15 12:23:16.172,4,113.35,9612648,1.937499999985448,0,11.847716939181291,137136207523,warm_cpu_state
1689423796.788,2023-07-15 12:23:16.788,4,86.43,9612720,2.3124999997889972,0,11.869553385539225,137138543803,warm_cpu_state
1689423797.415,2023-07-15 12:23:17.415,4,75.63,9612756,2.3124999997889972,0,11.869553385539225,137140501948,warm_cpu_state
1689423798.052,2023-07-15 12:23:18.052,4,67.51,9612792,2.43750000036016,0,11.865859112369792,137142026736,warm_cpu_state
1689423798.685,2023-07-15 12:23:18.685,4,70.44,9612828,2.43750000036016,0,11.865859112369792,137144273542,warm_cpu_state
1689423799.292,2023-07-15 12:23:19.292,4,60.71,9612900,1.4375000000654836,0,11.832525307600058,137145931945,warm_cpu_state
1689423799.916,2023-07-15 12:23:19.916,4,65.07,9612936,2.0624999999199503,0,11.833768924310561,137148198255,warm_cpu_state
1689423800.524,2023-07-15 12:23:20.524,4,89.52,9612972,2.0624999999199503,0,11.833768924310561,137149637373,warm_cpu_state
1689423801.132,2023-07-15 12:23:21.132,4,90.06,9613044,2.4374999999053983,0,11.84546135985342,137151686428,warm_cpu_state
1689423801.736,2023-07-15 12:23:21.736,4,73.86,9613080,2.4374999999053983,0,11.84546135985342,137153551908,warm_cpu_state
1689423802.343,2023-07-15 12:23:22.343,4,63.0,9613116,3.062500000032742,0,11.819430755177713,137155592107,warm_cpu_state
1689423802.949,2023-07-15 12:23:22.949,4,105.15,9613188,1.0624999998981366,0,11.794607190250435,137157433964,warm_cpu_state
1689423803.577,2023-07-15 12:23:23.577,4,88.22,9613260,1.0624999998981366,0,11.794607190250435,137159080105,warm_cpu_state
1689423804.329,2023-07-15 12:23:24.329,4,63.17,9613296,1.5000000000327418,0,11.808725897610842,137161353868,warm_cpu_state
1689423804.941,2023-07-15 12:23:24.941,4,96.18,9613332,2.2499999999127027,0,11.78854760686691,137163217091,warm_cpu_state
1689423805.566,2023-07-15 12:23:25.566,4,90.92,9613404,2.2499999999127027,0,11.78854760686691,137165468608,warm_cpu_state
1689423806.181,2023-07-15 12:23:26.181,4,81.93,9613476,1.0625000000800355,0,11.832257076544852,137167122125,warm_cpu_state
1689423806.806,2023-07-15 12:23:26.806,4,66.31,9613512,1.68750000002548,0,11.82612433923718,137169427628,warm_cpu_state
1689423807.439,2023-07-15 12:23:27.439,4,101.68,9613548,1.68750000002548,0,11.82612433923718,137171124739,warm_cpu_state
1689423808.047,2023-07-15 12:23:28.047,4,88.93,9613620,2.250000000003652,0,11.860860260886401,137173411368,warm_cpu_state
1689423808.66,2023-07-15 12:23:28.660,4,70.54,9613656,2.250000000003652,0,11.860860260886401,137174886518,warm_cpu_state
1689423809.268,2023-07-15 12:23:29.268,4,77.33,9613692,2.4999999999636344,0,11.879295049771493,137177121343,warm_cpu_state
1689423809.882,2023-07-15 12:23:29.882,4,90.16,9613764,3.062500000032742,0,11.871321272039449,137179035259,warm_cpu_state
1689423810.485,2023-07-15 12:23:30.485,4,62.73,9613800,3.062500000032742,0,11.871321272039449,137180485723,warm_cpu_state
1689423811.112,2023-07-15 12:23:31.112,4,99.78,9613836,2.624999999989086,0,11.876820008671178,137182928456,warm_cpu_state
1689423811.72,2023-07-15 12:23:31.720,4,96.82,9613908,2.624999999989086,0,11.876820008671178,137184602536,warm_cpu_state
1689423843.941,2023-07-15 12:24:03.941,4,269.16,9617472,31.375000000025466,0.96,22.806247930353564,137262959868,active_state
1689423844.555,2023-07-15 12:24:04.555,4,270.94,9617652,31.375000000025466,0.99,22.806247930353564,137265184807,active_state
1689423845.166,2023-07-15 12:24:05.166,4,276.74,9617868,32.8125,0.99,22.79244622333113,137266739977,active_state
1689423845.773,2023-07-15 12:24:05.773,4,268.89,9618012,32.93749999984357,1,22.820439791638115,137268348504,active_state
1689423846.463,2023-07-15 12:24:06.463,4,273.5,9618192,32.93749999984357,0.98,22.820439791638115,137270785655,active_state
1689423847.078,2023-07-15 12:24:07.078,4,270.39,9618372,31.87500000012733,0.98,22.805638314319,137272471826,active_state
1689423847.732,2023-07-15 12:24:07.732,4,272.22,9618516,31.87500000012733,0.99,22.805638314319,137274727042,active_state
1689423848.337,2023-07-15 12:24:08.337,4,274.42,9618696,32.81249999990905,0.99,22.799932308235523,137276414831,active_state
1689423848.951,2023-07-15 12:24:08.951,4,273.88,9618840,32.375000000047294,0.99,22.77058539233181,137278754864,active_state
1689423849.564,2023-07-15 12:24:09.564,4,279.11,9619092,32.375000000047294,1,22.77058539233181,137280599414,active_state
1689423850.173,2023-07-15 12:24:10.173,4,271.92,9619236,32.937500000116415,1,22.769963583976562,137282639617,active_state
1689423850.788,2023-07-15 12:24:10.788,4,281.12,9619416,32.74999999994179,0.99,22.761331420927192,137284374840,active_state
1689423851.428,2023-07-15 12:24:11.428,4,277.06,9619560,32.74999999994179,0.99,22.761331420927192,137286060699,active_state
1689423852.054,2023-07-15 12:24:12.054,4,273.83,9619740,32.999999999992724,0.99,22.765537771565654,137288311042,active_state
1689423852.669,2023-07-15 12:24:12.669,4,274.76,9619920,32.999999999992724,0.98,22.765537771565654,137289954210,active_state
1689423853.298,2023-07-15 12:24:13.298,4,276.09,9620064,31.56249999974534,0.98,22.827328452828645,137292402864,active_state
1689423853.903,2023-07-15 12:24:13.903,4,272.35,9620244,32.31249999998907,0.99,22.77959551732261,137293942143,active_state
1689423854.516,2023-07-15 12:24:14.516,4,276.65,9620388,32.31249999998907,0.99,22.77959551732261,137296097209,active_state
1689423855.119,2023-07-15 12:24:15.119,4,274.02,9620568,32.75000000021464,0.99,22.785411254292306,137297791333,active_state
1689423855.723,2023-07-15 12:24:15.723,4,270.25,9620748,32.75000000021464,1,22.785411254292306,137300038115,active_state
1689423856.381,2023-07-15 12:24:16.381,4,245.8,9620964,32.625000000007276,1,22.76328219223778,137301682786,active_state
1689423856.993,2023-07-15 12:24:16.993,4,249.99,9621108,27.12500000006912,1,22.754857298640164,137303748120,active_state
1689423857.698,2023-07-15 12:24:17.698,4,222.15,9621216,27.12500000006912,0.79,22.754857298640164,137305517518,active_state
1689423858.312,2023-07-15 12:24:18.312,4,210.43,9621360,21.499999999832653,0.79,22.747042021077107,137307218785,active_state
1689423858.939,2023-07-15 12:24:18.939,4,203.51,9621504,17.562499999894484,0.66,22.7658913488657,137309468060,active_state
1689423859.549,2023-07-15 12:24:19.549,4,197.08,9621612,17.562499999894484,0.59,22.7658913488657,137311514574,active_state
1689423860.191,2023-07-15 12:24:20.191,4,188.19,9621792,17.312500000116415,0.59,22.776108513604925,137313570335,active_state
1689423860.794,2023-07-15 12:24:20.794,4,151.11,9621864,8.500000000003638,0.58,22.79770111354903,137315389221,active_state
1689423861.418,2023-07-15 12:24:21.418,4,160.9,9621972,8.500000000003638,0.16,22.79770111354903,137317580101,active_state
1689423862.029,2023-07-15 12:24:22.029,4,220.42,9622080,8.12500000001819,0.16,22.77526724347723,137319245483,active_state
1689423862.631,2023-07-15 12:24:22.631,4,112.89,9622152,8.12500000001819,0.3,22.77526724347723,137321469094,active_state
1689423863.239,2023-07-15 12:24:23.239,4,108.93,9622224,4.56249999997452,0.3,22.782046173781538,137322938417,active_state
1689423863.846,2023-07-15 12:24:23.846,4,133.17,9622296,4.125000000021828,0.07,22.796103919538485,137325203132,active_state
1689423864.456,2023-07-15 12:24:24.456,4,91.53,9622368,4.125000000021828,0.13,22.796103919538485,137326845273,active_state
1689423865.077,2023-07-15 12:24:25.077,4,119.54,9622440,4.312500000014552,0.13,22.812490398547457,137328532507,active_state
1689423865.725,2023-07-15 12:24:25.725,4,119.48,9622512,4.312500000014552,0.12,22.812490398547457,137330777964,active_state
1689423866.331,2023-07-15 12:24:26.331,4,97.21,9622584,7.250000000021814,0.12,22.792811992951865,137332623356,active_state
1689423867.053,2023-07-15 12:24:27.053,4,95.85,9622656,4.249999999865381,0.24,22.77312139503558,137334892785,active_state
1689423867.66,2023-07-15 12:24:27.660,4,143.62,9622728,4.249999999865381,0.09,22.77312139503558,137336531278,active_state
1689423868.28,2023-07-15 12:24:28.280,4,155.07,9622836,6.999999999970882,0.09,22.79269006974495,137338634528,active_state
1689423868.887,2023-07-15 12:24:28.887,4,155.13,9622944,6.875000000127315,0.22,22.773852934277052,137340488720,active_state
1689423869.492,2023-07-15 12:24:29.492,4,131.88,9623016,6.875000000127315,0.26,22.773852934277052,137342630687,active_state
1689423870.151,2023-07-15 12:24:30.151,4,169.1,9623124,6.0000000001309814,0.26,22.798005921566315,137344402216,active_state
1689423870.776,2023-07-15 12:24:30.776,4,146.7,9623232,6.0000000001309814,0.19,22.769841660769647,137346731287,active_state
1689423871.403,2023-07-15 12:24:31.403,4,115.22,9623304,8.750000000054584,0.27,22.769841660769647,137348468022,active_state
1689423872.014,2023-07-15 12:24:32.014,4,119.48,9623376,5.812499999774445,0.27,22.7725361636424,137350148722,active_state
1689423872.659,2023-07-15 12:24:32.659,4,135.21,9623448,5.812499999774445,0.1,22.7725361636424,137352386120,active_state
1689423873.264,2023-07-15 12:24:33.264,4,110.37,9623520,4.972582253421621,0.1,22.76456238591036,137354060323,active_state
1689423873.896,2023-07-15 12:24:33.896,4,100.94,9623592,4.526078234638433,0.24,22.77310920271489,137356320842,active_state
1689423874.502,2023-07-15 12:24:34.502,4,125.69,9623664,4.526078234638433,0.14,22.77310920271489,137357951109,active_state
1689423875.112,2023-07-15 12:24:35.112,4,95.5,9623700,4.812499999934516,0.14,22.756064338388597,137360224358,active_state
1689423875.719,2023-07-15 12:24:35.719,4,169.1,9623772,4.812499999934516,0.09,22.756064338388597,137361869231,active_state
1689423876.335,2023-07-15 12:24:36.335,4,139.63,9623880,6.750000000010914,0.29,22.787105986868383,137364117827,active_state
1689423876.94,2023-07-15 12:24:36.940,4,109.43,9623952,5.687500000021814,0.29,22.810125088333365,137365785037,active_state
1689423877.564,2023-07-15 12:24:37.564,4,109.04,9624060,5.687500000021814,0.12,22.810125088333365,137367834432,active_state
1689423878.176,2023-07-15 12:24:38.176,4,95.47,9624132,4.874999999810811,0.12,22.799225153635433,137369747819,active_state
1689423878.785,2023-07-15 12:24:38.785,4,120.36,9624204,4.250000000229193,0.18,22.79468961033831,137371399388,active_state
1689423879.408,2023-07-15 12:24:39.408,4,110.33,9624240,4.250000000229193,0.09,22.79468961033831,137373465102,active_state
1689423880.145,2023-07-15 12:24:40.145,4,113.49,9624312,4.374999999708962,0.09,22.77902247825012,137375522547,active_state
1689423880.769,2023-07-15 12:24:40.769,4,103.96,9624420,4.500000000280124,0.16,22.80530912166034,137377807823,active_state
1689423881.379,2023-07-15 12:24:41.379,4,103.68,9624492,4.500000000280124,0.09,22.80530912166034,137379307425,active_state
1689423882.013,2023-07-15 12:24:42.013,4,109.41,9624528,4.06249999996362,0.09,22.799164192031977,137381672985,active_state
1689423882.624,2023-07-15 12:24:42.624,4,106.41,9624600,4.06249999996362,0.12,22.799164192031977,137383032538,active_state
1689423883.226,2023-07-15 12:24:43.226,4,97.52,9624672,3.6249999999199787,0.12,22.89758060465132,137385281471,active_state
1689423883.837,2023-07-15 12:24:43.837,4,127.8,9624744,5.625000000236469,0.12,22.777144860863675,137386752608,active_state
1689423884.451,2023-07-15 12:24:44.451,4,127.15,9624816,5.625000000236469,0.23,22.777144860863675,137388971069,active_state
1689423885.081,2023-07-15 12:24:45.081,4,128.0,9624888,7.875000000149129,0.23,22.793641070758866,137390866137,active_state
1689423885.689,2023-07-15 12:24:45.689,4,111.24,9624960,7.875000000149129,0.25,22.793641070758866,137392317535,active_state
1689423886.31,2023-07-15 12:24:46.310,4,117.92,9625032,5.034895313753125,0.25,22.767878697138364,137394783076,active_state
1689423886.915,2023-07-15 12:24:46.915,4,104.5,9625104,4.0245737211781005,0.13,22.796116111859178,137396448416,active_state
1689423887.567,2023-07-15 12:24:47.567,4,120.3,9625176,4.0245737211781005,0.12,22.796116111859178,137398807801,active_state
1689423888.186,2023-07-15 12:24:48.186,4,87.81,9625248,3.499999999712614,0.12,22.790763683075742,137400525599,active_state
1689423888.792,2023-07-15 12:24:48.792,4,103.11,9625320,3.6250000001927987,0.12,22.78719133311322,137402567729,active_state
1689423889.402,2023-07-15 12:24:49.402,4,119.09,9625356,3.6250000001927987,0.15,22.78719133311322,137404225117,active_state
1689423890.02,2023-07-15 12:24:50.020,4,119.62,9625428,6.750000000010914,0.15,22.755710761088547,137406661939,active_state
1689423890.686,2023-07-15 12:24:50.686,4,99.49,9625500,6.750000000010914,0.23,22.755710761088547,137408334882,active_state
1689423891.296,2023-07-15 12:24:51.296,4,95.27,9625572,5.3750000000945874,0.23,22.74500590352168,137410647028,active_state
1689423891.914,2023-07-15 12:24:51.914,4,117.56,9625644,5.500000000211017,0.15,22.75632037712311,137412329999,active_state
1689423892.537,2023-07-15 12:24:52.537,4,94.19,9625716,5.500000000211017,0.17,22.75632037712311,137413957391,active_state
1689423893.218,2023-07-15 12:24:53.218,4,90.85,9625788,3.8749999997889972,0.17,22.816245633320346,137416355639,active_state
1689423893.829,2023-07-15 12:24:53.829,4,89.76,9625860,3.6874999998872227,0.12,22.760416996875353,137418050800,active_state
1689423894.434,2023-07-15 12:24:54.434,4,104.95,9625932,3.6874999998872227,0.17,22.760416996875353,137420162920,active_state
1689423895.048,2023-07-15 12:24:55.048,4,106.63,9626004,6.312500000331056,0.17,22.79978600038723,137421954463,active_state
1689423895.68,2023-07-15 12:24:55.680,4,114.86,9626076,6.312500000331056,0.17,22.79978600038723,137424005023,active_state
1689423896.288,2023-07-15 12:24:56.288,4,122.63,9626148,5.124999999770793,0.17,22.803443696594588,137425858762,active_state
1689423896.899,2023-07-15 12:24:56.899,4,107.8,9626184,6.7500000000109,0.17,22.781143942050388,137427676297,active_state
1689423897.528,2023-07-15 12:24:57.528,4,106.61,9626256,6.7500000000109,0.15,22.781143942050388,137429787922,active_state
1689423898.139,2023-07-15 12:24:58.139,4,112.07,9626328,3.750000000036394,0.15,22.818111058386098,137431482371,active_state
1689423898.806,2023-07-15 12:24:58.806,4,97.15,9626400,3.624999999829015,0.17,22.825597143290494,137433730156,active_state
1689423899.408,2023-07-15 12:24:59.408,4,106.73,9626472,3.624999999829015,0.12,22.825597143290494,137435380019,active_state
1689423900.036,2023-07-15 12:25:00.036,4,112.3,9626544,5.56250000026921,0.12,22.800871116928747,137437629799,active_state
1689423900.694,2023-07-15 12:25:00.694,4,110.24,9626616,5.56250000026921,0.2,22.800871116928747,137439354406,active_state
1689423901.307,2023-07-15 12:25:01.307,4,119.31,9626688,6.374999999843567,0.2,22.80767443187443,137441679720,active_state
1689423901.913,2023-07-15 12:25:01.913,4,106.13,9626760,4.187499999898137,0.18,22.987620892955814,137443169437,active_state
1689423902.529,2023-07-15 12:25:02.529,4,129.12,9626832,4.187499999898137,0.17,22.987620892955814,137444817423,active_state
1689423903.143,2023-07-15 12:25:03.143,4,93.69,9626904,5.500000000029104,0.17,22.8089668178677,137447055160,active_state
1689423903.774,2023-07-15 12:25:03.774,4,108.25,9626976,4.562500000156433,0.12,22.81495324732708,137448725475,active_state
1689423904.428,2023-07-15 12:25:04.428,4,125.84,9627048,4.562500000156433,0.24,22.81495324732708,137451160861,active_state
1689423905.038,2023-07-15 12:25:05.038,4,100.19,9627120,7.062500000029118,0.24,22.808332817191758,137452834996,active_state
1689423905.664,2023-07-15 12:25:05.664,4,108.26,9627192,7.062500000029118,0.12,22.808332817191758,137455093238,active_state
1689423906.269,2023-07-15 12:25:06.269,4,110.76,9627264,4.374999999890861,0.12,22.787813141468472,137456743019,active_state
1689423906.899,2023-07-15 12:25:06.899,4,104.14,9627300,2.4375000000872973,0.08,22.811771051626675,137459015234,active_state
1689423907.522,2023-07-15 12:25:07.522,4,114.92,9627372,2.4375000000872973,0.18,22.811771051626675,137460660384,active_state
1689423908.214,2023-07-15 12:25:08.214,4,104.92,9627444,4.812500000116415,0.18,22.77881520879837,137462773458,active_state
1689423908.825,2023-07-15 12:25:08.825,4,104.22,9627516,4.4999999999163265,0.06,22.784496830240467,137464449205,active_state
1689423909.444,2023-07-15 12:25:09.444,4,104.4,9627588,4.4999999999163265,0.2,22.784496830240467,137466694431,active_state
1689423910.089,2023-07-15 12:25:10.089,4,107.41,9627660,5.687499999930878,0.2,22.810064126729905,137468551020,active_state
1689423910.705,2023-07-15 12:25:10.705,4,131.84,9627732,5.687499999930878,0.2,22.810064126729905,137470202393,active_state
1689423911.406,2023-07-15 12:25:11.406,4,91.96,9627804,7.062499999847205,0.2,22.771572970307798,137472531848,active_state
1689423912.037,2023-07-15 12:25:12.037,4,124.36,9627876,3.75000000003638,0.2,22.762099537130737,137474220610,active_state
1689423912.672,2023-07-15 12:25:12.672,4,92.46,9627948,3.75000000003638,0.14,22.762099537130737,137476470323,active_state
1689423913.282,2023-07-15 12:25:13.282,4,121.43,9628020,3.9999999999053983,0.14,22.77698636069469,137478113026,active_state
1689423913.923,2023-07-15 12:25:13.923,4,89.36,9628056,3.8125000000945874,0.14,22.753894105305562,137480399664,active_state
1689423914.535,2023-07-15 12:25:14.535,4,122.1,9628128,3.8125000000945874,0.15,22.753894105305562,137482034589,active_state
1689423915.14,2023-07-15 12:25:15.140,4,117.6,9628236,6.250000000090964,0.15,22.765635310131184,137484300656,active_state
1689423915.743,2023-07-15 12:25:15.743,4,90.62,9628308,6.250000000090964,0.17,22.765635310131184,137485967240,active_state
1689423916.386,2023-07-15 12:25:16.386,4,139.63,9628380,3.999999999814449,0.11,22.753357643195148,137488015600,active_state
1689423917.001,2023-07-15 12:25:17.001,4,93.74,9628416,5.687500000112777,0.11,22.772231355625124,137489869796,active_state
1689423917.611,2023-07-15 12:25:17.611,4,92.97,9628488,5.687500000112777,0.2,22.772231355625124,137491651222,active_state
1689423918.235,2023-07-15 12:25:18.235,4,89.61,9628560,3.8749999999709104,0.2,22.726888114974557,137493758799,active_state
1689424114.108,2023-07-15 12:28:34.108,4,72.43,9647676,2.6875000002291927,0,22.768293236041863,138108468003,warm_cpu_to_warm_disk_process
1689424114.56,2023-07-15 12:28:34.560,4,68.36,9647676,2.6875000002291927,0,22.768293236041863,138109669505,warm_cpu_to_warm_disk_process
1689424115.22,2023-07-15 12:28:35.220,4,109.31,9647748,1.6875000000254659,0,22.77585247487041,138112908329,warm_cpu_to_warm_disk_process
1689424116.163,2023-07-15 12:28:36.163,4,101.39,9647856,3.1249999999090505,0,22.746627482173608,138117464454,warm_cpu_to_warm_disk_process
1689424116.894,2023-07-15 12:28:36.894,4,88.73,9647892,2.124999999978172,0,22.786630486361425,138118404899,warm_cpu_to_warm_disk_process
1689424117.285,2023-07-15 12:28:37.285,4,74.29,9647928,2.124999999978172,0,22.786630486361425,138119785937,warm_cpu_to_warm_disk_process
1689424117.727,2023-07-15 12:28:37.727,4,109.34,9648000,2.124999999978172,0.03,22.786630486361425,138121090226,warm_cpu_to_warm_disk_process
1689424118.149,2023-07-15 12:28:38.149,4,80.45,9648036,5.624999999872671,0.03,6.5385465095580475,138121977204,warm_cpu_to_warm_disk_process
1689424118.529,2023-07-15 12:28:38.529,4,89.45,9648072,5.624999999872671,0.13,6.5385465095580475,138122434738,warm_cpu_to_warm_disk_process
1689424118.932,2023-07-15 12:28:38.932,4,84.55,9648108,0.7500000000618456,0.13,6.525439764815011,138122866921,warm_cpu_to_warm_disk_process
1689424119.338,2023-07-15 12:28:39.338,4,64.94,9648108,0.7500000000618456,0.13,6.525439764815011,138124491106,warm_cpu_to_warm_disk_process
1689424119.776,2023-07-15 12:28:39.776,4,66.07,9648144,1.5000000000327418,0,6.543118629817248,138124982728,warm_cpu_to_warm_disk_process
1689424120.179,2023-07-15 12:28:40.179,4,78.24,9648180,1.5000000000327418,0,6.543118629817248,138125423115,warm_cpu_to_warm_disk_process
1689424120.594,2023-07-15 12:28:40.594,4,90.53,9648216,1.5000000000327418,0,6.543118629817248,138127113207,warm_cpu_to_warm_disk_process
1689424120.979,2023-07-15 12:28:40.979,4,70.81,9648252,2.0625000000108997,0,6.525354418570172,138127552334,warm_cpu_to_warm_disk_process
1689424121.384,2023-07-15 12:28:41.384,4,66.86,9648252,2.0625000000108997,0,6.525354418570172,138128011567,warm_cpu_to_warm_disk_process
1689424121.816,2023-07-15 12:28:41.816,4,69.7,9648288,1.249999999981796,0,6.484534528896043,138128849219,warm_cpu_to_warm_disk_process
1689424122.215,2023-07-15 12:28:42.215,4,86.12,9648324,1.249999999981796,0,6.484534528896043,138130093350,warm_cpu_to_warm_disk_process
1689424122.597,2023-07-15 12:28:42.597,4,90.7,9648360,1.249999999981796,0,6.484534528896043,138130563329,warm_cpu_to_warm_disk_process
1689424122.994,2023-07-15 12:28:42.994,4,90.8,9648396,0.8750000000873257,0,6.489899150000171,138131198490,warm_cpu_to_warm_disk_process
1689424123.407,2023-07-15 12:28:43.407,4,69.67,9648432,0.8750000000873257,0,6.489899150000171,138132654626,warm_cpu_to_warm_disk_process
1689424123.812,2023-07-15 12:28:43.812,4,60.58,9648468,0.9999999998399289,0,6.477584906102061,138133163029,warm_cpu_to_warm_disk_process
1689424124.287,2023-07-15 12:28:44.287,4,79.12,9648468,0.9999999998399289,0,6.477584906102061,138133926433,warm_cpu_to_warm_disk_process
1689424124.697,2023-07-15 12:28:44.697,4,59.19,9648540,0.9999999998399289,0,6.477584906102061,138135390301,warm_cpu_to_warm_disk_process
1689424125.102,2023-07-15 12:28:45.102,4,63.2,9648540,1.1875000001054872,0,6.497714427563228,138135873474,warm_cpu_to_warm_disk_process
1689424125.486,2023-07-15 12:28:45.486,4,65.19,9648576,1.1875000001054872,0,6.497714427563228,138136318874,warm_cpu_to_warm_disk_process
1689424125.902,2023-07-15 12:28:45.902,4,88.71,9648612,1.1249999998653806,0,6.488497033120683,138137353751,warm_cpu_to_warm_disk_process
1689424126.309,2023-07-15 12:28:46.309,4,87.11,9648648,1.1249999998653806,0,6.488497033120683,138138442891,warm_cpu_to_warm_disk_process
1689424126.7,2023-07-15 12:28:46.700,4,81.91,9648684,1.1249999998653806,0,6.488497033120683,138138904745,warm_cpu_to_warm_disk_process
1689424127.101,2023-07-15 12:28:47.101,4,66.31,9648720,1.0000000002037268,0,6.482425257416467,138139950072,warm_cpu_to_warm_disk_process
1689424127.547,2023-07-15 12:28:47.547,4,71.17,9648720,1.0000000002037268,0,6.482425257416467,138140999996,warm_cpu_to_warm_disk_process
1689424127.937,2023-07-15 12:28:47.937,4,63.29,9648756,1.4999999997599076,0,6.483876143578719,138141579235,warm_cpu_to_warm_disk_process
1689424128.336,2023-07-15 12:28:48.336,4,84.57,9648792,1.4999999997599076,0,6.483876143578719,138142604608,warm_cpu_to_warm_disk_process
1689424128.729,2023-07-15 12:28:48.729,4,68.15,9648828,1.4999999997599076,0,6.483876143578719,138143663113,warm_cpu_to_warm_disk_process
1689424129.114,2023-07-15 12:28:49.114,4,66.19,9648864,0.8750000000873257,0,6.504054434322651,138144106587,warm_cpu_to_warm_disk_process
1689424129.558,2023-07-15 12:28:49.558,4,69.19,9648864,0.8750000000873257,0,6.504054434322651,138144745782,warm_cpu_to_warm_disk_process
1689424130.047,2023-07-15 12:28:50.047,4,71.52,9648900,1.1250000000472937,0,6.543289322306924,138146203366,warm_cpu_to_warm_disk_process
1689424130.441,2023-07-15 12:28:50.441,4,68.08,9648936,1.1250000000472937,0,6.543289322306924,138146679952,warm_cpu_to_warm_disk_process
1689424130.884,2023-07-15 12:28:50.884,4,59.8,9648972,1.3749999999163123,0,6.5441062077932335,138147349821,warm_cpu_to_warm_disk_process
1689424131.279,2023-07-15 12:28:51.279,4,82.1,9649008,1.3749999999163123,0,6.5441062077932335,138148192324,warm_cpu_to_warm_disk_process
1689424131.755,2023-07-15 12:28:51.755,4,95.27,9649044,1.3749999999163123,0,6.5441062077932335,138149225852,warm_cpu_to_warm_disk_process
1689424132.146,2023-07-15 12:28:52.146,4,71.47,9649080,1.4375000000654836,0,6.52869511443956,138149886704,warm_cpu_to_warm_disk_process
1689424132.55,2023-07-15 12:28:52.550,4,73.44,9649116,1.4375000000654836,0,6.52869511443956,138150768956,warm_cpu_to_warm_disk_process
1689424132.938,2023-07-15 12:28:52.938,4,64.71,9649116,1.937500000167347,0,6.527049151146248,138151811538,warm_cpu_to_warm_disk_process
1689424133.325,2023-07-15 12:28:53.325,4,89.6,9649152,1.937500000167347,0,6.527049151146248,138152239199,warm_cpu_to_warm_disk_process
1689424133.724,2023-07-15 12:28:53.724,4,82.51,9649188,1.937500000167347,0,6.527049151146248,138153352842,warm_cpu_to_warm_disk_process
1689424134.134,2023-07-15 12:28:54.134,4,73.05,9649224,1.062499999807173,0,6.550482791514731,138154308105,warm_cpu_to_warm_disk_process
1689424134.584,2023-07-15 12:28:54.584,4,71.83,9649260,1.062499999807173,0,6.550482791514731,138155033958,warm_cpu_to_warm_disk_process
1689424135.004,2023-07-15 12:28:55.004,4,63.79,9649296,1.1875000000145235,0,6.5165881399932015,138156081209,warm_cpu_to_warm_disk_process
1689424135.417,2023-07-15 12:28:55.417,4,101.48,9649332,1.1875000000145235,0,6.5165881399932015,138157133789,warm_cpu_to_warm_disk_process
1689424135.843,2023-07-15 12:28:55.843,4,81.97,9649368,1.625000000149143,0,6.522915954431934,138158183515,warm_cpu_to_warm_disk_process
1689424136.256,2023-07-15 12:28:56.256,4,77.74,9649404,1.625000000149143,0,6.522915954431934,138159784727,warm_cpu_to_warm_disk_process
1689424136.665,2023-07-15 12:28:56.665,4,73.75,9649404,1.625000000149143,0,6.522915954431934,138160314712,warm_cpu_to_warm_disk_process
1689424137.066,2023-07-15 12:28:57.066,4,64.01,9649440,1.3749999998253628,0,6.541180050827347,138161368840,warm_cpu_to_warm_disk_process
1689424137.467,2023-07-15 12:28:57.467,4,92.64,9649476,1.3749999998253628,0,6.541180050827347,138162228747,warm_cpu_to_warm_disk_process
1689424137.86,2023-07-15 12:28:57.860,4,84.81,9649512,2.1250000000691216,0,6.546056979103826,138162888772,warm_cpu_to_warm_disk_process
1689424138.268,2023-07-15 12:28:58.268,4,79.43,9649548,2.1250000000691216,0,6.546056979103826,138163950678,warm_cpu_to_warm_disk_process
1689424138.71,2023-07-15 12:28:58.710,4,64.76,9649584,2.1250000000691216,0,6.546056979103826,138164624311,warm_cpu_to_warm_disk_process
1689424139.091,2023-07-15 12:28:59.091,4,71.13,9649620,0.5625000000691216,0,6.557420221988021,138165480158,warm_cpu_to_warm_disk_process
1689424139.507,2023-07-15 12:28:59.507,4,95.48,9649656,0.5625000000691216,0,6.557420221988021,138165928194,warm_cpu_to_warm_disk_process
1689424139.907,2023-07-15 12:28:59.907,4,86.23,9649692,0.6249999999454161,0,6.562309342585191,138166964676,warm_cpu_to_warm_disk_process
1689424140.307,2023-07-15 12:29:00.307,4,77.2,9649728,0.6249999999454161,0,6.562309342585191,138168034593,warm_cpu_to_warm_disk_process
1689424140.73,2023-07-15 12:29:00.730,4,64.89,9649764,0.6249999999454161,0,6.562309342585191,138168521501,warm_cpu_to_warm_disk_process
1689424141.131,2023-07-15 12:29:01.131,4,70.28,9649764,2.4375000000873115,0,6.56249222739556,138169675164,warm_cpu_to_warm_disk_process
1689424141.516,2023-07-15 12:29:01.516,4,95.74,9649800,2.4375000000873115,0,6.56249222739556,138170724551,warm_cpu_to_warm_disk_process
1689424141.899,2023-07-15 12:29:01.899,4,88.76,9649872,1.062499999989086,0,6.543252745344851,138171162382,warm_cpu_to_warm_disk_process
1689424142.34,2023-07-15 12:29:02.340,4,62.29,9649872,1.062499999989086,0,6.543252745344851,138172230058,warm_cpu_to_warm_disk_process
1689424142.728,2023-07-15 12:29:02.728,4,68.18,9649908,1.062499999989086,0,6.543252745344851,138173311746,warm_cpu_to_warm_disk_process
1689424143.116,2023-07-15 12:29:03.116,4,71.45,9649944,1.3124999999490825,0,6.5369737001888835,138173771937,warm_cpu_to_warm_disk_process
1689424143.512,2023-07-15 12:29:03.512,4,103.49,9649980,1.3124999999490825,0,6.5369737001888835,138174213909,warm_cpu_to_warm_disk_process
1689424143.924,2023-07-15 12:29:03.924,4,104.81,9650016,3.0624999999417923,0,6.4935080769247655,138175960122,warm_cpu_to_warm_disk_process
1689424144.34,2023-07-15 12:29:04.340,3,79.48,9650052,3.0624999999417923,0,6.4935080769247655,138176815265,warm_cpu_to_warm_disk_process
1689424144.743,2023-07-15 12:29:04.743,2,76.23,9650088,3.0624999999417923,0,6.4935080769247655,138178203018,warm_cpu_to_warm_disk_process
1689424145.092,2023-07-15 12:29:05.092,2,61.72,9650124,3.250000000207365,0,6.478121368212474,138179216288,warm_cpu_to_warm_disk_process
1689424145.416,2023-07-15 12:29:05.416,2,79.23,9650124,3.250000000207365,0,6.478121368212474,138179562298,warm_cpu_to_warm_disk_process
1689424145.727,2023-07-15 12:29:05.727,2,83.26,9650160,3.250000000207365,0,6.478121368212474,138179783158,warm_cpu_to_warm_disk_process
1689424146.122,2023-07-15 12:29:06.122,2,72.31,9650196,3.8124999999126743,0,6.399956400261209,138180036874,warm_cpu_to_warm_disk_process
1689424146.444,2023-07-15 12:29:06.444,1,60.87,9650196,3.8124999999126743,0,6.399956400261209,138181911074,warm_cpu_to_warm_disk_process
1689424179.328,2023-07-15 12:29:39.328,4,86.09,9653184,1.687499999843567,0,11.91400658677933,138275266661,active_to_warm_disk_process
1689424179.828,2023-07-15 12:29:39.828,4,95.1,9653256,2.2500000002764864,0,11.944950696693589,138277030570,active_to_warm_disk_process
1689424180.634,2023-07-15 12:29:40.634,4,94.04,9653328,2.2500000002764864,0,11.944950696693589,138281210479,active_to_warm_disk_process
1689424181.268,2023-07-15 12:29:41.268,4,75.85,9653364,2.2499999997307896,0,11.921602402569945,138284336367,active_to_warm_disk_process
1689424181.853,2023-07-15 12:29:41.853,4,72.8,9653400,2.687500000047308,0,11.913165316651638,138286867604,active_to_warm_disk_process
1689424182.541,2023-07-15 12:29:42.541,4,79.31,9653472,2.687500000047308,0,11.913165316651638,138291013175,active_to_warm_disk_process
1689424183.148,2023-07-15 12:29:43.148,4,74.95,9653508,2.7499999999236167,0,11.900326802963807,138295473522,active_to_warm_disk_process
1689424183.913,2023-07-15 12:29:43.913,4,96.48,9653616,2.203685259014847,0,12.083601767593885,138301418758,active_to_warm_disk_process
1689424184.526,2023-07-15 12:29:44.526,4,95.55,9653652,2.203685259014847,0,12.083601767593885,138305789991,active_to_warm_disk_process
1689424185.187,2023-07-15 12:29:45.187,4,70.46,9653688,2.1249999999781863,0,11.897168991904786,138307355565,active_to_warm_disk_process
1689424185.58,2023-07-15 12:29:45.580,4,79.71,9653724,2.1249999999781863,0,11.897168991904786,138307783816,active_to_warm_disk_process
1689424185.986,2023-07-15 12:29:45.986,4,83.86,9653760,2.1084337349032296,0,11.919127361469634,138308874796,active_to_warm_disk_process
1689424186.383,2023-07-15 12:29:46.383,4,89.2,9653796,2.1084337349032296,0,11.919127361469634,138309352274,active_to_warm_disk_process
1689424186.789,2023-07-15 12:29:46.789,4,95.48,9653832,3.4375000001091394,0,9.574239284535114,138309827864,active_to_warm_disk_process
1689424187.197,2023-07-15 12:29:47.197,4,86.73,9653868,3.4375000001091394,0,9.574239284535114,138310977139,active_to_warm_disk_process
1689424187.647,2023-07-15 12:29:47.647,4,94.83,9653904,3.4375000001091394,0.03,9.574239284535114,138312196298,active_to_warm_disk_process
1689424188.039,2023-07-15 12:29:48.039,4,66.48,9653940,2.5000000000545697,0.03,6.522952531394006,138312828928,active_to_warm_disk_process
1689424188.433,2023-07-15 12:29:48.433,4,63.36,9653976,2.5000000000545697,0.08,6.522952531394006,138313865205,active_to_warm_disk_process
1689424188.823,2023-07-15 12:29:48.823,4,64.43,9654012,1.3125000000400036,0.08,6.5173806408381285,138314900290,active_to_warm_disk_process
1689424189.206,2023-07-15 12:29:49.206,4,93.55,9654048,1.3125000000400036,0.08,6.5173806408381285,138315339197,active_to_warm_disk_process
1689424189.603,2023-07-15 12:29:49.603,4,89.35,9654048,1.3125000000400036,0,6.5173806408381285,138315780034,active_to_warm_disk_process
1689424190.015,2023-07-15 12:29:50.015,4,79.88,9654084,1.3125000001309814,0,6.521099298648944,138317234473,active_to_warm_disk_process
1689424190.421,2023-07-15 12:29:50.421,4,59.94,9654120,1.3125000001309814,0,6.521099298648944,138317893149,active_to_warm_disk_process
1689424190.818,2023-07-15 12:29:50.818,4,62.25,9654156,0.8749999998144631,0,6.524220532745891,138318337470,active_to_warm_disk_process
1689424191.278,2023-07-15 12:29:51.278,4,85.75,9654192,0.8749999998144631,0,6.524220532745891,138319780911,active_to_warm_disk_process
1689424191.674,2023-07-15 12:29:51.674,4,97.88,9654228,0.8749999998144631,0,6.524220532745891,138320417520,active_to_warm_disk_process
1689424192.062,2023-07-15 12:29:52.062,4,82.83,9654264,1.9374999998944986,0,6.532767349550421,138320911299,active_to_warm_disk_process
1689424192.466,2023-07-15 12:29:52.466,4,65.08,9654300,1.9374999998944986,0,6.532767349550421,138322164564,active_to_warm_disk_process
1689424192.851,2023-07-15 12:29:52.851,4,65.87,9654300,1.0000000000217995,0,6.547495672945387,138323004989,active_to_warm_disk_process
1689424193.235,2023-07-15 12:29:53.235,4,91.1,9654336,1.0000000000217995,0,6.547495672945387,138323435385,active_to_warm_disk_process
1689424193.624,2023-07-15 12:29:53.624,4,90.1,9654372,1.0000000000217995,0,6.547495672945387,138324370473,active_to_warm_disk_process
1689424194.068,2023-07-15 12:29:54.068,4,77.06,9654444,0.8125000002110028,0,6.557944491777742,138325581595,active_to_warm_disk_process
1689424194.451,2023-07-15 12:29:54.451,4,68.29,9654444,0.8125000002110028,0,6.557944491777742,138326035884,active_to_warm_disk_process
1689424194.845,2023-07-15 12:29:54.845,4,67.36,9654480,1.3749999999163265,0,6.55720076021558,138326469278,active_to_warm_disk_process
1689424195.304,2023-07-15 12:29:55.304,4,71.28,9654516,1.3749999999163265,0,6.55720076021558,138328123210,active_to_warm_disk_process
1689424195.712,2023-07-15 12:29:55.712,4,64.66,9654552,1.3749999999163265,0,6.55720076021558,138328559519,active_to_warm_disk_process
1689424196.093,2023-07-15 12:29:56.093,4,61.57,9654552,1.4999999999417781,0,6.573611623865931,138329035683,active_to_warm_disk_process
1689424196.531,2023-07-15 12:29:56.531,4,70.3,9654588,1.4999999999417781,0,6.573611623865931,138330667684,active_to_warm_disk_process
1689424196.915,2023-07-15 12:29:56.915,4,75.82,9654624,1.4374999999745341,0,6.585133366919113,138331106469,active_to_warm_disk_process
1689424197.306,2023-07-15 12:29:57.306,4,89.0,9654660,1.4374999999745341,0,6.585133366919113,138331556039,active_to_warm_disk_process
1689424197.739,2023-07-15 12:29:57.739,4,87.35,9654696,1.4374999999745341,0,6.585133366919113,138333232674,active_to_warm_disk_process
1689424198.156,2023-07-15 12:29:58.156,4,63.04,9654732,1.1875000001055014,0,6.58103674716687,138333948636,active_to_warm_disk_process
1689424198.542,2023-07-15 12:29:58.542,4,71.52,9654768,1.1875000001055014,0,6.58103674716687,138334391246,active_to_warm_disk_process
1689424199.002,2023-07-15 12:29:59.002,4,74.5,9654768,1.124999999865409,0,6.580744131470281,138335229641,active_to_warm_disk_process
1689424199.427,2023-07-15 12:29:59.427,4,92.1,9654804,1.124999999865409,0,6.580744131470281,138336495906,active_to_warm_disk_process
1689424199.814,2023-07-15 12:29:59.814,4,82.6,9654840,0.8125000001200675,0,6.590363872495636,138336929692,active_to_warm_disk_process
1689424200.207,2023-07-15 12:30:00.207,4,80.58,9654876,0.8125000001200675,0,6.590363872495636,138337385084,active_to_warm_disk_process
1689424200.604,2023-07-15 12:30:00.604,4,75.18,9654912,0.8125000001200675,0,6.590363872495636,138339031070,active_to_warm_disk_process
1689424200.987,2023-07-15 12:30:00.987,4,72.89,9654948,1.4375000002473826,0,6.5680275409893625,138339475196,active_to_warm_disk_process
1689424201.372,2023-07-15 12:30:01.372,4,64.24,9654984,1.4375000002473826,0,6.5680275409893625,138339920331,active_to_warm_disk_process
1689424201.783,2023-07-15 12:30:01.783,4,97.85,9655020,1.8749999997453273,0,6.551080215228598,138340966386,active_to_warm_disk_process
1689424202.273,2023-07-15 12:30:02.273,4,82.52,9655056,1.8749999997453273,0,6.551080215228598,138342046995,active_to_warm_disk_process
1689424202.653,2023-07-15 12:30:02.653,4,72.31,9655056,1.8749999997453273,0,6.551080215228598,138342567765,active_to_warm_disk_process
1689424203.054,2023-07-15 12:30:03.054,4,70.48,9655092,0.9999999999308926,0,6.517124602103615,138343762213,active_to_warm_disk_process
1689424203.453,2023-07-15 12:30:03.453,4,65.07,9655128,0.9999999999308926,0,6.517124602103615,138344795548,active_to_warm_disk_process
1689424203.834,2023-07-15 12:30:03.834,4,89.52,9655164,0.9374999999636202,0,6.522403876962903,138345228173,active_to_warm_disk_process
1689424204.235,2023-07-15 12:30:04.235,4,83.21,9655200,0.9374999999636202,0,6.522403876962903,138345899119,active_to_warm_disk_process
1689424204.656,2023-07-15 12:30:04.656,4,89.52,9655236,0.9374999999636202,0,6.522403876962903,138347329939,active_to_warm_disk_process
1689424205.037,2023-07-15 12:30:05.037,4,70.76,9655272,1.24999999998181,0,6.538717202047725,138347784572,active_to_warm_disk_process
1689424205.473,2023-07-15 12:30:05.473,4,105.27,9655308,1.24999999998181,0,6.538717202047725,138348237138,active_to_warm_disk_process
1689424205.87,2023-07-15 12:30:05.870,4,95.63,9655344,0.9999999999308784,0,6.549702482990494,138349270260,active_to_warm_disk_process
1689424206.272,2023-07-15 12:30:06.272,4,79.84,9655380,0.9999999999308784,0,6.549702482990494,138350323415,active_to_warm_disk_process
1689424206.657,2023-07-15 12:30:06.657,4,87.95,9655380,0.9999999999308784,0,6.549702482990494,138350758320,active_to_warm_disk_process
1689424207.045,2023-07-15 12:30:07.045,4,72.59,9655416,1.250000000163709,0,6.539034202385697,138351800060,active_to_warm_disk_process
1689424207.488,2023-07-15 12:30:07.488,4,70.62,9655452,1.250000000163709,0,6.539034202385697,138353006984,active_to_warm_disk_process
1689424207.877,2023-07-15 12:30:07.877,4,64.98,9655488,1.0624999999891003,0,6.5354618524231745,138353543687,active_to_warm_disk_process
1689424208.281,2023-07-15 12:30:08.281,4,85.07,9655524,1.0624999999891003,0,6.5354618524231745,138354639030,active_to_warm_disk_process
1689424208.673,2023-07-15 12:30:08.673,4,89.32,9655560,1.0624999999891003,0,6.5354618524231745,138355902517,active_to_warm_disk_process
1689424209.078,2023-07-15 12:30:09.078,4,65.99,9655596,0.9999999998399147,0,6.5254031878529375,138356609667,active_to_warm_disk_process
1689424209.47,2023-07-15 12:30:09.470,4,67.99,9655632,0.9999999998399147,0,6.5254031878529375,138357913012,active_to_warm_disk_process
1689424209.918,2023-07-15 12:30:09.918,4,66.43,9655668,1.3125000000400036,0,6.528634152836105,138358561526,active_to_warm_disk_process
1689424210.326,2023-07-15 12:30:10.326,4,83.84,9655704,1.3125000000400036,0,6.528634152836105,138359621027,active_to_warm_disk_process
1689424210.714,2023-07-15 12:30:10.714,4,85.91,9655740,1.3125000000400036,0,6.528634152836105,138360283898,active_to_warm_disk_process
1689424211.11,2023-07-15 12:30:11.110,4,82.67,9655776,1.4374999998835705,0,6.523415839580273,138361141001,active_to_warm_disk_process
1689424211.505,2023-07-15 12:30:11.505,4,70.13,9655776,1.4374999998835705,0,6.523415839580273,138362201802,active_to_warm_disk_process
1689424211.888,2023-07-15 12:30:11.888,4,70.99,9655812,1.6250000002401066,0,6.480864640367994,138362664074,active_to_warm_disk_process
1689424212.286,2023-07-15 12:30:12.286,4,60.88,9655848,1.6250000002401066,0,6.480864640367994,138363752195,active_to_warm_disk_process
1689424212.68,2023-07-15 12:30:12.680,4,85.87,9655884,1.6250000002401066,0,6.480864640367994,138364803583,active_to_warm_disk_process
1689424213.108,2023-07-15 12:30:13.108,4,109.05,9655920,0.9375000000545555,0,6.493459307642,138365275179,active_to_warm_disk_process
1689424213.53,2023-07-15 12:30:13.530,3,92.42,9655956,0.9375000000545555,0,6.493459307642,138366968338,active_to_warm_disk_process
1689424213.89,2023-07-15 12:30:13.890,2,77.38,9655992,6.375000000116415,0,6.498592274652995,138367804594,active_to_warm_disk_process
1689424214.21,2023-07-15 12:30:14.210,2,69.3,9655992,6.375000000116415,0,6.498592274652995,138368610932,active_to_warm_disk_process
1689424214.546,2023-07-15 12:30:14.546,1,107.47,9656028,6.375000000116415,0,6.498592274652995,138369593694,active_to_warm_disk_process
1689424214.824,2023-07-15 12:30:14.824,1,103.73,9656064,2.4374999999053983,0,6.402382672078756,138369784359,active_to_warm_disk_process
1689424215.103,2023-07-15 12:30:15.103,1,91.76,9656100,2.4374999999053983,0,6.402382672078756,138369927214,active_to_warm_disk_process
1689424215.379,2023-07-15 12:30:15.379,1,81.25,9656100,2.4374999999053983,0,6.402382672078756,138370543388,active_to_warm_disk_process
