1697185190.219,2023-10-13 08:19:50.219,0,1000.0,0,8.8999999999578,0,38.95683021350313,3108921859,null_state
1697185190.752,2023-10-13 08:19:50.752,0,1000.0,0,8.8999999999578,0,38.95683021350313,3109276855,null_state
1697185191.264,2023-10-13 08:19:51.264,0,1000.0,0,8.8999999999578,0,38.95683021350313,3109566676,null_state
1697185191.776,2023-10-13 08:19:51.776,0,1000.0,0,8.8999999999578,0,38.95683021350313,3109928838,null_state
1697185192.288,2023-10-13 08:19:52.288,0,1000.0,0,8.8999999999578,0,38.95683021350313,3110322850,null_state
1697185192.8,2023-10-13 08:19:52.800,0,1000.0,0,8.8999999999578,0,38.95683021350313,3110834836,null_state
1697185193.311,2023-10-13 08:19:53.311,0,1000.0,0,9.799999999995634,0,38.97862345416811,3111201988,null_state
1697185193.823,2023-10-13 08:19:53.823,0,1000.0,0,9.799999999995634,0,38.97862345416811,3111613029,null_state
1697185194.334,2023-10-13 08:19:54.334,0,1000.0,0,9.799999999995634,0,38.97862345416811,3112022842,null_state
1697185194.845,2023-10-13 08:19:54.845,0,1000.0,0,9.799999999995634,0,38.97862345416811,3112310957,null_state
1697185195.356,2023-10-13 08:19:55.356,0,1000.0,0,9.799999999995634,0,38.97862345416811,3112647881,null_state
1697185195.867,2023-10-13 08:19:55.867,0,1000.0,0,9.799999999995634,0,38.97862345416811,3113017643,null_state
1697185196.378,2023-10-13 08:19:56.378,0,1000.0,0,9.799999999995634,0,38.97862345416811,3113368905,null_state
1697185196.888,2023-10-13 08:19:56.888,0,1000.0,0,9.799999999995634,0,38.97862345416811,3113679251,null_state
1697185197.4,2023-10-13 08:19:57.400,0,1000.0,0,9.799999999995634,0,38.97862345416811,3113992468,null_state
1697185197.91,2023-10-13 08:19:57.910,0,1000.0,0,9.799999999995634,0,38.97862345416811,3114312761,null_state
1697185198.422,2023-10-13 08:19:58.422,0,1000.0,0,10.400000000045111,0,39.226622461364926,3114637715,null_state
1697185198.932,2023-10-13 08:19:58.932,0,1000.0,0,10.400000000045111,0,39.226622461364926,3114980699,null_state
1697185199.443,2023-10-13 08:19:59.443,0,1000.0,0,10.400000000045111,0,39.226622461364926,3115303237,null_state
1697185199.956,2023-10-13 08:19:59.956,0,1000.0,0,10.400000000045111,0,39.226622461364926,3115604874,null_state
1697185200.467,2023-10-13 08:20:00.467,0,1000.0,0,10.400000000045111,0,39.226622461364926,3115930688,null_state
1697185200.978,2023-10-13 08:20:00.978,0,1000.0,0,10.400000000045111,0,39.226622461364926,3116248374,null_state
1697185201.49,2023-10-13 08:20:01.490,0,1000.0,0,10.400000000045111,0,39.226622461364926,3116575310,null_state
1697185202.004,2023-10-13 08:20:02.004,0,1000.0,0,10.400000000045111,0,39.226622461364926,3116925142,null_state
1697185202.516,2023-10-13 08:20:02.516,0,1000.0,0,10.400000000045111,0,39.226622461364926,3117412280,null_state
1697185203.031,2023-10-13 08:20:03.031,0,1000.0,0,10.400000000045111,0,39.226622461364926,3117923723,null_state
1697185203.545,2023-10-13 08:20:03.545,0,1000.0,0,9.499999999970896,0,38.98911649596976,3118274124,null_state
1697185204.055,2023-10-13 08:20:04.055,0,1000.0,0,9.499999999970896,0,38.98911649596976,3118636108,null_state
1697185204.566,2023-10-13 08:20:04.566,0,1000.0,0,9.499999999970896,0,38.98911649596976,3119029971,null_state
1697185205.077,2023-10-13 08:20:05.077,0,1000.0,0,9.499999999970896,0,38.98911649596976,3119302772,null_state
1697185205.589,2023-10-13 08:20:05.589,0,1000.0,0,9.499999999970896,0,38.98911649596976,3119632509,null_state
1697185206.1,2023-10-13 08:20:06.100,0,1000.0,0,9.499999999970896,0,38.98911649596976,3119984170,null_state
1697185206.612,2023-10-13 08:20:06.612,0,1000.0,0,9.499999999970896,0,38.98911649596976,3120278275,null_state
1697185207.123,2023-10-13 08:20:07.123,0,1000.0,0,9.499999999970896,0,38.98911649596976,3120555037,null_state
1697185207.636,2023-10-13 08:20:07.636,0,1000.0,0,9.499999999970896,0,38.98911649596976,3120861090,null_state
1697185208.146,2023-10-13 08:20:08.146,0,1000.0,0,10.900000000001455,0,38.940787966902526,3121166292,null_state
1697185208.66,2023-10-13 08:20:08.660,0,1000.0,0,10.900000000001455,0,38.940787966902526,3121492069,null_state
1697185209.173,2023-10-13 08:20:09.173,0,1000.0,0,10.900000000001455,0,38.940787966902526,3121795739,null_state
1697185209.684,2023-10-13 08:20:09.684,0,1000.0,0,10.900000000001455,0,38.940787966902526,3122117956,null_state
1697185210.194,2023-10-13 08:20:10.194,0,1000.0,0,10.900000000001455,0,38.940787966902526,3122421480,null_state
1697185210.708,2023-10-13 08:20:10.708,0,1000.0,0,10.900000000001455,0,38.940787966902526,3122726959,null_state
1697185211.226,2023-10-13 08:20:11.226,0,1000.0,0,10.900000000001455,0,38.940787966902526,3122977112,null_state
1697185211.74,2023-10-13 08:20:11.740,0,1000.0,0,10.900000000001455,0,38.940787966902526,3123232250,null_state
1697185212.258,2023-10-13 08:20:12.258,0,1000.0,0,10.900000000001455,0,38.940787966902526,3123611566,null_state
1697185212.77,2023-10-13 08:20:12.770,0,1000.0,0,10.900000000001455,0,38.940787966902526,3124123922,null_state
1697185213.28,2023-10-13 08:20:13.280,0,1000.0,0,10.400000000008731,0,38.97024919965333,3124451715,null_state
1697185213.791,2023-10-13 08:20:13.791,0,1000.0,0,10.400000000008731,0,38.97024919965333,3124845482,null_state
1697185214.3,2023-10-13 08:20:14.300,0,1000.0,0,10.400000000008731,0,38.97024919965333,3125239622,null_state
1697185214.81,2023-10-13 08:20:14.810,0,1000.0,0,10.400000000008731,0,38.97024919965333,3125554219,null_state
1697185215.322,2023-10-13 08:20:15.322,0,1000.0,0,10.400000000008731,0,38.97024919965333,3125857518,null_state
1697185215.834,2023-10-13 08:20:15.834,0,1000.0,0,10.400000000008731,0,38.97024919965333,3126236090,null_state
1697185216.344,2023-10-13 08:20:16.344,0,1000.0,0,10.400000000008731,0,38.97024919965333,3126570334,null_state
1697185216.854,2023-10-13 08:20:16.854,0,1000.0,0,10.400000000008731,0,38.97024919965333,3126856974,null_state
1697185217.367,2023-10-13 08:20:17.367,0,1000.0,0,10.400000000008731,0,38.97024919965333,3127144031,null_state
1697185217.879,2023-10-13 08:20:17.879,0,1000.0,0,10.400000000008731,0,38.97024919965333,3127733442,null_state
1697185218.392,2023-10-13 08:20:18.392,0,1000.0,0,10.600000000013097,0,39.005057847937664,3128151500,null_state
1697185218.904,2023-10-13 08:20:18.904,0,1000.0,0,10.600000000013097,0,39.005057847937664,3128488448,null_state
1697185219.415,2023-10-13 08:20:19.415,0,1000.0,0,10.600000000013097,0,39.005057847937664,3128811766,null_state
1697185219.928,2023-10-13 08:20:19.928,0,1000.0,0,10.600000000013097,0,39.005057847937664,3129102557,null_state
1697185220.442,2023-10-13 08:20:20.442,0,1000.0,0,10.600000000013097,0,39.005057847937664,3129375637,null_state
1697185220.956,2023-10-13 08:20:20.956,0,1000.0,0,10.600000000013097,0,39.005057847937664,3129636543,null_state
1697185221.47,2023-10-13 08:20:21.470,0,1000.0,0,10.600000000013097,0,39.005057847937664,3129922012,null_state
1697185221.981,2023-10-13 08:20:21.981,0,1000.0,0,10.600000000013097,0,39.005057847937664,3130256758,null_state
1697185222.494,2023-10-13 08:20:22.494,0,1000.0,0,10.600000000013097,0,39.005057847937664,3130711976,null_state
1697185223.006,2023-10-13 08:20:23.006,0,1000.0,0,10.600000000013097,0,39.005057847937664,3131152074,null_state
1697185223.518,2023-10-13 08:20:23.518,0,1000.0,0,10.199999999967986,0,39.000416694833085,3131508848,null_state
1697185224.028,2023-10-13 08:20:24.028,0,1000.0,0,10.199999999967986,0,39.000416694833085,3131860866,null_state
1697185224.541,2023-10-13 08:20:24.541,0,1000.0,0,10.199999999967986,0,39.000416694833085,3132255114,null_state
1697185225.052,2023-10-13 08:20:25.052,0,1000.0,0,10.199999999967986,0,39.000416694833085,3132573866,null_state
1697185225.562,2023-10-13 08:20:25.562,0,1000.0,0,10.199999999967986,0,39.000416694833085,3132909734,null_state
1697185226.073,2023-10-13 08:20:26.073,0,1000.0,0,10.199999999967986,0,39.000416694833085,3133242378,null_state
1697185226.585,2023-10-13 08:20:26.585,0,1000.0,0,10.199999999967986,0,39.000416694833085,3133563316,null_state
1697185227.095,2023-10-13 08:20:27.095,0,1000.0,0,10.199999999967986,0,39.000416694833085,3133826149,null_state
1697185227.607,2023-10-13 08:20:27.607,0,1000.0,0,10.199999999967986,0,39.000416694833085,3134135147,null_state
1697185228.12,2023-10-13 08:20:28.120,0,1000.0,0,11.80000000000291,0,39.040169180120124,3134423633,null_state
1697185228.63,2023-10-13 08:20:28.630,0,1000.0,0,11.80000000000291,0,39.040169180120124,3134763386,null_state
1697185229.142,2023-10-13 08:20:29.142,0,1000.0,0,11.80000000000291,0,39.040169180120124,3135072251,null_state
1697185229.652,2023-10-13 08:20:29.652,0,1000.0,0,11.80000000000291,0,39.040169180120124,3135371871,null_state
1697185230.166,2023-10-13 08:20:30.166,0,1000.0,0,11.80000000000291,0,39.040169180120124,3135668599,null_state
1697185230.678,2023-10-13 08:20:30.678,0,1000.0,0,11.80000000000291,0,39.040169180120124,3135975243,null_state
1697185231.189,2023-10-13 08:20:31.189,0,1000.0,0,11.80000000000291,0,39.040169180120124,3136276041,null_state
1697185231.701,2023-10-13 08:20:31.701,0,1000.0,0,11.80000000000291,0,39.040169180120124,3136601958,null_state
1697185232.214,2023-10-13 08:20:32.214,0,1000.0,0,11.80000000000291,0,39.040169180120124,3136983060,null_state
1697185232.726,2023-10-13 08:20:32.726,0,1000.0,0,11.80000000000291,0,39.040169180120124,3137612024,null_state
1697185233.238,2023-10-13 08:20:33.238,0,1000.0,0,9.600000000027649,0,39.10948379279067,3137926850,null_state
1697185233.748,2023-10-13 08:20:33.748,0,1000.0,0,9.600000000027649,0,39.10948379279067,3138321197,null_state
1697185234.26,2023-10-13 08:20:34.260,0,1000.0,0,9.600000000027649,0,39.10948379279067,3138631528,null_state
1697185234.771,2023-10-13 08:20:34.771,0,1000.0,0,9.600000000027649,0,39.10948379279067,3138995998,null_state
1697185235.283,2023-10-13 08:20:35.283,0,1000.0,0,9.600000000027649,0,39.10948379279067,3139318868,null_state
1697185235.795,2023-10-13 08:20:35.795,0,1000.0,0,9.600000000027649,0,39.10948379279067,3139697842,null_state
1697185236.304,2023-10-13 08:20:36.304,0,1000.0,0,9.600000000027649,0,39.10948379279067,3140034712,null_state
1697185236.815,2023-10-13 08:20:36.815,0,1000.0,0,9.600000000027649,0,39.10948379279067,3140330717,null_state
1697185237.328,2023-10-13 08:20:37.328,0,1000.0,0,9.600000000027649,0,39.10948379279067,3140620739,null_state
1697185237.839,2023-10-13 08:20:37.839,0,1000.0,0,9.600000000027649,0,39.10948379279067,3140892844,null_state
1697185238.349,2023-10-13 08:20:38.349,0,1000.0,0,10.499999999992724,0,38.96742414993749,3141206783,null_state
1697185238.859,2023-10-13 08:20:38.859,0,1000.0,0,10.499999999992724,0,38.96742414993749,3141534388,null_state
1697185239.368,2023-10-13 08:20:39.368,0,1000.0,0,10.499999999992724,0,38.96742414993749,3141851705,null_state
1697185239.878,2023-10-13 08:20:39.878,0,1000.0,0,10.499999999992724,0,38.96742414993749,3142136809,null_state
1697185240.389,2023-10-13 08:20:40.389,0,1000.0,0,10.499999999992724,0,38.96742414993749,3142461037,null_state
1697185240.9,2023-10-13 08:20:40.900,0,1000.0,0,10.499999999992724,0,38.96742414993749,3142760586,null_state
1697185241.412,2023-10-13 08:20:41.412,0,1000.0,0,10.499999999992724,0,38.96742414993749,3143048063,null_state
1697185241.923,2023-10-13 08:20:41.923,0,1000.0,0,10.499999999992724,0,38.96742414993749,3143376750,null_state
1697185242.435,2023-10-13 08:20:42.435,0,1000.0,0,10.499999999992724,0,38.96742414993749,3143763043,null_state
1697185242.946,2023-10-13 08:20:42.946,0,1000.0,0,10.499999999992724,0,38.96742414993749,3144260056,null_state
1697185243.456,2023-10-13 08:20:43.456,0,1000.0,0,10.799999999981083,0,38.967020571406664,3144596124,null_state
1697185243.969,2023-10-13 08:20:43.969,0,1000.0,0,10.799999999981083,0,38.967020571406664,3144964582,null_state
1697185244.48,2023-10-13 08:20:44.480,0,1000.0,0,10.799999999981083,0,38.967020571406664,3145370493,null_state
1697185244.991,2023-10-13 08:20:44.991,0,1000.0,0,10.799999999981083,0,38.967020571406664,3145675697,null_state
1697185245.503,2023-10-13 08:20:45.503,0,1000.0,0,10.799999999981083,0,38.967020571406664,3146035111,null_state
1697185246.014,2023-10-13 08:20:46.014,0,1000.0,0,10.799999999981083,0,38.967020571406664,3146382589,null_state
1697185246.527,2023-10-13 08:20:46.527,0,1000.0,0,10.799999999981083,0,38.967020571406664,3146706174,null_state
1697185247.038,2023-10-13 08:20:47.038,0,1000.0,0,10.799999999981083,0,38.967020571406664,3146990959,null_state
1697185247.551,2023-10-13 08:20:47.551,0,1000.0,0,10.799999999981083,0,38.967020571406664,3147382026,null_state
1697185248.063,2023-10-13 08:20:48.063,0,1000.0,0,10.799999999981083,0,38.967020571406664,3147878994,null_state
1697185248.575,2023-10-13 08:20:48.575,0,1000.0,0,10.299999999988358,0,38.94976758921356,3148334377,null_state
1697185249.086,2023-10-13 08:20:49.086,0,1000.0,0,10.299999999988358,0,38.94976758921356,3148655256,null_state
1697185249.598,2023-10-13 08:20:49.598,0,1000.0,0,10.299999999988358,0,38.94976758921356,3148966738,null_state
1697185250.109,2023-10-13 08:20:50.109,0,1000.0,0,10.299999999988358,0,38.94976758921356,3149246036,null_state
1697185250.623,2023-10-13 08:20:50.623,0,1000.0,0,10.299999999988358,0,38.94976758921356,3149566734,null_state
1697185251.135,2023-10-13 08:20:51.135,0,1000.0,0,10.299999999988358,0,38.94976758921356,3149864046,null_state
1697185251.681,2023-10-13 08:20:51.681,0,1000.0,0,10.299999999988358,0,38.94976758921356,3150198540,null_to_cold_process
1697185251.902,2023-10-13 08:20:51.902,0,1000.0,0,10.299999999988358,0,38.94976758921356,3150360230,null_to_cold_process
1697185252.122,2023-10-13 08:20:52.122,0,1000.0,0,10.299999999988358,0,38.94976758921356,3150488506,null_to_cold_process
1697185252.341,2023-10-13 08:20:52.341,0,1000.0,0,10.299999999988358,0,38.94976758921356,3150754669,null_to_cold_process
1697185252.559,2023-10-13 08:20:52.559,0,1000.0,0,10.299999999988358,0,38.94976758921356,3151066983,null_to_cold_process
1697185252.782,2023-10-13 08:20:52.782,0,1000.0,0,10.299999999988358,0,38.94976758921356,3151329541,null_to_cold_process
1697185253,2023-10-13 08:20:53.000,0,1000.0,0,10.299999999988358,0,38.94976758921356,3151462788,null_to_cold_process
1697185253.223,2023-10-13 08:20:53.223,0,1000.0,0,10.600000000049477,0,39.047635382940534,3151577549,null_to_cold_process
1697185253.449,2023-10-13 08:20:53.449,0,1000.0,0,10.600000000049477,0,39.047635382940534,3151725261,null_to_cold_process
1697185253.668,2023-10-13 08:20:53.668,0,1000.0,0,10.600000000049477,0,39.047635382940534,3151914221,null_to_cold_process
1697185268.9,2023-10-13 08:21:08.900,0,1000.0,0,10.900000000001455,0,38.93866917961565,3161968103,cold_state
1697185269.413,2023-10-13 08:21:09.413,0,1000.0,0,10.900000000001455,0,38.93866917961565,3162287270,cold_state
1697185269.924,2023-10-13 08:21:09.924,0,1000.0,0,10.900000000001455,0,38.93866917961565,3162595769,cold_state
1697185270.433,2023-10-13 08:21:10.433,0,1000.0,0,10.900000000001455,0,38.93866917961565,3162888890,cold_state
1697185270.944,2023-10-13 08:21:10.944,0,1000.0,0,10.900000000001455,0,38.93866917961565,3163200171,cold_state
1697185271.456,2023-10-13 08:21:11.456,0,1000.0,0,10.900000000001455,0,38.93866917961565,3163489045,cold_state
1697185271.966,2023-10-13 08:21:11.966,0,1000.0,0,10.900000000001455,0,38.93866917961565,3163836051,cold_state
1697185272.476,2023-10-13 08:21:12.476,0,1000.0,0,10.900000000001455,0,38.93866917961565,3164240081,cold_state
1697185272.99,2023-10-13 08:21:12.990,0,1000.0,0,10.900000000001455,0,38.93866917961565,3164751238,cold_state
1697185273.502,2023-10-13 08:21:13.502,0,1000.0,0,9.499999999970896,0,38.96056331491334,3165103893,cold_state
1697185274.014,2023-10-13 08:21:14.014,0,1000.0,0,9.499999999970896,0,38.96056331491334,3165477705,cold_state
1697185274.528,2023-10-13 08:21:14.528,0,1000.0,0,9.499999999970896,0,38.96056331491334,3165867110,cold_state
1697185275.039,2023-10-13 08:21:15.039,0,1000.0,0,9.499999999970896,0,38.96056331491334,3166179123,cold_state
1697185275.55,2023-10-13 08:21:15.550,0,1000.0,0,9.499999999970896,0,38.96056331491334,3166544062,cold_state
1697185276.064,2023-10-13 08:21:16.064,0,1000.0,0,9.499999999970896,0,38.96056331491334,3166899214,cold_state
1697185276.575,2023-10-13 08:21:16.575,0,1000.0,0,9.499999999970896,0,38.96056331491334,3167257297,cold_state
1697185277.086,2023-10-13 08:21:17.086,0,1000.0,0,9.499999999970896,0,38.96056331491334,3167565442,cold_state
1697185277.596,2023-10-13 08:21:17.596,0,1000.0,0,9.499999999970896,0,38.96056331491334,3167961755,cold_state
1697185278.106,2023-10-13 08:21:18.106,0,1000.0,0,10.800000000017462,0,39.00112295726204,3168473286,cold_state
1697185278.62,2023-10-13 08:21:18.620,0,1000.0,0,10.800000000017462,0,39.00112295726204,3168927519,cold_state
1697185279.133,2023-10-13 08:21:19.133,0,1000.0,0,10.800000000017462,0,39.00112295726204,3169250447,cold_state
1697185279.645,2023-10-13 08:21:19.645,0,1000.0,0,10.800000000017462,0,39.00112295726204,3169569418,cold_state
1697185280.156,2023-10-13 08:21:20.156,0,1000.0,0,10.800000000017462,0,39.00112295726204,3169862461,cold_state
1697185280.666,2023-10-13 08:21:20.666,0,1000.0,0,10.800000000017462,0,39.00112295726204,3170185553,cold_state
1697185281.175,2023-10-13 08:21:21.175,0,1000.0,0,10.800000000017462,0,39.00112295726204,3170484573,cold_state
1697185281.687,2023-10-13 08:21:21.687,0,1000.0,0,10.800000000017462,0,39.00112295726204,3170800889,cold_state
1697185282.197,2023-10-13 08:21:22.197,0,1000.0,0,10.800000000017462,0,39.00112295726204,3171121832,cold_state
1697185282.709,2023-10-13 08:21:22.709,0,1000.0,0,10.800000000017462,0,39.00112295726204,3171689466,cold_state
1697185283.22,2023-10-13 08:21:23.220,0,1000.0,0,9.700000000011642,0,38.991235283256636,3172050475,cold_state
1697185283.734,2023-10-13 08:21:23.734,0,1000.0,0,9.700000000011642,0,38.991235283256636,3172466806,cold_state
1697185284.247,2023-10-13 08:21:24.247,0,1000.0,0,9.700000000011642,0,38.991235283256636,3172775134,cold_state
1697185284.757,2023-10-13 08:21:24.757,0,1000.0,0,9.700000000011642,0,38.991235283256636,3173163509,cold_state
1697185285.268,2023-10-13 08:21:25.268,0,1000.0,0,9.700000000011642,0,38.991235283256636,3173499504,cold_state
1697185285.782,2023-10-13 08:21:25.782,0,1000.0,0,9.700000000011642,0,38.991235283256636,3174141067,cold_state
1697185286.294,2023-10-13 08:21:26.294,0,1000.0,0,9.700000000011642,0,38.991235283256636,3174448383,cold_state
1697185286.807,2023-10-13 08:21:26.807,0,1000.0,0,9.700000000011642,0,38.991235283256636,3174832296,cold_state
1697185287.319,2023-10-13 08:21:27.319,0,1000.0,0,9.700000000011642,0,38.991235283256636,3175133998,cold_state
1697185287.838,2023-10-13 08:21:27.838,0,1000.0,0,9.700000000011642,0,38.991235283256636,3175451603,cold_state
1697185288.349,2023-10-13 08:21:28.349,0,1000.0,0,11.80000000000291,0,38.96913935869353,3175774651,cold_state
1697185288.861,2023-10-13 08:21:28.861,0,1000.0,0,11.80000000000291,0,38.96913935869353,3176161451,cold_state
1697185289.374,2023-10-13 08:21:29.374,0,1000.0,0,11.80000000000291,0,38.96913935869353,3176498440,cold_state
1697185289.889,2023-10-13 08:21:29.889,0,1000.0,0,11.80000000000291,0,38.96913935869353,3176829139,cold_state
1697185290.4,2023-10-13 08:21:30.400,0,1000.0,0,11.80000000000291,0,38.96913935869353,3177138722,cold_state
1697185290.911,2023-10-13 08:21:30.911,0,1000.0,0,11.80000000000291,0,38.96913935869353,3177493650,cold_state
1697185291.421,2023-10-13 08:21:31.421,0,1000.0,0,11.80000000000291,0,38.96913935869353,3177791662,cold_state
1697185291.932,2023-10-13 08:21:31.932,0,1000.0,0,11.80000000000291,0,38.96913935869353,3178169564,cold_state
1697185292.442,2023-10-13 08:21:32.442,0,1000.0,0,11.80000000000291,0,38.96913935869353,3178564050,cold_state
1697185292.951,2023-10-13 08:21:32.951,0,1000.0,0,11.80000000000291,0,38.96913935869353,3179268061,cold_state
1697185293.464,2023-10-13 08:21:33.464,0,1000.0,0,9.700000000011642,0,38.98457623749789,3179643125,cold_state
1697185293.974,2023-10-13 08:21:33.974,0,1000.0,0,9.700000000011642,0,38.98457623749789,3180053189,cold_state
1697185294.486,2023-10-13 08:21:34.486,0,1000.0,0,9.700000000011642,0,38.98457623749789,3180431489,cold_state
1697185294.996,2023-10-13 08:21:34.996,0,1000.0,0,9.700000000011642,0,38.98457623749789,3180769494,cold_state
1697185295.507,2023-10-13 08:21:35.507,0,1000.0,0,9.700000000011642,0,38.98457623749789,3181154587,cold_state
1697185296.02,2023-10-13 08:21:36.020,0,1000.0,0,9.700000000011642,0,38.98457623749789,3181530399,cold_state
1697185296.534,2023-10-13 08:21:36.534,0,1000.0,0,9.700000000011642,0,38.98457623749789,3181868925,cold_state
1697185297.047,2023-10-13 08:21:37.047,0,1000.0,0,9.700000000011642,0,38.98457623749789,3182209929,cold_state
1697185297.559,2023-10-13 08:21:37.559,0,1000.0,0,9.700000000011642,0,38.98457623749789,3182865724,cold_state
1697185298.071,2023-10-13 08:21:38.071,0,1000.0,0,9.700000000011642,0,38.98457623749789,3183191535,cold_state
1697185298.582,2023-10-13 08:21:38.582,0,1000.0,0,10.799999999981083,0,38.924241247138376,3183536489,cold_state
1697185299.093,2023-10-13 08:21:39.093,0,1000.0,0,10.799999999981083,0,38.924241247138376,3183914534,cold_state
1697185299.608,2023-10-13 08:21:39.608,0,1000.0,0,10.799999999981083,0,38.924241247138376,3184230722,cold_state
1697185300.122,2023-10-13 08:21:40.122,0,1000.0,0,10.799999999981083,0,38.924241247138376,3184552553,cold_state
1697185300.636,2023-10-13 08:21:40.636,0,1000.0,0,10.799999999981083,0,38.924241247138376,3184904664,cold_state
1697185301.148,2023-10-13 08:21:41.148,0,1000.0,0,10.799999999981083,0,38.924241247138376,3185210353,cold_state
1697185301.661,2023-10-13 08:21:41.661,0,1000.0,0,10.799999999981083,0,38.924241247138376,3185549516,cold_state
1697185302.173,2023-10-13 08:21:42.173,0,1000.0,0,10.799999999981083,0,38.924241247138376,3185909598,cold_state
1697185302.683,2023-10-13 08:21:42.683,0,1000.0,0,10.799999999981083,0,38.924241247138376,3186406193,cold_state
1697185303.194,2023-10-13 08:21:43.194,0,1000.0,0,10,0,38.91778399064505,3186851050,cold_state
1697185303.706,2023-10-13 08:21:43.706,0,1000.0,0,10,0,38.91778399064505,3187274998,cold_state
1697185304.216,2023-10-13 08:21:44.216,0,1000.0,0,10,0,38.91778399064505,3187592014,cold_state
1697185304.73,2023-10-13 08:21:44.730,0,1000.0,0,10,0,38.91778399064505,3187984680,cold_state
1697185305.242,2023-10-13 08:21:45.242,0,1000.0,0,10,0,38.91778399064505,3188367286,cold_state
1697185305.752,2023-10-13 08:21:45.752,0,1000.0,0,10,0,38.91778399064505,3188791450,cold_state
1697185306.263,2023-10-13 08:21:46.263,0,1000.0,0,10,0,38.91778399064505,3189122822,cold_state
1697185306.776,2023-10-13 08:21:46.776,0,1000.0,0,10,0,38.91778399064505,3189484782,cold_state
1697185307.287,2023-10-13 08:21:47.287,0,1000.0,0,10,0,38.91778399064505,3189790418,cold_state
1697185307.798,2023-10-13 08:21:47.798,0,1000.0,0,10,0,38.91778399064505,3190428940,cold_state
1697185308.309,2023-10-13 08:21:48.309,0,1000.0,0,10.200000000004366,0,38.90113637624819,3190837735,cold_state
1697185308.821,2023-10-13 08:21:48.821,0,1000.0,0,10.200000000004366,0,38.90113637624819,3191231628,cold_state
1697185309.332,2023-10-13 08:21:49.332,0,1000.0,0,10.200000000004366,0,38.90113637624819,3191553366,cold_state
1697185309.842,2023-10-13 08:21:49.842,0,1000.0,0,10.200000000004366,0,38.90113637624819,3191871619,cold_state
1697185310.355,2023-10-13 08:21:50.355,0,1000.0,0,10.200000000004366,0,38.90113637624819,3192175865,cold_state
1697185310.867,2023-10-13 08:21:50.867,0,1000.0,0,10.200000000004366,0,38.90113637624819,3192518432,cold_state
1697185311.378,2023-10-13 08:21:51.378,0,1000.0,0,10.200000000004366,0,38.90113637624819,3192822713,cold_state
1697185311.889,2023-10-13 08:21:51.889,0,1000.0,0,10.200000000004366,0,38.90113637624819,3193196144,cold_state
1697185312.402,2023-10-13 08:21:52.402,0,1000.0,0,10.200000000004366,0,38.90113637624819,3193579608,cold_state
1697185312.914,2023-10-13 08:21:52.914,0,1000.0,0,10.200000000004366,0,38.90113637624819,3194371017,cold_state
1697185313.425,2023-10-13 08:21:53.425,0,1000.0,0,10.400000000008731,0,38.92121440815713,3194717070,cold_state
1697185313.936,2023-10-13 08:21:53.936,0,1000.0,0,10.400000000008731,0,38.92121440815713,3195155892,cold_state
1697185314.448,2023-10-13 08:21:54.448,0,1000.0,0,10.400000000008731,0,38.92121440815713,3195520927,cold_state
1697185314.959,2023-10-13 08:21:54.959,0,1000.0,0,10.400000000008731,0,38.92121440815713,3195884389,cold_state
1697185315.473,2023-10-13 08:21:55.473,0,1000.0,0,10.400000000008731,0,38.92121440815713,3196220894,cold_state
1697185315.986,2023-10-13 08:21:55.986,0,1000.0,0,10.400000000008731,0,38.92121440815713,3196609094,cold_state
1697185316.498,2023-10-13 08:21:56.498,0,1000.0,0,10.400000000008731,0,38.92121440815713,3196946569,cold_state
1697185317.008,2023-10-13 08:21:57.008,0,1000.0,0,10.400000000008731,0,38.92121440815713,3197303247,cold_state
1697185317.521,2023-10-13 08:21:57.521,0,1000.0,0,10.400000000008731,0,38.92121440815713,3197610717,cold_state
1697185318.031,2023-10-13 08:21:58.031,0,1000.0,0,10.400000000008731,0,38.92121440815713,3197954721,cold_state
1697185318.543,2023-10-13 08:21:58.543,0,1000.0,0,11.39999999999418,0,39.05974273886552,3198268329,cold_state
1697185319.053,2023-10-13 08:21:59.053,0,1000.0,0,11.39999999999418,0,39.05974273886552,3198659460,cold_state
1697185319.565,2023-10-13 08:21:59.565,0,1000.0,0,11.39999999999418,0,39.05974273886552,3198955415,cold_state
1697185320.077,2023-10-13 08:22:00.077,0,1000.0,0,11.39999999999418,0,39.05974273886552,3200047934,cold_state
1697185320.587,2023-10-13 08:22:00.587,0,1000.0,0,11.39999999999418,0,39.05974273886552,3200375975,cold_state
1697185321.098,2023-10-13 08:22:01.098,0,1000.0,0,11.39999999999418,0,39.05974273886552,3200709520,cold_state
1697185321.607,2023-10-13 08:22:01.607,0,1000.0,0,11.39999999999418,0,39.05974273886552,3201029538,cold_state
1697185322.118,2023-10-13 08:22:02.118,0,1000.0,0,11.39999999999418,0,39.05974273886552,3201388663,cold_state
1697185322.629,2023-10-13 08:22:02.629,0,1000.0,0,11.39999999999418,0,39.05974273886552,3201848665,cold_state
1697185323.141,2023-10-13 08:22:03.141,0,1000.0,0,9.700000000011642,0,38.94472285757814,3202449064,cold_state
1697185323.654,2023-10-13 08:22:03.654,0,1000.0,0,9.700000000011642,0,38.94472285757814,3202821561,cold_state
1697185324.163,2023-10-13 08:22:04.163,0,1000.0,0,9.700000000011642,0,38.94472285757814,3203206283,cold_state
1697185324.672,2023-10-13 08:22:04.672,0,1000.0,0,9.700000000011642,0,38.94472285757814,3203595881,cold_state
1697185325.184,2023-10-13 08:22:05.184,0,1000.0,0,9.700000000011642,0,38.94472285757814,3203941955,cold_state
1697185325.695,2023-10-13 08:22:05.695,0,1000.0,0,9.700000000011642,0,38.94472285757814,3204309888,cold_state
1697185326.204,2023-10-13 08:22:06.204,0,1000.0,0,9.700000000011642,0,38.94472285757814,3204683137,cold_state
1697185326.715,2023-10-13 08:22:06.715,0,1000.0,0,9.700000000011642,0,38.94472285757814,3205025176,cold_state
1697185327.228,2023-10-13 08:22:07.228,0,1000.0,0,9.700000000011642,0,38.94472285757814,3205359041,cold_state
1697185327.743,2023-10-13 08:22:07.743,0,1000.0,0,9.700000000011642,0,38.94472285757814,3205672712,cold_state
1697185328.256,2023-10-13 08:22:08.256,0,1000.0,0,10.899999999965075,0,38.88711202230175,3206015039,cold_state
1697185328.768,2023-10-13 08:22:08.768,0,1000.0,0,10.899999999965075,0,38.88711202230175,3206384600,cold_state
1697185329.28,2023-10-13 08:22:09.280,0,1000.0,0,10.899999999965075,0,38.88711202230175,3206727782,cold_state
1697185329.792,2023-10-13 08:22:09.792,0,1000.0,0,10.899999999965075,0,38.88711202230175,3207065758,cold_state
1697185330.31,2023-10-13 08:22:10.310,0,1000.0,0,10.899999999965075,0,38.88711202230175,3207388921,cold_to_null_process
1697185420.961,2023-10-13 08:23:40.961,0,1000.0,0,10.800000000017462,0,39.51548379480857,3487902735,warm_disk_state
1697185421.475,2023-10-13 08:23:41.475,0,1000.0,0,10.800000000017462,0,39.51548379480857,3488260174,warm_disk_state
1697185421.988,2023-10-13 08:23:41.988,0,1000.0,0,10.800000000017462,0,39.51548379480857,3488603066,warm_disk_state
1697185422.5,2023-10-13 08:23:42.500,0,1000.0,0,10.800000000017462,0,39.51548379480857,3488940701,warm_disk_state
1697185423.012,2023-10-13 08:23:43.012,0,1000.0,0,10.800000000017462,0,39.51548379480857,3489514412,warm_disk_state
1697185423.524,2023-10-13 08:23:43.524,0,1000.0,0,28.59999999996944,0,39.76156580398393,3489905600,warm_disk_state
1697185424.036,2023-10-13 08:23:44.036,0,1000.0,0,28.59999999996944,0,39.76156580398393,3490297527,warm_disk_state
1697185424.547,2023-10-13 08:23:44.547,0,1000.0,0,28.59999999996944,0,39.76156580398393,3490614105,warm_disk_state
1697185425.056,2023-10-13 08:23:45.056,0,1000.0,0,28.59999999996944,0,39.76156580398393,3490988194,warm_disk_state
1697185425.564,2023-10-13 08:23:45.564,0,1000.0,0,28.59999999996944,0,39.76156580398393,3491353709,warm_disk_state
1697185426.074,2023-10-13 08:23:46.074,0,1000.0,0,28.59999999996944,0,39.76156580398393,3491722167,warm_disk_state
1697185426.586,2023-10-13 08:23:46.586,0,1000.0,0,28.59999999996944,0,39.76156580398393,3492065707,warm_disk_state
1697185427.097,2023-10-13 08:23:47.097,0,1000.0,0,28.59999999996944,0,39.76156580398393,3492385715,warm_disk_state
1697185427.61,2023-10-13 08:23:47.610,0,1000.0,0,28.59999999996944,0,39.76156580398393,3492842447,warm_disk_state
1697185428.122,2023-10-13 08:23:48.122,0,1000.0,0,9.400000000023283,0,39.58328498798849,3493372376,warm_disk_state
1697185428.633,2023-10-13 08:23:48.633,0,1000.0,0,9.400000000023283,0,39.58328498798849,3493811549,warm_disk_state
1697185429.146,2023-10-13 08:23:49.146,0,1000.0,0,9.400000000023283,0,39.58328498798849,3494191108,warm_disk_state
1697185429.658,2023-10-13 08:23:49.658,0,1000.0,0,9.400000000023283,0,39.58328498798849,3494544130,warm_disk_state
1697185430.17,2023-10-13 08:23:50.170,0,1000.0,0,9.400000000023283,0,39.58328498798849,3494877001,warm_disk_state
1697185430.68,2023-10-13 08:23:50.680,0,1000.0,0,9.400000000023283,0,39.58328498798849,3495195598,warm_disk_state
1697185431.192,2023-10-13 08:23:51.192,0,1000.0,0,9.400000000023283,0,39.58328498798849,3495521312,warm_disk_state
1697185431.704,2023-10-13 08:23:51.704,0,1000.0,0,9.400000000023283,0,39.58328498798849,3495865640,warm_disk_state
1697185432.213,2023-10-13 08:23:52.213,0,1000.0,0,9.400000000023283,0,39.58328498798849,3496206408,warm_disk_state
1697185432.726,2023-10-13 08:23:52.726,0,1000.0,0,9.400000000023283,0,39.58328498798849,3496579291,warm_disk_state
1697185433.236,2023-10-13 08:23:53.236,0,1000.0,0,11.199999999989814,0,39.74300119156561,3497106877,warm_disk_state
1697185433.746,2023-10-13 08:23:53.746,0,1000.0,0,11.199999999989814,0,39.74300119156561,3497482902,warm_disk_state
1697185434.257,2023-10-13 08:23:54.257,0,1000.0,0,11.199999999989814,0,39.74300119156561,3497934212,warm_disk_state
1697185434.771,2023-10-13 08:23:54.771,0,1000.0,0,11.199999999989814,0,39.74300119156561,3498294911,warm_disk_state
1697185435.282,2023-10-13 08:23:55.282,0,1000.0,0,11.199999999989814,0,39.74300119156561,3498626515,warm_disk_state
1697185435.795,2023-10-13 08:23:55.795,0,1000.0,0,11.199999999989814,0,39.74300119156561,3499029647,warm_disk_state
1697185436.307,2023-10-13 08:23:56.307,0,1000.0,0,11.199999999989814,0,39.74300119156561,3499382994,warm_disk_state
1697185436.817,2023-10-13 08:23:56.817,0,1000.0,0,11.199999999989814,0,39.74300119156561,3499699108,warm_disk_state
1697185437.327,2023-10-13 08:23:57.327,0,1000.0,0,11.199999999989814,0,39.74300119156561,3500026271,warm_disk_state
1697185437.839,2023-10-13 08:23:57.839,0,1000.0,0,11.199999999989814,0,39.74300119156561,3500371807,warm_disk_state
1697185438.347,2023-10-13 08:23:58.347,0,1000.0,0,10.099999999983993,0,39.67630983934548,3500714433,warm_disk_state
1697185438.859,2023-10-13 08:23:58.859,0,1000.0,0,10.099999999983993,0,39.67630983934548,3501054839,warm_disk_state
1697185439.369,2023-10-13 08:23:59.369,0,1000.0,0,10.099999999983993,0,39.67630983934548,3501423486,warm_disk_state
1697185439.881,2023-10-13 08:23:59.881,0,1000.0,0,10.099999999983993,0,39.67630983934548,3501761078,warm_disk_state
1697185440.394,2023-10-13 08:24:00.394,0,1000.0,0,10.099999999983993,0,39.67630983934548,3502074762,warm_disk_state
1697185440.905,2023-10-13 08:24:00.905,0,1000.0,0,10.099999999983993,0,39.67630983934548,3502392889,warm_disk_state
1697185441.418,2023-10-13 08:24:01.418,0,1000.0,0,10.099999999983993,0,39.67630983934548,3502729673,warm_disk_state
1697185441.929,2023-10-13 08:24:01.929,0,1000.0,0,10.099999999983993,0,39.67630983934548,3503055707,warm_disk_state
1697185442.439,2023-10-13 08:24:02.439,0,1000.0,0,10.099999999983993,0,39.67630983934548,3503410361,warm_disk_state
1697185442.95,2023-10-13 08:24:02.950,0,1000.0,0,10.099999999983993,0,39.67630983934548,3504004291,warm_disk_state
1697185443.461,2023-10-13 08:24:03.461,0,1000.0,0,9.700000000011642,0,39.576827731495165,3504485597,warm_disk_state
1697185443.972,2023-10-13 08:24:03.972,0,1000.0,0,9.700000000011642,0,39.576827731495165,3504885175,warm_disk_state
1697185444.484,2023-10-13 08:24:04.484,0,1000.0,0,9.700000000011642,0,39.576827731495165,3505201653,warm_disk_state
1697185444.996,2023-10-13 08:24:04.996,0,1000.0,0,9.700000000011642,0,39.576827731495165,3505562778,warm_disk_state
1697185445.51,2023-10-13 08:24:05.510,0,1000.0,0,9.700000000011642,0,39.576827731495165,3505923705,warm_disk_state
1697185446.023,2023-10-13 08:24:06.023,0,1000.0,0,9.700000000011642,0,39.576827731495165,3506311619,warm_disk_state
1697185446.535,2023-10-13 08:24:06.535,0,1000.0,0,9.700000000011642,0,39.576827731495165,3506662708,warm_disk_state
1697185447.047,2023-10-13 08:24:07.047,0,1000.0,0,9.700000000011642,0,39.576827731495165,3506974073,warm_disk_state
1697185447.562,2023-10-13 08:24:07.562,0,1000.0,0,9.700000000011642,0,39.576827731495165,3507318582,warm_disk_state
1697185448.076,2023-10-13 08:24:08.076,0,1000.0,0,9.700000000011642,0,39.576827731495165,3507622138,warm_disk_state
1697185448.588,2023-10-13 08:24:08.588,0,1000.0,0,9.699999999975262,0,39.5047889637415,3507993548,warm_disk_state
1697185449.098,2023-10-13 08:24:09.098,0,1000.0,0,9.699999999975262,0,39.5047889637415,3508353332,warm_disk_state
1697185449.612,2023-10-13 08:24:09.612,0,1000.0,0,9.699999999975262,0,39.5047889637415,3508711502,warm_disk_state
1697185450.123,2023-10-13 08:24:10.123,0,1000.0,0,9.699999999975262,0,39.5047889637415,3509031819,warm_disk_state
1697185450.632,2023-10-13 08:24:10.632,0,1000.0,0,9.699999999975262,0,39.5047889637415,3509337799,warm_disk_state
1697185451.142,2023-10-13 08:24:11.142,0,1000.0,0,9.699999999975262,0,39.5047889637415,3509669965,warm_disk_state
1697185451.653,2023-10-13 08:24:11.653,0,1000.0,0,9.699999999975262,0,39.5047889637415,3510024453,warm_disk_state
1697185452.165,2023-10-13 08:24:12.165,0,1000.0,0,9.699999999975262,0,39.5047889637415,3510353403,warm_disk_state
1697185452.677,2023-10-13 08:24:12.677,0,1000.0,0,9.699999999975262,0,39.5047889637415,3510768468,warm_disk_state
1697185453.188,2023-10-13 08:24:13.188,0,1000.0,0,11.000000000021828,0,39.54524771145749,3511281091,warm_disk_state
1697185453.7,2023-10-13 08:24:13.700,0,1000.0,0,11.000000000021828,0,39.54524771145749,3511668472,warm_disk_state
1697185454.21,2023-10-13 08:24:14.210,0,1000.0,0,11.000000000021828,0,39.54524771145749,3512070129,warm_disk_state
1697185454.72,2023-10-13 08:24:14.720,0,1000.0,0,11.000000000021828,0,39.54524771145749,3512435241,warm_disk_state
1697185455.233,2023-10-13 08:24:15.233,0,1000.0,0,11.000000000021828,0,39.54524771145749,3512745997,warm_disk_state
1697185455.744,2023-10-13 08:24:15.744,0,1000.0,0,11.000000000021828,0,39.54524771145749,3513113109,warm_disk_state
1697185456.255,2023-10-13 08:24:16.255,0,1000.0,0,11.000000000021828,0,39.54524771145749,3513487915,warm_disk_state
1697185456.768,2023-10-13 08:24:16.768,0,1000.0,0,11.000000000021828,0,39.54524771145749,3513829088,warm_disk_state
1697185457.279,2023-10-13 08:24:17.279,0,1000.0,0,11.000000000021828,0,39.54524771145749,3514153068,warm_disk_state
1697185457.792,2023-10-13 08:24:17.792,0,1000.0,0,11.000000000021828,0,39.54524771145749,3514772921,warm_disk_state
1697185458.305,2023-10-13 08:24:18.305,0,1000.0,0,9.700000000011642,0,39.6091140139618,3515211358,warm_disk_state
1697185458.818,2023-10-13 08:24:18.818,0,1000.0,0,9.700000000011642,0,39.6091140139618,3515572542,warm_disk_state
1697185459.332,2023-10-13 08:24:19.332,0,1000.0,0,9.700000000011642,0,39.6091140139618,3515946594,warm_disk_state
1697185459.847,2023-10-13 08:24:19.847,0,1000.0,0,9.700000000011642,0,39.6091140139618,3516280134,warm_disk_state
1697185460.36,2023-10-13 08:24:20.360,0,1000.0,0,9.700000000011642,0,39.6091140139618,3516617526,warm_disk_state
1697185460.873,2023-10-13 08:24:20.873,0,1000.0,0,9.700000000011642,0,39.6091140139618,3516919236,warm_disk_state
1697185461.385,2023-10-13 08:24:21.385,0,1000.0,0,9.700000000011642,0,39.6091140139618,3517256958,warm_disk_state
1697185461.898,2023-10-13 08:24:21.898,0,1000.0,0,9.700000000011642,0,39.6091140139618,3517596894,warm_disk_state
1697185462.413,2023-10-13 08:24:22.413,0,1000.0,0,9.700000000011642,0,39.6091140139618,3517971016,warm_disk_state
1697185462.924,2023-10-13 08:24:22.924,0,1000.0,0,9.700000000011642,0,39.6091140139618,3518425052,warm_disk_state
1697185463.435,2023-10-13 08:24:23.435,0,1000.0,0,11.499999999978172,0,39.57854294025121,3518915018,warm_disk_state
1697185463.946,2023-10-13 08:24:23.946,0,1000.0,0,11.499999999978172,0,39.57854294025121,3519289256,warm_disk_state
1697185464.458,2023-10-13 08:24:24.458,0,1000.0,0,11.499999999978172,0,39.57854294025121,3519645957,warm_disk_state
1697185464.968,2023-10-13 08:24:24.968,0,1000.0,0,11.499999999978172,0,39.57854294025121,3520001307,warm_disk_state
1697185465.48,2023-10-13 08:24:25.480,0,1000.0,0,11.499999999978172,0,39.57854294025121,3520341978,warm_disk_state
1697185465.991,2023-10-13 08:24:25.991,0,1000.0,0,11.499999999978172,0,39.57854294025121,3520716328,warm_disk_state
1697185466.502,2023-10-13 08:24:26.502,0,1000.0,0,11.499999999978172,0,39.57854294025121,3521076771,warm_disk_state
1697185467.014,2023-10-13 08:24:27.014,0,1000.0,0,11.499999999978172,0,39.57854294025121,3521378935,warm_disk_state
1697185467.525,2023-10-13 08:24:27.525,0,1000.0,0,11.499999999978172,0,39.57854294025121,3521710818,warm_disk_state
1697185468.039,2023-10-13 08:24:28.039,0,1000.0,0,11.499999999978172,0,39.57854294025121,3522041076,warm_disk_state
1697185468.548,2023-10-13 08:24:28.548,0,1000.0,0,10.100000000020373,0,39.623642841071785,3522383316,warm_disk_state
1697185469.059,2023-10-13 08:24:29.059,0,1000.0,0,10.100000000020373,0,39.623642841071785,3522730197,warm_disk_state
1697185469.57,2023-10-13 08:24:29.570,0,1000.0,0,10.100000000020373,0,39.623642841071785,3523074678,warm_disk_state
1697185470.08,2023-10-13 08:24:30.080,0,1000.0,0,10.100000000020373,0,39.623642841071785,3523398454,warm_disk_state
1697185470.594,2023-10-13 08:24:30.594,0,1000.0,0,10.100000000020373,0,39.623642841071785,3523722767,warm_disk_state
1697185471.104,2023-10-13 08:24:31.104,0,1000.0,0,10.100000000020373,0,39.623642841071785,3524045975,warm_disk_state
1697185471.615,2023-10-13 08:24:31.615,0,1000.0,0,10.100000000020373,0,39.623642841071785,3524408945,warm_disk_state
1697185472.128,2023-10-13 08:24:32.128,0,1000.0,0,10.100000000020373,0,39.623642841071785,3524735765,warm_disk_state
1697185472.638,2023-10-13 08:24:32.638,0,1000.0,0,10.100000000020373,0,39.623642841071785,3525146226,warm_disk_state
1697185473.151,2023-10-13 08:24:33.151,0,1000.0,0,11.099999999969441,0,39.63524572383323,3525795110,warm_disk_state
1697185473.661,2023-10-13 08:24:33.661,0,1000.0,0,11.099999999969441,0,39.63524572383323,3526189524,warm_disk_state
1697185474.173,2023-10-13 08:24:34.173,0,1000.0,0,11.099999999969441,0,39.63524572383323,3526591764,warm_disk_state
1697185474.685,2023-10-13 08:24:34.685,0,1000.0,0,11.099999999969441,0,39.63524572383323,3526912078,warm_disk_state
1697185475.197,2023-10-13 08:24:35.197,0,1000.0,0,11.099999999969441,0,39.63524572383323,3527270273,warm_disk_state
1697185475.709,2023-10-13 08:24:35.709,0,1000.0,0,11.099999999969441,0,39.63524572383323,3527638659,warm_disk_state
1697185476.22,2023-10-13 08:24:36.220,0,1000.0,0,11.099999999969441,0,39.63524572383323,3528005528,warm_disk_state
1697185476.733,2023-10-13 08:24:36.733,0,1000.0,0,11.099999999969441,0,39.63524572383323,3528351596,warm_disk_state
1697185477.246,2023-10-13 08:24:37.246,0,1000.0,0,11.099999999969441,0,39.63524572383323,3528649484,warm_disk_state
1697185477.758,2023-10-13 08:24:37.758,0,1000.0,0,11.099999999969441,0,39.63524572383323,3529007399,warm_disk_state
1697185478.268,2023-10-13 08:24:38.268,0,1000.0,0,10.500000000029104,0,39.57995546510912,3529331073,warm_disk_state
1697185478.779,2023-10-13 08:24:38.779,0,1000.0,0,10.500000000029104,0,39.57995546510912,3529698392,warm_disk_state
1697185479.291,2023-10-13 08:24:39.291,0,1000.0,0,10.500000000029104,0,39.57995546510912,3530036442,warm_disk_state
1697185479.8,2023-10-13 08:24:39.800,0,1000.0,0,10.500000000029104,0,39.57995546510912,3530385305,warm_disk_state
1697185480.313,2023-10-13 08:24:40.313,0,1000.0,0,10.500000000029104,0,39.57995546510912,3530714645,warm_disk_state
1697185480.825,2023-10-13 08:24:40.825,0,1000.0,0,10.500000000029104,0,39.57995546510912,3531044639,warm_disk_state
1697185481.334,2023-10-13 08:24:41.334,0,1000.0,0,10.500000000029104,0,39.57995546510912,3531361324,warm_disk_state
1697185481.846,2023-10-13 08:24:41.846,0,1000.0,0,10.500000000029104,0,39.57995546510912,3531712999,warm_disk_state
1697185482.387,2023-10-13 08:24:42.387,0,1000.0,0,10.500000000029104,0,39.57995546510912,3532080863,warm_disk_to_warm_cpu_process
1697185482.604,2023-10-13 08:24:42.604,0,1000.0,0,10.500000000029104,0,39.57995546510912,3532237811,warm_disk_to_warm_cpu_process
1697185482.824,2023-10-13 08:24:42.824,0,1000.0,0,10.500000000029104,0,39.57995546510912,3532440082,warm_disk_to_warm_cpu_process
1697185483.042,2023-10-13 08:24:43.042,0,1000.0,0,10.500000000029104,0,39.57995546510912,3532769015,warm_disk_to_warm_cpu_process
1697185483.272,2023-10-13 08:24:43.272,1,1000.0,0,10.900000000001455,0,39.540102085189375,3535974180,warm_disk_to_warm_cpu_process
1697185483.525,2023-10-13 08:24:43.525,2,1000.0,0,10.900000000001455,0,39.540102085189375,3540989019,warm_disk_to_warm_cpu_process
1697185483.815,2023-10-13 08:24:43.815,3,1000.0,0,10.900000000001455,0,39.540102085189375,3549124159,warm_disk_to_warm_cpu_process
1697185484.118,2023-10-13 08:24:44.118,4,1000.0,0,10.900000000001455,0,39.540102085189375,3555752898,warm_disk_to_warm_cpu_process
1697185484.451,2023-10-13 08:24:44.451,4,1000.0,0,10.900000000001455,0,39.540102085189375,3559662842,warm_disk_to_warm_cpu_process
1697185484.763,2023-10-13 08:24:44.763,4,1000.0,0,10.900000000001455,0,39.540102085189375,3561899265,warm_disk_to_warm_cpu_process
1697185485.056,2023-10-13 08:24:45.056,4,1000.0,0,10.900000000001455,0,39.540102085189375,3564266141,warm_disk_to_warm_cpu_process
1697185485.354,2023-10-13 08:24:45.354,4,1000.0,0,10.900000000001455,0,39.540102085189375,3565885633,warm_disk_to_warm_cpu_process
1697185485.646,2023-10-13 08:24:45.646,4,1000.0,0,10.900000000001455,0,39.540102085189375,3567645377,warm_disk_to_warm_cpu_process
1697185485.919,2023-10-13 08:24:45.919,4,1000.0,0,10.900000000001455,0,39.540102085189375,3569819200,warm_disk_to_warm_cpu_process
1697185486.21,2023-10-13 08:24:46.210,4,1000.0,0,10.900000000001455,0,39.540102085189375,3571659024,warm_disk_to_warm_cpu_process
1697185486.509,2023-10-13 08:24:46.509,4,1000.0,0,10.900000000001455,0,39.540102085189375,3573142126,warm_disk_to_warm_cpu_process
1697185486.842,2023-10-13 08:24:46.842,4,1000.0,0,10.900000000001455,0,39.540102085189375,3575179616,warm_disk_to_warm_cpu_process
1697185487.139,2023-10-13 08:24:47.139,4,1000.0,0,10.900000000001455,0,39.540102085189375,3576813869,warm_disk_to_warm_cpu_process
1697185487.431,2023-10-13 08:24:47.431,4,1000.0,0,10.900000000001455,0,39.540102085189375,3578468581,warm_disk_to_warm_cpu_process
1697185487.718,2023-10-13 08:24:47.718,4,1000.0,0,10.900000000001455,0,39.540102085189375,3580427528,warm_disk_to_warm_cpu_process
1697185488.015,2023-10-13 08:24:48.015,4,1000.0,0,10.900000000001455,0,39.540102085189375,3582280080,warm_disk_to_warm_cpu_process
1697185488.311,2023-10-13 08:24:48.311,4,1000.0,0,49.099999999998545,0,40.488612527279386,3584787398,warm_disk_to_warm_cpu_process
1697185488.602,2023-10-13 08:24:48.602,4,1000.0,0,49.099999999998545,0,40.488612527279386,3586462568,warm_disk_to_warm_cpu_process
1697185488.902,2023-10-13 08:24:48.902,4,1000.0,0,49.099999999998545,0,40.488612527279386,3587952183,warm_disk_to_warm_cpu_process
1697185489.214,2023-10-13 08:24:49.214,4,1000.0,0,49.099999999998545,0,40.488612527279386,3590225583,warm_disk_to_warm_cpu_process
1697185489.556,2023-10-13 08:24:49.556,4,1000.0,0,49.099999999998545,0,40.488612527279386,3592353982,warm_disk_to_warm_cpu_process
1697185489.848,2023-10-13 08:24:49.848,4,1000.0,0,49.099999999998545,0,40.488612527279386,3593824313,warm_disk_to_warm_cpu_process
1697185490.139,2023-10-13 08:24:50.139,4,1000.0,0,49.099999999998545,0,40.488612527279386,3595604300,warm_disk_to_warm_cpu_process
1697185490.489,2023-10-13 08:24:50.489,4,1000.0,0,49.099999999998545,0,40.488612527279386,3598221422,warm_disk_to_warm_cpu_process
1697185490.841,2023-10-13 08:24:50.841,4,1000.0,0,49.099999999998545,0,40.488612527279386,3600336101,warm_disk_to_warm_cpu_process
1697185491.179,2023-10-13 08:24:51.179,4,1000.0,0,49.099999999998545,0,40.488612527279386,3602437736,warm_disk_to_warm_cpu_process
1697185491.507,2023-10-13 08:24:51.507,4,1000.0,0,49.099999999998545,0,40.488612527279386,3604577117,warm_disk_to_warm_cpu_process
1697185491.845,2023-10-13 08:24:51.845,4,1000.0,0,49.099999999998545,0,40.488612527279386,3606905857,warm_disk_to_warm_cpu_process
1697185492.224,2023-10-13 08:24:52.224,4,1000.0,0,49.099999999998545,0,40.488612527279386,3609224418,warm_disk_to_warm_cpu_process
1697185492.569,2023-10-13 08:24:52.569,4,1000.0,0,49.099999999998545,0,40.488612527279386,3611374653,warm_disk_to_warm_cpu_process
1697185492.896,2023-10-13 08:24:52.896,4,1000.0,0,49.099999999998545,0,40.488612527279386,3613538813,warm_disk_to_warm_cpu_process
1697185493.255,2023-10-13 08:24:53.255,4,1000.0,0,100,0,44.37083620462642,3615843661,warm_disk_to_warm_cpu_process
1697185493.607,2023-10-13 08:24:53.607,4,1000.0,0,100,0,44.37083620462642,3618202933,warm_disk_to_warm_cpu_process
1697185493.991,2023-10-13 08:24:53.991,4,1000.0,0,100,0,44.37083620462642,3620477273,warm_disk_to_warm_cpu_process
1697185494.335,2023-10-13 08:24:54.335,4,1000.0,0,100,0,44.37083620462642,3622529387,warm_disk_to_warm_cpu_process
1697185494.676,2023-10-13 08:24:54.676,4,1000.0,0,100,0,44.37083620462642,3624635133,warm_disk_to_warm_cpu_process
1697185495.016,2023-10-13 08:24:55.016,4,1000.0,0,100,0,44.37083620462642,3626806323,warm_disk_to_warm_cpu_process
1697185495.369,2023-10-13 08:24:55.369,4,1000.0,0,100,0,44.37083620462642,3629069630,warm_disk_to_warm_cpu_process
1697185495.716,2023-10-13 08:24:55.716,4,1000.0,0,100,0,44.37083620462642,3631268995,warm_disk_to_warm_cpu_process
1697185496.095,2023-10-13 08:24:56.095,4,1000.0,0,100,0,44.37083620462642,3633644121,warm_disk_to_warm_cpu_process
1697185496.446,2023-10-13 08:24:56.446,4,1000.0,0,100,0,44.37083620462642,3635772243,warm_disk_to_warm_cpu_process
1697185496.792,2023-10-13 08:24:56.792,4,1000.0,0,100,0,44.37083620462642,3637866967,warm_disk_to_warm_cpu_process
1697185497.138,2023-10-13 08:24:57.138,4,1000.0,0,100,0,44.37083620462642,3640173949,warm_disk_to_warm_cpu_process
1697185497.475,2023-10-13 08:24:57.475,4,1000.0,0,100,0,44.37083620462642,3642279107,warm_disk_to_warm_cpu_process
1697185497.847,2023-10-13 08:24:57.847,4,1000.0,0,100,0,44.37083620462642,3644411872,warm_disk_to_warm_cpu_process
1697185498.19,2023-10-13 08:24:58.190,4,1000.0,0,100,0,50.29950571719436,3646714244,warm_disk_to_warm_cpu_process
1697185498.531,2023-10-13 08:24:58.531,4,1000.0,0,100,0,50.29950571719436,3648830508,warm_disk_to_warm_cpu_process
1697185498.872,2023-10-13 08:24:58.872,4,1000.0,0,100,0,50.29950571719436,3651160946,warm_disk_to_warm_cpu_process
1697185499.224,2023-10-13 08:24:59.224,4,1000.0,0,100,0,50.29950571719436,3653417564,warm_disk_to_warm_cpu_process
1697185499.573,2023-10-13 08:24:59.573,4,1000.0,0,100,0,50.29950571719436,3655635390,warm_disk_to_warm_cpu_process
1697185499.908,2023-10-13 08:24:59.908,4,1000.0,0,100,0,50.29950571719436,3657825432,warm_disk_to_warm_cpu_process
1697185500.277,2023-10-13 08:25:00.277,4,1000.0,0,100,0,50.29950571719436,3661183030,warm_disk_to_warm_cpu_process
1697185500.607,2023-10-13 08:25:00.607,4,1000.0,0,100,0,50.29950571719436,3663287511,warm_disk_to_warm_cpu_process
1697185500.962,2023-10-13 08:25:00.962,4,1000.0,0,100,0,50.29950571719436,3665421287,warm_disk_to_warm_cpu_process
1697185501.304,2023-10-13 08:25:01.304,4,1000.0,0,100,0,50.29950571719436,3667708544,warm_disk_to_warm_cpu_process
1697185501.651,2023-10-13 08:25:01.651,4,1000.0,0,100,0,50.29950571719436,3669837607,warm_disk_to_warm_cpu_process
1697185501.996,2023-10-13 08:25:01.996,4,1000.0,0,100,0,50.29950571719436,3671946029,warm_disk_to_warm_cpu_process
1697185502.396,2023-10-13 08:25:02.396,4,1000.0,0,100,0,50.29950571719436,3674299848,warm_disk_to_warm_cpu_process
1697185502.744,2023-10-13 08:25:02.744,4,1000.0,0,100,0,50.29950571719436,3676468251,warm_disk_to_warm_cpu_process
1697185503.086,2023-10-13 08:25:03.086,4,1000.0,0,100,0,50.29950571719436,3679036944,warm_disk_to_warm_cpu_process
1697185503.433,2023-10-13 08:25:03.433,4,1000.0,0,99.00000000001455,0,56.775427717571716,3681215799,warm_disk_to_warm_cpu_process
1697185503.822,2023-10-13 08:25:03.822,4,1000.0,0,99.00000000001455,0,56.775427717571716,3684956021,warm_disk_to_warm_cpu_process
1697185504.216,2023-10-13 08:25:04.216,4,1000.0,0,99.00000000001455,0,56.775427717571716,3690825946,warm_disk_to_warm_cpu_process
1697185524.577,2023-10-13 08:25:24.577,4,1000.0,0,12.700000000040745,0,57.45636559371952,3790392069,warm_cpu_state
1697185525.131,2023-10-13 08:25:25.131,4,1000.0,0,12.700000000040745,0,57.45636559371952,3793147343,warm_cpu_state
1697185525.683,2023-10-13 08:25:25.683,4,1000.0,0,12.700000000040745,0,57.45636559371952,3795662691,warm_cpu_state
1697185526.233,2023-10-13 08:25:26.233,4,1000.0,0,12.700000000040745,0,57.45636559371952,3798428529,warm_cpu_state
1697185526.785,2023-10-13 08:25:26.785,4,1000.0,0,12.700000000040745,0,57.45636559371952,3801145006,warm_cpu_state
1697185527.332,2023-10-13 08:25:27.332,4,1000.0,0,12.700000000040745,0,57.45636559371952,3803628541,warm_cpu_state
1697185527.881,2023-10-13 08:25:27.881,4,1000.0,0,12.700000000040745,0,57.45636559371952,3806344796,warm_cpu_state
1697185528.438,2023-10-13 08:25:28.438,4,1000.0,0,12.49999999996362,0,57.45636559371952,3809048740,warm_cpu_state
1697185528.992,2023-10-13 08:25:28.992,4,1000.0,0,12.49999999996362,0,57.45636559371952,3811766699,warm_cpu_state
1697185529.549,2023-10-13 08:25:29.549,4,1000.0,0,12.49999999996362,0,57.45636559371952,3814372882,warm_cpu_state
1697185530.104,2023-10-13 08:25:30.104,4,1000.0,0,12.49999999996362,0,57.45636559371952,3817233326,warm_cpu_state
1697185530.659,2023-10-13 08:25:30.659,4,1000.0,0,12.49999999996362,0,57.45636559371952,3819719525,warm_cpu_state
1697185531.216,2023-10-13 08:25:31.216,4,1000.0,0,12.49999999996362,0,57.45636559371952,3822433158,warm_cpu_state
1697185531.77,2023-10-13 08:25:31.770,4,1000.0,0,12.49999999996362,0,57.45636559371952,3825145813,warm_cpu_state
1697185532.339,2023-10-13 08:25:32.339,4,1000.0,0,12.49999999996362,0,57.45636559371952,3827872133,warm_cpu_state
1697185532.892,2023-10-13 08:25:32.892,4,1000.0,0,12.49999999996362,0,57.45636559371952,3830760139,warm_cpu_state
1697185533.444,2023-10-13 08:25:33.444,4,1000.0,0,14.000000000050932,0,57.46231837704929,3833474895,warm_cpu_state
1697185533.997,2023-10-13 08:25:33.997,4,1000.0,0,14.000000000050932,0,57.46231837704929,3836039424,warm_cpu_state
1697185534.545,2023-10-13 08:25:34.545,4,1000.0,0,14.000000000050932,0,57.46231837704929,3838561045,warm_cpu_state
1697185535.091,2023-10-13 08:25:35.091,4,1000.0,0,14.000000000050932,0,57.46231837704929,3841316830,warm_cpu_state
1697185535.644,2023-10-13 08:25:35.644,4,1000.0,0,14.000000000050932,0,57.46231837704929,3844025347,warm_cpu_state
1697185536.195,2023-10-13 08:25:36.195,4,1000.0,0,14.000000000050932,0,57.46231837704929,3846805398,warm_cpu_state
1697185536.744,2023-10-13 08:25:36.744,4,1000.0,0,14.000000000050932,0,57.46231837704929,3849612028,warm_cpu_state
1697185537.304,2023-10-13 08:25:37.304,4,1000.0,0,14.000000000050932,0,57.46231837704929,3852211348,warm_cpu_state
1697185537.855,2023-10-13 08:25:37.855,4,1000.0,0,14.000000000050932,0,57.46231837704929,3854807091,warm_cpu_state
1697185538.415,2023-10-13 08:25:38.415,4,1000.0,0,10.799999999981083,0,57.47482931150512,3857520922,warm_cpu_state
1697185538.965,2023-10-13 08:25:38.965,4,1000.0,0,10.799999999981083,0,57.47482931150512,3860034533,warm_cpu_state
1697185539.518,2023-10-13 08:25:39.518,4,1000.0,0,10.799999999981083,0,57.47482931150512,3862352181,warm_cpu_state
1697185540.058,2023-10-13 08:25:40.058,4,1000.0,0,10.799999999981083,0,57.47482931150512,3865090477,warm_cpu_state
1697185540.614,2023-10-13 08:25:40.614,4,1000.0,0,10.799999999981083,0,57.47482931150512,3867392676,warm_cpu_state
1697185541.173,2023-10-13 08:25:41.173,4,1000.0,0,10.799999999981083,0,57.47482931150512,3870110317,warm_cpu_state
1697185541.724,2023-10-13 08:25:41.724,4,1000.0,0,10.799999999981083,0,57.47482931150512,3872606193,warm_cpu_state
1697185542.281,2023-10-13 08:25:42.281,4,1000.0,0,10.799999999981083,0,57.47482931150512,3875133465,warm_cpu_state
1697185542.831,2023-10-13 08:25:42.831,4,1000.0,0,10.799999999981083,0,57.47482931150512,3878144798,warm_cpu_state
1697185543.384,2023-10-13 08:25:43.384,4,1000.0,0,12.000000000007276,0,57.480983884100326,3880796604,warm_cpu_state
1697185543.969,2023-10-13 08:25:43.969,4,1000.0,0,12.000000000007276,0,57.480983884100326,3883694947,warm_cpu_state
1697185544.521,2023-10-13 08:25:44.521,4,1000.0,0,12.000000000007276,0,57.480983884100326,3886457096,warm_cpu_state
1697185545.07,2023-10-13 08:25:45.070,4,1000.0,0,12.000000000007276,0,57.480983884100326,3889198632,warm_cpu_state
1697185545.617,2023-10-13 08:25:45.617,4,1000.0,0,12.000000000007276,0,57.480983884100326,3891719554,warm_cpu_state
1697185546.17,2023-10-13 08:25:46.170,4,1000.0,0,12.000000000007276,0,57.480983884100326,3894488720,warm_cpu_state
1697185546.718,2023-10-13 08:25:46.718,4,1000.0,0,12.000000000007276,0,57.480983884100326,3897430747,warm_cpu_state
1697185547.272,2023-10-13 08:25:47.272,4,1000.0,0,12.000000000007276,0,57.480983884100326,3900115462,warm_cpu_state
1697185547.83,2023-10-13 08:25:47.830,4,1000.0,0,12.000000000007276,0,57.480983884100326,3903125296,warm_cpu_state
1697185548.389,2023-10-13 08:25:48.389,4,1000.0,0,10.999999999985448,0,57.4807820948349,3906231903,warm_cpu_state
1697185548.942,2023-10-13 08:25:48.942,4,1000.0,0,10.999999999985448,0,57.4807820948349,3908967401,warm_cpu_state
1697185549.503,2023-10-13 08:25:49.503,4,1000.0,0,10.999999999985448,0,57.4807820948349,3911691845,warm_cpu_state
1697185550.057,2023-10-13 08:25:50.057,4,1000.0,0,10.999999999985448,0,57.4807820948349,3914425772,warm_cpu_state
1697185550.608,2023-10-13 08:25:50.608,4,1000.0,0,10.999999999985448,0,57.4807820948349,3917136497,warm_cpu_state
1697185551.164,2023-10-13 08:25:51.164,4,1000.0,0,10.999999999985448,0,57.4807820948349,3919860097,warm_cpu_state
1697185551.713,2023-10-13 08:25:51.713,4,1000.0,0,10.999999999985448,0,57.4807820948349,3922357619,warm_cpu_state
